customerID,gender,SeniorCitizen,Partner,Dependents,tenure,PhoneService,MultipleLines,InternetService,OnlineSecurity,OnlineBackup,DeviceProtection,TechSupport,StreamingTV,StreamingMovies,Contract,PaperlessBilling,PaymentMethod,MonthlyCharges,TotalCharges,SupportCalls,Churn
8270-TOK,Male,0,No,Yes,17,Yes,No,No,No internet service,No internet service,No internet service,No internet service,No internet service,No internet service,Month-to-month,No,Credit card (automatic),37.32,625.52,3,Yes
6191-UGZ,Male,0,Yes,No,6,Yes,No,No,No internet service,No internet service,No internet service,No internet service,No internet service,No internet service,One year,Yes,Bank transfer (automatic),42.69,247.48,2,No
1466-WKK,Female,0,No,No,72,Yes,No,No,No internet service,No internet service,No internet service,No internet service,No internet service,No internet service,One year,No,Bank transfer (automatic),37.87,2725.33,3,No
9322-VUB,Male,1,No,Yes,6,Yes,Yes,Fiber optic,No,Yes,No,No,Yes,Yes,One year,Yes,Mailed check,127.71,761.25,1,Yes
7949-BUA,Male,1,No,Yes,21,Yes,Yes,No,No internet service,No internet service,No internet service,No internet service,No internet service,No internet service,Month-to-month,Yes,Mailed check,51.48,1095.11,2,No
5555-ZVL,Female,0,Yes,No,1,Yes,Yes,Fiber optic,No,No,No,No,Yes,Yes,Month-to-month,Yes,Bank transfer (automatic),120.74,127.68,0,Yes
9666-JPO,Male,0,Yes,No,8,Yes,No,No,No internet service,No internet service,No internet service,No internet service,No internet service,No internet service,Month-to-month,No,Electronic check,42.84,339.25,1,Yes
1189-OSL,Female,0,No,No,8,No,No phone service,No,No internet service,No internet service,No internet service,No internet service,No internet service,No internet service,Month-to-month,Yes,Electronic check,18.65,140.79,4,Yes
8734-TYC,Female,0,No,No,34,Yes,Yes,DSL,Yes,Yes,Yes,No,Yes,No,Month-to-month,No,Credit card (automatic),119.98,4087.63,2,No
4556-SGU,Male,0,Yes,No,18,Yes,Yes,No,No internet service,No internet service,No internet service,No internet service,No internet service,No internet service,Month-to-month,Yes,Credit card (automatic),52.05,941.88,0,No
6393-DYN,Male,0,Yes,No,1,Yes,Yes,DSL,Yes,Yes,Yes,No,Yes,No,Month-to-month,Yes,Bank transfer (automatic),114.04,118.22,8,Yes
9433-ZIZ,Male,0,Yes,No,12,Yes,No,Fiber optic,Yes,Yes,Yes,Yes,Yes,Yes,One year,Yes,Bank transfer (automatic),150.49,1817.38,0,No
3612-BTO,Female,1,Yes,Yes,26,Yes,No,DSL,Yes,Yes,No,No,Yes,Yes,Two year,No,Bank transfer (automatic),109.24,2832.99,3,No
8099-GLH,Female,1,Yes,Yes,26,No,No phone service,DSL,Yes,No,No,No,Yes,Yes,Month-to-month,Yes,Mailed check,80.35,2078.54,0,No
9226-NQD,Male,1,Yes,No,2,Yes,Yes,Fiber optic,No,No,No,Yes,Yes,No,Month-to-month,No,Bank transfer (automatic),115.56,242.34,0,Yes
2585-HDB,Female,0,No,No,67,Yes,Yes,No,No internet service,No internet service,No internet service,No internet service,No internet service,No internet service,Two year,No,Mailed check,47.3,3155.01,2,No
2021-FVJ,Male,1,Yes,No,8,Yes,No,DSL,Yes,No,No,Yes,No,No,Month-to-month,Yes,Electronic check,87.05,711.09,3,Yes
4843-VRZ,Male,0,No,Yes,56,Yes,No,Fiber optic,Yes,Yes,No,No,Yes,No,Month-to-month,No,Electronic check,118.01,6601.13,2,No
6675-BJD,Male,0,No,No,7,Yes,No,Fiber optic,No,No,No,No,No,No,One year,No,Electronic check,85.76,601.22,4,Yes
8629-WYH,Male,0,No,Yes,21,Yes,No,No,No internet service,No internet service,No internet service,No internet service,No internet service,No internet service,Month-to-month,Yes,Electronic check,40.3,858.5,2,No
8892-PMR,Female,0,No,Yes,14,Yes,No,Fiber optic,Yes,Yes,Yes,Yes,No,No,Month-to-month,Yes,Mailed check,125.51,1753.98,3,Yes
1878-UXZ,Male,1,No,Yes,22,Yes,No,No,No internet service,No internet service,No internet service,No internet service,No internet service,No internet service,Month-to-month,No,Electronic check,39.71,867.1,3,Yes
5859-MIO,Female,0,No,No,18,Yes,Yes,No,No internet service,No internet service,No internet service,No internet service,No internet service,No internet service,Month-to-month,Yes,Mailed check,50.75,899.16,2,No
1064-YGI,Female,0,No,No,1,Yes,Yes,No,No internet service,No internet service,No internet service,No internet service,No internet service,No internet service,Two year,No,Credit card (automatic),48.84,60.79,1,No
6463-ALH,Female,0,Yes,No,11,Yes,Yes,Fiber optic,No,No,Yes,Yes,No,No,Month-to-month,Yes,Electronic check,117.33,1292.46,3,Yes
6258-SQH,Female,1,Yes,Yes,1,Yes,Yes,DSL,No,Yes,No,No,No,No,One year,Yes,Credit card (automatic),87.28,76.17,3,Yes
6892-JGZ,Female,0,No,No,29,Yes,No,Fiber optic,Yes,No,No,No,Yes,Yes,Month-to-month,No,Credit card (automatic),117.0,3402.07,0,No
7184-GIH,Female,0,No,No,49,Yes,Yes,Fiber optic,No,Yes,No,No,Yes,Yes,Month-to-month,Yes,Electronic check,127.7,6251.6,1,No
4104-PWW,Male,0,No,Yes,13,No,No phone service,No,No internet service,No internet service,No internet service,No internet service,No internet service,No internet service,Two year,No,Mailed check,21.11,259.65,0,No
9996-CLH,Female,0,Yes,No,19,Yes,No,Fiber optic,Yes,No,Yes,No,Yes,Yes,Two year,Yes,Mailed check,127.68,2423.59,0,No
9154-CAC,Male,0,Yes,No,2,Yes,Yes,Fiber optic,Yes,No,Yes,No,No,No,Month-to-month,No,Electronic check,112.47,233.22,0,Yes
9110-NCA,Female,0,Yes,No,13,No,No phone service,DSL,No,Yes,No,Yes,Yes,Yes,Month-to-month,Yes,Electronic check,88.47,1159.32,5,Yes
2028-ZWN,Male,0,Yes,Yes,4,Yes,No,Fiber optic,Yes,No,No,No,Yes,No,Month-to-month,Yes,Mailed check,104.27,416.4,4,Yes
7938-IOO,Male,1,No,No,2,Yes,No,Fiber optic,Yes,No,Yes,Yes,No,No,Month-to-month,No,Mailed check,117.31,247.68,3,Yes
6977-JMS,Female,0,No,Yes,5,Yes,Yes,DSL,No,No,Yes,No,Yes,Yes,One year,No,Mailed check,110.76,568.73,1,No
1863-GQT,Male,0,No,Yes,52,No,No phone service,Fiber optic,No,No,No,No,No,No,Two year,Yes,Bank transfer (automatic),65.57,3397.33,2,No
6116-DEW,Male,0,Yes,No,72,No,No phone service,DSL,No,Yes,No,No,Yes,Yes,Month-to-month,No,Mailed check,78.23,5618.76,1,No
7374-MOK,Female,0,No,No,53,Yes,No,No,No internet service,No internet service,No internet service,No internet service,No internet service,No internet service,Month-to-month,No,Credit card (automatic),37.75,2001.72,2,No
5636-DMG,Female,0,No,No,72,Yes,Yes,DSL,No,No,Yes,Yes,Yes,No,One year,Yes,Bank transfer (automatic),104.73,7543.29,1,No
4157-BJM,Female,0,No,No,33,Yes,No,Fiber optic,Yes,No,Yes,No,No,No,Two year,No,Electronic check,105.41,3464.72,3,No
3693-LLT,Female,0,No,No,5,Yes,No,Fiber optic,No,Yes,No,No,No,Yes,Month-to-month,No,Credit card (automatic),109.38,543.01,1,Yes
6450-ZWY,Female,1,No,No,21,Yes,No,No,No internet service,No internet service,No internet service,No internet service,No internet service,No internet service,Month-to-month,Yes,Credit card (automatic),37.87,800.91,2,No
8392-AYY,Female,0,Yes,No,33,Yes,No,No,No internet service,No internet service,No internet service,No internet service,No internet service,No internet service,One year,Yes,Mailed check,42.55,1399.75,4,No
6864-CGF,Female,0,No,No,19,Yes,Yes,Fiber optic,Yes,Yes,No,Yes,Yes,Yes,Month-to-month,No,Electronic check,151.49,2873.89,2,Yes
6575-IEA,Female,1,No,No,21,Yes,Yes,Fiber optic,No,No,Yes,No,No,Yes,One year,Yes,Bank transfer (automatic),119.36,2516.07,4,Yes
1663-OVX,Male,0,Yes,No,23,Yes,Yes,Fiber optic,Yes,No,Yes,No,Yes,Yes,One year,No,Electronic check,137.35,3145.16,1,No
4304-TQQ,Female,0,No,No,16,Yes,Yes,DSL,No,Yes,No,Yes,No,No,Two year,Yes,Mailed check,97.49,1570.58,3,No
7585-TLG,Male,0,Yes,Yes,9,Yes,No,DSL,No,Yes,No,No,Yes,No,Two year,Yes,Mailed check,86.87,768.1,3,No
8554-QEQ,Female,0,Yes,No,26,Yes,No,No,No internet service,No internet service,No internet service,No internet service,No internet service,No internet service,Two year,Yes,Bank transfer (automatic),39.58,1014.46,3,No
1698-QBB,Female,0,No,Yes,2,Yes,No,Fiber optic,No,No,Yes,No,No,No,Two year,Yes,Electronic check,95.76,188.92,2,No
1854-EAA,Female,0,Yes,Yes,5,Yes,No,No,No internet service,No internet service,No internet service,No internet service,No internet service,No internet service,One year,No,Mailed check,42.59,198.11,1,No
6249-ULZ,Female,0,Yes,No,65,Yes,Yes,No,No internet service,No internet service,No internet service,No internet service,No internet service,No internet service,Month-to-month,Yes,Credit card (automatic),49.82,3227.86,4,No
6791-FWD,Male,0,Yes,No,17,Yes,No,DSL,No,Yes,No,No,No,Yes,Two year,Yes,Credit card (automatic),89.99,1525.27,2,No
4510-KXQ,Male,0,Yes,No,44,Yes,Yes,DSL,No,No,Yes,No,No,No,Two year,Yes,Mailed check,82.47,3624.14,4,No
9958-FXE,Female,0,No,No,33,Yes,Yes,Fiber optic,Yes,No,No,No,No,Yes,Month-to-month,Yes,Credit card (automatic),117.65,3871.23,2,No
3931-BFV,Male,0,No,No,10,Yes,Yes,No,No internet service,No internet service,No internet service,No internet service,No internet service,No internet service,One year,Yes,Electronic check,52.73,534.88,2,No
2930-PPA,Female,1,Yes,No,41,No,No phone service,No,No internet service,No internet service,No internet service,No internet service,No internet service,No internet service,Month-to-month,Yes,Electronic check,21.83,895.33,2,No
5282-FPC,Male,0,No,No,3,Yes,Yes,Fiber optic,No,No,Yes,No,Yes,No,Month-to-month,Yes,Bank transfer (automatic),115.52,353.33,4,Yes
1659-DSZ,Female,0,Yes,No,52,Yes,Yes,No,No internet service,No internet service,No internet service,No internet service,No internet service,No internet service,One year,No,Bank transfer (automatic),49.61,2577.18,2,No
2986-STG,Male,0,No,Yes,29,Yes,Yes,DSL,No,No,No,No,No,No,Month-to-month,Yes,Mailed check,72.46,2087.88,2,No
2843-IAH,Male,0,No,No,66,Yes,No,Fiber optic,No,No,Yes,No,No,No,Month-to-month,Yes,Bank transfer (automatic),97.86,6471.33,1,No
6759-GRH,Male,0,No,Yes,57,Yes,No,DSL,No,No,No,Yes,Yes,Yes,Month-to-month,No,Credit card (automatic),99.9,5683.34,2,No
5736-KYY,Female,0,No,No,12,Yes,No,DSL,No,No,No,No,No,Yes,Month-to-month,Yes,Bank transfer (automatic),76.86,911.61,1,No
6534-JCG,Male,0,No,No,49,Yes,Yes,DSL,No,No,Yes,No,No,No,Month-to-month,Yes,Mailed check,82.22,4022.57,4,No
7287-ZPY,Female,0,No,No,21,Yes,Yes,DSL,Yes,Yes,Yes,No,No,No,Month-to-month,No,Bank transfer (automatic),105.97,2226.34,3,Yes
3049-APL,Male,0,Yes,Yes,5,Yes,Yes,DSL,No,Yes,Yes,No,No,No,One year,No,Mailed check,92.96,459.14,1,Yes
5548-EWI,Female,1,No,No,45,Yes,No,DSL,No,No,No,No,Yes,Yes,One year,No,Bank transfer (automatic),86.49,3896.18,2,No
8400-CSP,Female,0,No,No,60,Yes,No,DSL,No,Yes,No,No,No,No,Month-to-month,Yes,Bank transfer (automatic),72.15,4330.42,3,No
3255-CTX,Female,0,No,Yes,3,Yes,Yes,DSL,Yes,No,No,No,Yes,Yes,Month-to-month,Yes,Credit card (automatic),111.56,339.26,1,No
7197-XAX,Male,1,No,No,67,Yes,No,No,No internet service,No internet service,No internet service,No internet service,No internet service,No internet service,One year,No,Mailed check,41.08,2740.16,1,No
2648-HDF,Male,0,No,No,23,Yes,Yes,DSL,No,Yes,Yes,No,No,No,Month-to-month,Yes,Bank transfer (automatic),93.89,2172.51,1,No
5199-TCP,Female,0,No,No,1,Yes,Yes,Fiber optic,No,Yes,No,Yes,No,No,One year,Yes,Credit card (automatic),112.4,108.8,3,Yes
3557-YCY,Female,0,Yes,Yes,20,No,No phone service,DSL,Yes,Yes,Yes,No,No,No,Month-to-month,Yes,Electronic check,77.1,1548.48,2,No
3961-NRB,Female,0,Yes,No,40,Yes,No,Fiber optic,Yes,Yes,No,No,Yes,No,One year,Yes,Mailed check,118.32,4719.1,1,No
3869-CPI,Male,0,Yes,Yes,20,Yes,Yes,Fiber optic,No,No,Yes,No,No,No,Two year,Yes,Mailed check,105.79,2125.65,2,No
9352-DAN,Male,0,Yes,No,31,Yes,No,Fiber optic,No,No,No,No,Yes,No,Month-to-month,No,Mailed check,98.51,3056.41,1,No
5911-TXH,Male,1,Yes,Yes,53,No,No phone service,Fiber optic,No,No,Yes,No,No,Yes,Month-to-month,Yes,Bank transfer (automatic),89.72,4741.16,3,No
2218-QAP,Male,0,Yes,No,51,Yes,No,DSL,No,No,No,No,No,No,Month-to-month,Yes,Electronic check,62.78,3188.09,1,No
5555-SVW,Male,1,Yes,No,5,No,No phone service,No,No internet service,No internet service,No internet service,No internet service,No internet service,No internet service,Two year,Yes,Credit card (automatic),19.23,90.92,3,No
2045-NFF,Female,0,No,No,14,Yes,Yes,No,No internet service,No internet service,No internet service,No internet service,No internet service,No internet service,Month-to-month,Yes,Mailed check,47.28,654.12,1,No
4436-SVH,Female,0,Yes,Yes,3,No,No phone service,DSL,No,No,No,Yes,No,Yes,One year,No,Credit card (automatic),65.54,210.92,1,No
4354-BUA,Female,0,Yes,Yes,23,Yes,No,No,No internet service,No internet service,No internet service,No internet service,No internet service,No internet service,One year,Yes,Credit card (automatic),38.71,892.11,2,No
8022-AEP,Female,0,No,Yes,72,Yes,Yes,Fiber optic,No,Yes,No,Yes,No,No,One year,Yes,Electronic check,117.09,8425.52,5,No
8683-CQQ,Male,0,No,No,6,Yes,Yes,Fiber optic,No,No,No,No,No,No,One year,Yes,Mailed check,95.65,581.6,0,No
8339-NUF,Male,0,Yes,Yes,13,Yes,Yes,Fiber optic,Yes,No,Yes,No,Yes,No,Month-to-month,Yes,Bank transfer (automatic),124.64,1622.02,5,Yes
2060-XQN,Female,0,Yes,Yes,72,No,No phone service,No,No internet service,No internet service,No internet service,No internet service,No internet service,No internet service,Two year,No,Electronic check,19.64,1411.18,4,No
1606-CAT,Male,0,Yes,Yes,35,Yes,Yes,DSL,No,Yes,Yes,No,No,No,Two year,Yes,Mailed check,94.87,3308.49,1,No
1190-UWA,Female,0,Yes,No,2,Yes,Yes,DSL,No,No,Yes,Yes,Yes,No,Month-to-month,Yes,Mailed check,105.69,198.59,2,Yes
4327-CRY,Male,0,Yes,No,14,Yes,No,DSL,Yes,Yes,Yes,No,No,No,Month-to-month,No,Bank transfer (automatic),97.59,1354.41,1,Yes
6854-VZC,Male,1,No,No,72,Yes,Yes,No,No internet service,No internet service,No internet service,No internet service,No internet service,No internet service,Month-to-month,No,Mailed check,50.53,3632.0,4,No
2895-NXR,Female,0,No,No,16,Yes,Yes,DSL,Yes,Yes,No,Yes,No,No,Two year,Yes,Bank transfer (automatic),104.06,1678.1,1,No
8455-OVW,Female,0,No,Yes,25,Yes,Yes,Fiber optic,Yes,No,Yes,No,Yes,No,Two year,Yes,Mailed check,129.87,3241.49,2,No
4009-JBZ,Female,0,Yes,No,31,Yes,Yes,Fiber optic,Yes,No,Yes,No,No,Yes,Month-to-month,Yes,Mailed check,128.43,3968.74,1,No
1784-HAI,Male,0,Yes,No,28,Yes,No,Fiber optic,Yes,No,No,No,No,No,Month-to-month,Yes,Mailed check,97.29,2730.96,0,No
8343-GJW,Male,0,Yes,No,19,Yes,No,Fiber optic,No,No,Yes,No,No,No,One year,Yes,Electronic check,96.67,1845.7,2,Yes
1537-CRY,Male,0,Yes,No,4,No,No phone service,DSL,No,No,No,No,No,No,Month-to-month,Yes,Electronic check,44.57,172.38,0,No
9716-ZGY,Female,0,No,No,31,Yes,No,DSL,Yes,No,No,No,Yes,No,Month-to-month,Yes,Mailed check,84.5,2627.27,4,No
5780-TAH,Female,0,No,Yes,68,Yes,Yes,DSL,Yes,No,No,No,No,Yes,One year,Yes,Credit card (automatic),97.15,6594.66,2,No
7655-NPN,Female,0,Yes,Yes,72,Yes,No,DSL,No,No,No,No,Yes,No,Month-to-month,Yes,Mailed check,75.91,5470.0,3,No
7002-WOB,Male,0,No,Yes,23,Yes,Yes,Fiber optic,Yes,Yes,No,Yes,Yes,Yes,Month-to-month,Yes,Electronic check,146.25,3368.14,3,Yes
6919-WVS,Male,0,No,Yes,17,Yes,Yes,DSL,No,Yes,No,Yes,No,No,One year,Yes,Electronic check,93.82,1597.57,1,No
4769-VZZ,Female,0,Yes,Yes,11,Yes,No,DSL,Yes,No,Yes,No,Yes,No,Two year,Yes,Bank transfer (automatic),99.57,1084.81,3,No
8509-QTJ,Female,0,Yes,Yes,3,Yes,No,DSL,No,No,No,No,Yes,Yes,Month-to-month,No,Electronic check,86.73,260.58,5,Yes
4854-VKE,Female,0,Yes,Yes,54,Yes,Yes,Fiber optic,No,Yes,No,Yes,Yes,No,Month-to-month,No,Electronic check,127.11,6856.73,0,No
4124-LLE,Male,0,No,Yes,4,Yes,No,DSL,No,Yes,Yes,Yes,No,Yes,Month-to-month,No,Electronic check,104.79,415.18,2,Yes
6222-DFM,Male,0,Yes,Yes,9,Yes,No,DSL,No,No,No,No,Yes,No,Month-to-month,Yes,Bank transfer (automatic),75.12,687.05,2,Yes
8027-OCW,Female,0,Yes,Yes,34,Yes,No,No,No internet service,No internet service,No internet service,No internet service,No internet service,No internet service,Month-to-month,Yes,Credit card (automatic),39.7,1342.06,2,No
8079-TPM,Female,0,No,No,31,Yes,Yes,DSL,No,No,Yes,No,No,Yes,Month-to-month,No,Electronic check,98.72,3052.76,4,Yes
5465-JSQ,Female,0,Yes,No,29,Yes,Yes,DSL,Yes,No,No,No,Yes,Yes,Month-to-month,Yes,Credit card (automatic),111.99,3245.81,4,Yes
9311-SZW,Male,0,Yes,No,34,Yes,Yes,Fiber optic,No,No,No,No,Yes,No,Month-to-month,Yes,Electronic check,104.61,3549.17,3,Yes
9932-ZUW,Male,0,No,No,20,Yes,No,Fiber optic,No,Yes,No,No,Yes,No,Month-to-month,No,Mailed check,105.07,2105.25,2,Yes
2150-ILU,Male,0,No,No,5,Yes,No,No,No internet service,No internet service,No internet service,No internet service,No internet service,No internet service,One year,Yes,Mailed check,39.92,199.36,3,No
2664-ZZA,Female,0,Yes,No,72,Yes,Yes,No,No internet service,No internet service,No internet service,No internet service,No internet service,No internet service,One year,No,Electronic check,49.2,3550.69,1,No
8805-VPY,Female,0,Yes,Yes,56,Yes,Yes,Fiber optic,Yes,Yes,No,Yes,Yes,No,Two year,Yes,Electronic check,137.5,7709.95,3,No
8404-UAP,Female,0,No,No,15,No,No phone service,DSL,No,No,Yes,No,Yes,No,Month-to-month,No,Bank transfer (automatic),67.67,1016.16,2,Yes
5070-EVW,Female,0,No,No,19,Yes,No,Fiber optic,Yes,No,Yes,No,Yes,No,Month-to-month,Yes,Electronic check,115.95,2200.42,3,Yes
9130-LZP,Female,0,No,No,13,Yes,No,DSL,Yes,No,No,No,Yes,No,Month-to-month,Yes,Mailed check,89.4,1165.38,3,Yes
4506-EVY,Female,0,Yes,Yes,26,Yes,No,No,No internet service,No internet service,No internet service,No internet service,No internet service,No internet service,Month-to-month,Yes,Bank transfer (automatic),38.9,1011.9,2,No
6188-OQN,Female,0,No,No,33,Yes,No,Fiber optic,No,No,No,No,No,No,One year,Yes,Electronic check,82.63,2722.89,1,No
7617-PUG,Female,0,Yes,Yes,7,No,No phone service,Fiber optic,Yes,No,No,Yes,No,No,Month-to-month,No,Credit card (automatic),83.93,585.49,2,No
8421-EWZ,Female,0,No,No,15,Yes,Yes,Fiber optic,No,No,No,Yes,Yes,No,One year,No,Electronic check,116.17,1752.89,0,No
7665-VED,Female,0,Yes,Yes,26,Yes,No,Fiber optic,Yes,No,Yes,Yes,Yes,Yes,Month-to-month,Yes,Credit card (automatic),138.89,3615.39,2,Yes
3849-TJZ,Female,0,Yes,No,72,Yes,Yes,Fiber optic,No,No,Yes,No,Yes,Yes,Month-to-month,Yes,Credit card (automatic),130.8,9421.8,0,No
3489-AXE,Male,0,Yes,Yes,10,Yes,No,DSL,No,No,No,Yes,No,No,One year,No,Electronic check,77.87,785.21,2,No
5611-PXP,Female,0,Yes,No,35,Yes,No,Fiber optic,No,Yes,No,No,No,No,Two year,Yes,Electronic check,92.19,3241.49,2,No
6878-BQT,Female,0,Yes,Yes,11,Yes,Yes,No,No internet service,No internet service,No internet service,No internet service,No internet service,No internet service,Two year,Yes,Electronic check,51.18,563.49,1,No
2687-LRC,Male,0,Yes,No,3,Yes,Yes,DSL,No,Yes,No,Yes,Yes,No,Month-to-month,Yes,Bank transfer (automatic),104.8,317.74,1,Yes
3427-AAS,Female,0,Yes,No,37,Yes,No,No,No internet service,No internet service,No internet service,No internet service,No internet service,No internet service,Two year,Yes,Mailed check,42.66,1577.59,3,No
6732-LCA,Male,0,Yes,No,27,No,No phone service,No,No internet service,No internet service,No internet service,No internet service,No internet service,No internet service,Month-to-month,Yes,Electronic check,22.77,610.12,2,No
6536-HJK,Male,1,No,Yes,19,Yes,Yes,No,No internet service,No internet service,No internet service,No internet service,No internet service,No internet service,One year,No,Electronic check,49.31,942.46,1,No
8723-MLN,Female,0,Yes,No,29,Yes,Yes,No,No internet service,No internet service,No internet service,No internet service,No internet service,No internet service,Month-to-month,No,Mailed check,48.17,1402.68,1,No
9945-CWQ,Female,0,No,No,53,Yes,Yes,No,No internet service,No internet service,No internet service,No internet service,No internet service,No internet service,Two year,No,Electronic check,47.86,2539.03,3,No
9967-ZJZ,Male,0,No,No,36,Yes,No,DSL,Yes,Yes,Yes,Yes,No,Yes,One year,No,Bank transfer (automatic),117.39,4213.34,1,No
1417-SIG,Female,0,Yes,No,49,Yes,No,Fiber optic,Yes,Yes,No,No,No,Yes,Two year,Yes,Credit card (automatic),115.81,5660.12,1,No
4267-ZUR,Female,1,Yes,Yes,9,Yes,No,Fiber optic,No,No,No,No,Yes,No,Month-to-month,Yes,Mailed check,95.81,871.57,2,Yes
1412-XDY,Female,0,No,Yes,41,Yes,No,DSL,No,No,No,No,No,No,One year,Yes,Credit card (automatic),65.82,2686.9,4,No
8164-YDJ,Male,0,Yes,No,12,Yes,No,No,No internet service,No internet service,No internet service,No internet service,No internet service,No internet service,Month-to-month,Yes,Electronic check,40.84,486.59,3,Yes
6988-IXC,Male,0,Yes,No,1,Yes,No,Fiber optic,No,Yes,Yes,Yes,Yes,Yes,One year,Yes,Electronic check,141.72,133.54,0,Yes
2122-PDR,Female,0,Yes,No,2,Yes,No,Fiber optic,Yes,No,Yes,No,No,No,Month-to-month,Yes,Electronic check,103.33,215.95,2,Yes
6104-GXW,Female,0,Yes,No,33,No,No phone service,No,No internet service,No internet service,No internet service,No internet service,No internet service,No internet service,Month-to-month,Yes,Electronic check,18.5,600.09,2,No
8357-ELQ,Male,0,Yes,No,8,Yes,No,DSL,No,No,Yes,Yes,Yes,No,One year,Yes,Electronic check,94.8,756.09,2,No
4766-MWY,Male,0,No,No,10,Yes,No,DSL,No,No,Yes,Yes,No,Yes,One year,Yes,Bank transfer (automatic),96.4,976.8,3,No
3914-IQQ,Female,0,No,No,25,Yes,Yes,DSL,Yes,No,No,Yes,Yes,No,Two year,Yes,Credit card (automatic),107.85,2709.53,3,No
9787-PYV,Female,0,No,No,34,Yes,No,DSL,No,No,Yes,Yes,No,Yes,Two year,No,Mailed check,98.42,3348.18,1,No
5492-SQD,Female,1,Yes,No,21,Yes,No,DSL,No,No,Yes,Yes,Yes,No,Month-to-month,Yes,Bank transfer (automatic),94.05,1981.48,1,No
1395-ISL,Male,0,No,No,31,Yes,Yes,Fiber optic,No,No,Yes,No,No,No,Month-to-month,No,Electronic check,102.33,3158.7,2,Yes
5360-GNT,Male,0,No,No,71,Yes,Yes,DSL,No,No,No,No,No,Yes,One year,Yes,Bank transfer (automatic),88.12,6245.73,1,No
5946-ZOP,Female,1,No,No,49,Yes,Yes,No,No internet service,No internet service,No internet service,No internet service,No internet service,No internet service,Two year,Yes,Electronic check,47.59,2321.17,0,No
5980-ECL,Male,1,No,No,7,Yes,Yes,No,No internet service,No internet service,No internet service,No internet service,No internet service,No internet service,Month-to-month,Yes,Electronic check,48.87,351.83,1,Yes
8192-TUD,Female,0,Yes,No,60,Yes,Yes,DSL,No,No,No,Yes,No,Yes,Month-to-month,Yes,Mailed check,94.01,5649.81,2,No
4636-WPY,Female,0,No,Yes,9,Yes,No,No,No internet service,No internet service,No internet service,No internet service,No internet service,No internet service,Two year,Yes,Electronic check,37.35,334.1,4,No
2062-MUJ,Female,0,No,No,28,Yes,Yes,DSL,Yes,Yes,No,No,No,No,Two year,No,Credit card (automatic),96.66,2708.16,3,No
6305-GNZ,Female,0,No,Yes,52,Yes,No,DSL,No,No,Yes,No,Yes,No,Month-to-month,No,Mailed check,88.71,4609.26,2,No
8330-WKK,Female,1,Yes,No,25,Yes,Yes,Fiber optic,No,No,Yes,Yes,No,Yes,Two year,Yes,Electronic check,129.81,3245.72,3,No
7801-OLI,Male,0,No,No,42,Yes,No,No,No internet service,No internet service,No internet service,No internet service,No internet service,No internet service,One year,Yes,Electronic check,38.1,1586.06,3,No
8241-ZLQ,Male,0,Yes,Yes,66,No,No phone service,No,No internet service,No internet service,No internet service,No internet service,No internet service,No internet service,Month-to-month,Yes,Electronic check,22.3,1474.02,2,No
2542-NMH,Female,1,Yes,No,72,Yes,No,Fiber optic,No,No,No,No,No,Yes,Month-to-month,Yes,Bank transfer (automatic),95.32,6864.81,3,No
7313-IRZ,Male,0,No,No,14,Yes,No,Fiber optic,Yes,No,Yes,No,Yes,No,Month-to-month,No,Credit card (automatic),116.74,1630.58,3,Yes
2540-EFS,Female,1,No,No,72,Yes,No,Fiber optic,No,No,No,No,No,No,Month-to-month,Yes,Bank transfer (automatic),86.17,6213.37,2,No
2365-TQG,Male,1,No,Yes,8,Yes,No,Fiber optic,No,No,No,No,No,No,Month-to-month,Yes,Mailed check,84.36,678.26,3,Yes
5312-MDD,Male,0,Yes,No,16,Yes,No,Fiber optic,No,No,Yes,No,No,Yes,Two year,Yes,Electronic check,105.16,1681.54,1,No
4141-SLV,Male,0,Yes,No,36,Yes,No,DSL,No,Yes,No,Yes,No,Yes,Month-to-month,Yes,Mailed check,96.4,3466.27,2,No
5186-JZS,Male,0,No,Yes,72,No,No phone service,DSL,Yes,No,Yes,No,No,No,Month-to-month,No,Electronic check,63.27,4548.79,3,No
5268-MRZ,Female,1,Yes,No,2,Yes,No,No,No internet service,No internet service,No internet service,No internet service,No internet service,No internet service,Month-to-month,Yes,Mailed check,37.85,84.7,1,Yes
7619-HIG,Male,1,No,No,72,Yes,No,Fiber optic,No,No,Yes,Yes,No,No,Two year,No,Electronic check,107.78,7762.71,2,No
4072-CMY,Male,0,Yes,Yes,72,Yes,No,DSL,Yes,Yes,Yes,No,No,No,Month-to-month,No,Credit card (automatic),96.6,6945.35,4,No
2214-QYX,Male,0,Yes,No,61,Yes,No,No,No internet service,No internet service,No internet service,No internet service,No internet service,No internet service,Two year,Yes,Bank transfer (automatic),37.68,2289.72,2,No
1928-FUF,Male,0,No,No,3,Yes,Yes,No,No internet service,No internet service,No internet service,No internet service,No internet service,No internet service,Two year,No,Mailed check,47.34,145.44,0,No
3105-LMM,Male,0,Yes,Yes,46,Yes,Yes,No,No internet service,No internet service,No internet service,No internet service,No internet service,No internet service,Two year,Yes,Mailed check,50.28,2301.42,3,No
2852-OUP,Male,0,No,Yes,26,Yes,Yes,DSL,Yes,No,Yes,No,Yes,No,Two year,Yes,Bank transfer (automatic),108.36,2822.1,2,No
6348-DCS,Male,0,Yes,No,1,No,No phone service,Fiber optic,No,Yes,No,Yes,No,Yes,Two year,Yes,Mailed check,96.53,111.52,1,No
7190-IQN,Male,0,Yes,No,72,Yes,Yes,No,No internet service,No internet service,No internet service,No internet service,No internet service,No internet service,One year,Yes,Bank transfer (automatic),50.27,3634.22,1,No
4486-AUV,Female,0,No,No,5,Yes,No,Fiber optic,No,No,No,No,No,Yes,Two year,Yes,Credit card (automatic),98.69,507.04,2,No
9053-CPW,Female,1,Yes,No,13,Yes,Yes,Fiber optic,No,Yes,No,Yes,No,Yes,Two year,No,Credit card (automatic),128.8,1664.62,2,No
9120-KLJ,Female,0,No,No,1,Yes,No,DSL,Yes,Yes,No,No,Yes,Yes,One year,No,Mailed check,110.92,108.05,2,No
6063-FLX,Male,0,No,Yes,10,Yes,Yes,Fiber optic,No,Yes,No,No,No,Yes,Two year,Yes,Bank transfer (automatic),119.43,1198.54,1,No
1667-UHZ,Female,0,No,No,22,Yes,Yes,Fiber optic,No,No,No,No,Yes,No,Two year,No,Bank transfer (automatic),107.31,2365.15,0,No
7819-ZHZ,Female,1,No,No,67,Yes,No,Fiber optic,No,No,No,No,Yes,No,Month-to-month,No,Mailed check,99.95,6690.54,1,No
8483-REI,Female,0,No,No,72,Yes,Yes,No,No internet service,No internet service,No internet service,No internet service,No internet service,No internet service,Month-to-month,Yes,Credit card (automatic),50.14,3595.21,1,No
5835-VQI,Male,0,No,Yes,14,No,No phone service,DSL,Yes,No,No,Yes,Yes,Yes,Month-to-month,Yes,Mailed check,89.46,1247.05,3,No
7132-TMP,Female,0,Yes,No,14,Yes,Yes,Fiber optic,Yes,No,No,No,No,No,Two year,Yes,Credit card (automatic),104.02,1463.18,2,No
1924-MNC,Female,0,No,No,5,Yes,No,Fiber optic,No,Yes,No,No,No,No,Month-to-month,No,Credit card (automatic),94.73,471.44,4,Yes
4324-FRS,Female,0,No,Yes,18,Yes,No,Fiber optic,No,No,Yes,No,No,No,One year,No,Mailed check,93.35,1688.93,2,Yes
1255-EOY,Female,0,Yes,No,71,Yes,No,DSL,No,No,No,Yes,No,No,Month-to-month,Yes,Bank transfer (automatic),77.34,5506.01,2,No
1009-XRM,Female,0,Yes,No,5,Yes,Yes,Fiber optic,No,No,Yes,No,Yes,Yes,Month-to-month,Yes,Bank transfer (automatic),128.53,643.07,2,Yes
6124-WXA,Female,0,Yes,Yes,8,No,No phone service,DSL,Yes,No,No,Yes,Yes,No,Month-to-month,Yes,Mailed check,78.21,627.13,3,No
3193-OQK,Female,0,Yes,No,56,Yes,Yes,Fiber optic,No,Yes,No,No,No,Yes,Month-to-month,No,Bank transfer (automatic),118.0,6620.75,3,No
8449-YVQ,Male,0,Yes,No,25,No,No phone service,DSL,No,No,Yes,Yes,Yes,Yes,Month-to-month,No,Electronic check,89.15,2239.97,2,No
5000-BIC,Female,0,No,Yes,11,Yes,No,Fiber optic,No,Yes,Yes,No,No,No,One year,Yes,Electronic check,107.48,1170.17,2,Yes
9702-AUP,Female,0,Yes,No,42,Yes,No,No,No internet service,No internet service,No internet service,No internet service,No internet service,No internet service,Month-to-month,No,Bank transfer (automatic),41.16,1720.08,3,No
3000-EEF,Male,0,No,Yes,3,Yes,Yes,No,No internet service,No internet service,No internet service,No internet service,No internet service,No internet service,One year,No,Mailed check,50.46,139.01,1,No
2460-WEU,Male,0,No,Yes,49,Yes,Yes,No,No internet service,No internet service,No internet service,No internet service,No internet service,No internet service,Two year,Yes,Mailed check,52.55,2562.1,3,No
5809-JSQ,Male,0,Yes,Yes,19,Yes,No,Fiber optic,No,Yes,No,Yes,Yes,Yes,Month-to-month,Yes,Electronic check,131.55,2502.78,0,No
8245-INA,Male,0,Yes,Yes,36,Yes,No,DSL,No,No,No,Yes,Yes,No,Two year,No,Credit card (automatic),86.23,3091.07,1,No
5780-MDA,Male,0,Yes,No,19,Yes,No,No,No internet service,No internet service,No internet service,No internet service,No internet service,No internet service,Month-to-month,No,Electronic check,40.38,768.29,2,Yes
5976-HBH,Female,1,No,No,8,Yes,No,Fiber optic,No,No,No,Yes,No,Yes,Month-to-month,No,Bank transfer (automatic),108.93,878.78,2,Yes
1249-BVV,Female,0,No,No,26,Yes,No,Fiber optic,Yes,No,No,Yes,No,No,One year,No,Credit card (automatic),106.52,2768.34,4,No
1770-RLA,Female,0,Yes,Yes,5,No,No phone service,DSL,No,Yes,Yes,Yes,Yes,Yes,Month-to-month,No,Mailed check,99.05,504.99,2,Yes
2077-LEY,Male,0,Yes,No,7,Yes,No,DSL,No,Yes,No,No,No,Yes,Month-to-month,No,Bank transfer (automatic),89.59,638.62,2,Yes
7544-POW,Female,0,Yes,No,20,Yes,No,DSL,No,Yes,No,No,No,No,Month-to-month,Yes,Mailed check,74.43,1474.38,4,Yes
2252-UNB,Female,0,No,Yes,13,Yes,Yes,Fiber optic,No,Yes,No,Yes,No,No,One year,Yes,Bank transfer (automatic),112.05,1445.05,3,Yes
5530-GFB,Male,0,Yes,No,35,Yes,Yes,No,No internet service,No internet service,No internet service,No internet service,No internet service,No internet service,Month-to-month,Yes,Mailed check,52.64,1854.73,1,No
7949-RBR,Male,0,No,No,22,Yes,No,Fiber optic,Yes,Yes,Yes,No,No,Yes,Month-to-month,Yes,Mailed check,124.53,2744.33,3,Yes
7941-OSB,Female,0,No,No,13,Yes,No,Fiber optic,Yes,Yes,No,No,No,No,Two year,No,Credit card (automatic),106.91,1397.64,1,No
2331-YFA,Male,1,Yes,Yes,10,Yes,No,Fiber optic,Yes,No,No,Yes,No,No,Month-to-month,Yes,Mailed check,106.84,1069.56,2,Yes
6115-WJS,Female,0,No,No,62,Yes,Yes,DSL,Yes,No,Yes,No,No,No,One year,No,Mailed check,95.28,5907.55,3,No
3180-DJX,Male,1,Yes,Yes,2,Yes,No,DSL,No,Yes,No,Yes,No,No,Two year,Yes,Electronic check,87.93,171.63,2,No
4472-JQT,Female,0,Yes,Yes,30,Yes,No,No,No internet service,No internet service,No internet service,No internet service,No internet service,No internet service,One year,Yes,Credit card (automatic),40.22,1217.4,0,No
5164-BFU,Female,0,Yes,No,13,Yes,Yes,No,No internet service,No internet service,No internet service,No internet service,No internet service,No internet service,One year,No,Bank transfer (automatic),50.38,663.38,1,No
6569-MKK,Female,0,Yes,No,12,Yes,Yes,Fiber optic,No,No,No,No,Yes,No,Two year,Yes,Bank transfer (automatic),105.03,1250.53,7,Yes
2906-OYW,Male,1,Yes,Yes,27,Yes,Yes,DSL,No,No,No,No,No,No,Month-to-month,Yes,Credit card (automatic),72.74,1954.53,3,No
8350-PKV,Male,0,No,Yes,48,No,No phone service,DSL,No,No,Yes,No,No,No,Month-to-month,Yes,Electronic check,54.15,2591.3,3,No
7031-HDH,Male,0,No,No,33,Yes,No,No,No internet service,No internet service,No internet service,No internet service,No internet service,No internet service,Month-to-month,Yes,Electronic check,41.82,1395.02,1,No
9472-CCR,Male,0,No,No,28,Yes,No,DSL,No,Yes,No,Yes,Yes,No,One year,No,Credit card (automatic),96.95,2715.96,3,No
7777-SSU,Female,1,Yes,No,18,Yes,Yes,Fiber optic,No,Yes,Yes,No,No,Yes,Month-to-month,No,Electronic check,128.96,2321.57,1,Yes
6124-RJV,Female,0,No,Yes,16,Yes,Yes,Fiber optic,Yes,No,Yes,Yes,Yes,Yes,Month-to-month,Yes,Credit card (automatic),147.67,2371.93,1,Yes
7981-AEI,Female,0,Yes,No,16,Yes,No,Fiber optic,No,Yes,No,No,Yes,No,Month-to-month,Yes,Credit card (automatic),105.22,1679.31,2,Yes
1523-ZNB,Female,1,Yes,No,4,Yes,No,DSL,No,No,Yes,No,No,No,Month-to-month,Yes,Mailed check,74.08,294.48,3,Yes
8240-ZYO,Male,1,Yes,No,21,Yes,No,DSL,No,Yes,Yes,No,No,Yes,Month-to-month,No,Electronic check,99.03,2078.88,3,Yes
6240-VOX,Male,0,No,No,10,Yes,No,DSL,No,No,No,Yes,No,No,One year,Yes,Electronic check,76.23,766.07,0,No
7493-KPQ,Male,1,Yes,Yes,25,Yes,No,Fiber optic,No,Yes,No,Yes,Yes,No,One year,Yes,Electronic check,118.22,2944.12,5,Yes
2276-TOO,Male,0,No,Yes,20,Yes,Yes,Fiber optic,Yes,Yes,No,No,No,Yes,Month-to-month,No,Bank transfer (automatic),127.89,2549.55,1,Yes
1638-XVN,Female,0,Yes,No,71,Yes,Yes,No,No internet service,No internet service,No internet service,No internet service,No internet service,No internet service,Month-to-month,Yes,Mailed check,48.61,3457.1,0,No
9150-NXB,Male,0,No,Yes,15,No,No phone service,Fiber optic,No,Yes,No,No,Yes,Yes,Two year,Yes,Credit card (automatic),101.25,1505.44,0,No
1364-ZNX,Male,0,No,No,28,No,No phone service,Fiber optic,No,No,No,No,No,No,One year,Yes,Mailed check,64.72,1812.69,1,No
6126-COW,Male,0,No,Yes,23,Yes,Yes,Fiber optic,No,Yes,Yes,Yes,Yes,No,Month-to-month,No,Electronic check,135.52,3125.41,3,Yes
3797-KOM,Female,0,No,No,29,Yes,No,Fiber optic,No,No,No,Yes,Yes,No,One year,Yes,Electronic check,104.58,3020.15,7,Yes
4345-ZFC,Female,0,No,Yes,8,Yes,No,No,No internet service,No internet service,No internet service,No internet service,No internet service,No internet service,Month-to-month,No,Mailed check,42.92,356.69,2,Yes
2906-OYW,Female,0,Yes,Yes,8,No,No phone service,Fiber optic,No,No,No,No,No,Yes,Month-to-month,Yes,Bank transfer (automatic),76.42,604.14,0,Yes
9905-GYQ,Male,1,No,No,21,Yes,Yes,Fiber optic,Yes,Yes,No,No,Yes,No,Two year,No,Electronic check,128.21,2687.98,0,No
7229-ZLY,Female,0,Yes,No,48,Yes,Yes,No,No internet service,No internet service,No internet service,No internet service,No internet service,No internet service,Month-to-month,Yes,Electronic check,52.58,2519.56,2,No
7288-MTY,Female,0,No,No,32,Yes,Yes,Fiber optic,No,No,No,Yes,No,No,Month-to-month,Yes,Credit card (automatic),102.19,3263.48,2,Yes
8561-CIM,Female,0,No,No,17,No,No phone service,DSL,No,No,Yes,Yes,Yes,Yes,Two year,Yes,Credit card (automatic),91.38,1556.96,3,No
7371-OVB,Female,0,Yes,No,8,No,No phone service,DSL,No,Yes,No,No,No,No,Month-to-month,Yes,Electronic check,57.46,466.57,0,No
8943-HQL,Female,0,No,No,36,Yes,Yes,Fiber optic,Yes,No,No,No,Yes,Yes,Month-to-month,Yes,Bank transfer (automatic),127.31,4587.97,2,No
7738-JIE,Female,0,Yes,No,66,Yes,No,Fiber optic,No,Yes,No,Yes,Yes,Yes,Month-to-month,Yes,Mailed check,127.99,8449.88,2,No
3739-ZBX,Male,0,Yes,No,6,Yes,No,No,No internet service,No internet service,No internet service,No internet service,No internet service,No internet service,One year,No,Bank transfer (automatic),42.3,248.78,2,No
1876-FEY,Male,1,No,No,41,Yes,Yes,DSL,Yes,No,No,No,No,Yes,Two year,No,Electronic check,96.98,3965.99,2,No
2460-VUF,Female,0,Yes,No,5,Yes,No,DSL,No,No,Yes,No,No,Yes,Month-to-month,Yes,Mailed check,88.96,437.25,2,Yes
2605-WPD,Male,0,No,No,58,Yes,Yes,DSL,No,No,No,No,No,Yes,One year,No,Mailed check,84.04,4864.08,1,No
7986-XWI,Female,1,Yes,No,26,Yes,No,No,No internet service,No internet service,No internet service,No internet service,No internet service,No internet service,Month-to-month,No,Electronic check,39.88,1026.22,4,Yes
9434-HED,Male,0,No,No,5,Yes,No,DSL,Yes,No,Yes,Yes,Yes,Yes,Month-to-month,Yes,Credit card (automatic),119.18,585.58,2,Yes
6342-FBT,Female,0,No,No,1,Yes,Yes,No,No internet service,No internet service,No internet service,No internet service,No internet service,No internet service,Two year,No,Electronic check,50.78,50.35,5,Yes
9195-OFV,Male,0,No,No,30,Yes,No,Fiber optic,No,No,No,No,No,No,Month-to-month,Yes,Electronic check,84.42,2540.3,1,No
3551-FSY,Female,0,Yes,No,24,Yes,No,DSL,Yes,No,Yes,No,Yes,No,One year,Yes,Mailed check,94.1,2262.26,1,No
5289-OKH,Female,0,Yes,No,24,Yes,Yes,DSL,No,Yes,Yes,No,No,Yes,Month-to-month,Yes,Electronic check,107.03,2583.54,3,Yes
7316-LEF,Male,0,No,No,17,Yes,Yes,DSL,No,No,No,No,No,Yes,Two year,Yes,Credit card (automatic),87.35,1483.87,1,No
9915-ATQ,Female,0,No,No,24,Yes,No,DSL,Yes,No,No,No,No,No,One year,Yes,Electronic check,74.16,1769.78,4,No
7283-OAZ,Male,1,Yes,Yes,52,Yes,No,No,No internet service,No internet service,No internet service,No internet service,No internet service,No internet service,Month-to-month,No,Bank transfer (automatic),42.43,2195.6,1,No
2828-KDM,Female,0,No,No,72,Yes,No,Fiber optic,No,Yes,No,No,No,No,Month-to-month,No,Mailed check,93.77,6737.1,4,No
3026-CAF,Female,0,No,No,11,Yes,No,DSL,Yes,No,Yes,Yes,Yes,Yes,Month-to-month,No,Electronic check,116.26,1282.06,3,Yes
1009-EWJ,Female,0,No,Yes,17,Yes,Yes,Fiber optic,No,No,Yes,No,Yes,No,One year,Yes,Credit card (automatic),119.12,2010.98,2,No
3219-BMH,Female,0,No,Yes,8,Yes,No,No,No internet service,No internet service,No internet service,No internet service,No internet service,No internet service,Two year,No,Mailed check,42.96,356.03,0,No
2619-AEI,Male,0,No,No,14,No,No phone service,Fiber optic,No,No,Yes,No,No,Yes,Month-to-month,Yes,Bank transfer (automatic),88.9,1253.15,2,Yes
3832-IKO,Male,1,Yes,Yes,40,Yes,Yes,Fiber optic,No,Yes,Yes,Yes,Yes,No,Two year,Yes,Credit card (automatic),135.28,5423.93,2,No
4490-QEL,Male,0,No,No,14,Yes,Yes,Fiber optic,No,No,Yes,No,No,Yes,Two year,Yes,Mailed check,115.1,1612.17,1,No
2908-XKI,Male,0,No,No,13,Yes,No,DSL,No,No,No,Yes,Yes,No,Month-to-month,No,Electronic check,84.52,1103.51,4,Yes
3635-CCA,Male,1,Yes,Yes,48,Yes,Yes,No,No internet service,No internet service,No internet service,No internet service,No internet service,No internet service,Month-to-month,Yes,Electronic check,52.28,2497.61,4,No
6415-VHK,Female,0,Yes,Yes,1,Yes,No,Fiber optic,No,No,No,No,No,No,Two year,No,Credit card (automatic),86.46,72.66,4,Yes
7413-CUE,Female,0,Yes,No,48,Yes,No,DSL,No,No,Yes,Yes,Yes,No,Month-to-month,Yes,Credit card (automatic),99.61,4794.19,1,No
3898-NZD,Male,1,No,Yes,6,No,No phone service,No,No internet service,No internet service,No internet service,No internet service,No internet service,No internet service,Month-to-month,Yes,Electronic check,20.96,114.45,2,No
1600-MJY,Female,0,No,No,9,No,No phone service,Fiber optic,No,No,Yes,No,No,No,One year,Yes,Bank transfer (automatic),72.26,639.31,3,No
7943-SFA,Male,0,No,Yes,12,No,No phone service,DSL,No,No,No,Yes,No,No,Month-to-month,Yes,Bank transfer (automatic),53.9,652.59,4,No
6142-OAY,Female,0,No,No,54,Yes,No,DSL,No,Yes,No,Yes,No,No,One year,Yes,Electronic check,85.64,4623.19,1,No
3192-AOW,Male,0,Yes,Yes,60,Yes,Yes,Fiber optic,Yes,No,No,No,No,Yes,Two year,No,Bank transfer (automatic),117.0,7029.56,1,No
5033-NUH,Female,0,No,No,28,Yes,No,Fiber optic,No,Yes,No,No,Yes,No,Month-to-month,Yes,Mailed check,104.53,2922.62,1,No
5018-GSF,Female,0,No,No,15,Yes,Yes,DSL,No,No,Yes,No,No,Yes,Month-to-month,Yes,Electronic check,94.18,1403.77,1,No
6765-CGS,Male,1,Yes,No,19,Yes,Yes,Fiber optic,No,No,No,No,No,Yes,Month-to-month,Yes,Bank transfer (automatic),105.73,2010.41,1,Yes
9135-JTO,Female,0,No,No,22,Yes,No,DSL,No,No,No,No,No,Yes,One year,Yes,Electronic check,78.12,1725.66,1,No
6742-ATG,Male,1,Yes,No,72,Yes,Yes,DSL,No,No,Yes,No,No,Yes,Month-to-month,Yes,Electronic check,99.67,7166.64,1,No
1922-DFY,Female,0,Yes,No,72,Yes,No,No,No internet service,No internet service,No internet service,No internet service,No internet service,No internet service,Month-to-month,Yes,Mailed check,40.93,2959.63,1,No
2120-EWA,Male,0,Yes,No,47,Yes,No,DSL,No,No,No,No,Yes,No,Month-to-month,No,Bank transfer (automatic),74.18,3477.27,3,No
6373-DVB,Female,0,No,Yes,22,Yes,Yes,Fiber optic,No,No,No,Yes,No,No,Month-to-month,Yes,Mailed check,107.05,2368.75,2,Yes
5612-JAV,Male,0,No,No,13,Yes,No,DSL,No,No,No,Yes,No,No,One year,No,Credit card (automatic),72.37,930.16,2,No
7028-ODM,Female,0,No,No,7,Yes,Yes,DSL,No,Yes,Yes,No,No,Yes,One year,Yes,Credit card (automatic),108.33,747.17,3,Yes
7359-TXO,Female,0,No,Yes,20,Yes,No,DSL,No,No,No,No,Yes,No,Month-to-month,Yes,Mailed check,76.68,1524.17,0,No
4228-HEO,Male,0,Yes,No,11,Yes,Yes,Fiber optic,No,No,No,No,No,Yes,Month-to-month,Yes,Electronic check,105.53,1156.97,1,Yes
3371-LMB,Male,0,Yes,No,2,Yes,No,DSL,Yes,No,No,No,No,No,One year,Yes,Credit card (automatic),75.92,151.45,1,No
1094-SSD,Male,1,Yes,No,17,Yes,No,DSL,No,No,Yes,No,Yes,Yes,One year,Yes,Mailed check,100.23,1707.6,2,No
1793-KET,Male,1,Yes,Yes,22,Yes,No,Fiber optic,Yes,No,No,No,No,No,One year,No,Electronic check,95.07,2085.77,1,No
7166-OZN,Female,0,No,Yes,24,Yes,Yes,DSL,Yes,No,Yes,Yes,Yes,No,Month-to-month,No,Credit card (automatic),118.79,2850.51,0,No
9554-LZM,Female,0,No,Yes,2,Yes,No,Fiber optic,Yes,No,No,No,Yes,Yes,Month-to-month,No,Mailed check,117.43,224.08,5,Yes
8783-RYA,Female,0,Yes,No,17,Yes,No,Fiber optic,No,Yes,No,Yes,No,Yes,Month-to-month,No,Credit card (automatic),116.02,1975.97,2,Yes
8790-HKL,Female,0,Yes,No,27,Yes,No,No,No internet service,No internet service,No internet service,No internet service,No internet service,No internet service,Month-to-month,No,Electronic check,40.88,1117.36,3,No
8147-DPD,Female,0,No,No,72,Yes,No,Fiber optic,No,No,No,Yes,No,No,Two year,Yes,Electronic check,94.85,6825.8,2,No
4876-HJQ,Male,0,No,No,1,Yes,Yes,Fiber optic,No,Yes,Yes,No,No,No,Month-to-month,No,Mailed check,112.48,114.51,4,Yes
9795-ZIV,Male,0,No,Yes,29,Yes,Yes,Fiber optic,No,No,Yes,No,No,Yes,Two year,Yes,Bank transfer (automatic),114.75,3336.15,1,No
5146-NHI,Male,0,Yes,Yes,2,Yes,Yes,Fiber optic,No,No,No,No,Yes,No,Two year,No,Mailed check,108.67,227.56,2,No
4797-KWA,Male,0,No,No,5,Yes,Yes,Fiber optic,No,No,No,No,No,Yes,Two year,Yes,Mailed check,108.43,541.41,2,No
6732-UZN,Male,0,Yes,No,5,Yes,Yes,Fiber optic,No,No,No,Yes,No,No,Two year,Yes,Electronic check,106.87,546.88,1,No
4030-YAV,Female,1,No,No,10,Yes,No,Fiber optic,No,No,No,No,No,No,Month-to-month,No,Mailed check,82.7,831.9,1,Yes
5662-SHO,Female,1,Yes,No,45,Yes,Yes,Fiber optic,No,Yes,No,No,No,Yes,Two year,No,Credit card (automatic),115.97,5214.67,1,No
3708-OIU,Male,0,Yes,No,49,Yes,Yes,DSL,Yes,Yes,No,Yes,No,No,One year,Yes,Bank transfer (automatic),106.67,5232.72,2,No
9393-TYU,Male,0,No,Yes,12,Yes,Yes,DSL,No,Yes,No,No,Yes,No,One year,Yes,Electronic check,95.68,1158.87,2,No
8970-TYZ,Male,0,Yes,Yes,15,Yes,No,DSL,No,No,Yes,No,No,Yes,Month-to-month,No,Bank transfer (automatic),84.15,1267.55,0,No
8973-BGR,Female,0,No,Yes,7,Yes,Yes,Fiber optic,Yes,Yes,No,No,Yes,Yes,Two year,Yes,Bank transfer (automatic),140.74,991.3,2,No
9666-BQK,Male,0,Yes,No,15,Yes,Yes,Fiber optic,No,No,Yes,No,Yes,Yes,Month-to-month,Yes,Electronic check,128.1,1919.11,2,Yes
5971-SVX,Male,0,Yes,No,9,Yes,No,No,No internet service,No internet service,No internet service,No internet service,No internet service,No internet service,One year,Yes,Credit card (automatic),40.06,372.85,5,No
2990-TFU,Male,0,No,No,5,Yes,No,No,No internet service,No internet service,No internet service,No internet service,No internet service,No internet service,Month-to-month,Yes,Electronic check,37.4,177.85,3,Yes
6975-AQK,Female,0,Yes,No,5,Yes,Yes,No,No internet service,No internet service,No internet service,No internet service,No internet service,No internet service,One year,No,Electronic check,48.75,253.58,3,No
5757-ZRU,Male,0,Yes,No,38,Yes,Yes,Fiber optic,Yes,Yes,No,Yes,Yes,Yes,Month-to-month,Yes,Credit card (automatic),150.98,5740.94,2,Yes
1966-QTI,Female,0,Yes,No,4,Yes,Yes,DSL,No,Yes,No,No,No,No,Month-to-month,Yes,Bank transfer (automatic),82.66,325.04,2,Yes
1688-TVV,Male,0,No,Yes,24,Yes,No,DSL,No,No,No,Yes,No,No,Month-to-month,Yes,Electronic check,76.17,1825.47,0,No
6182-HQG,Male,0,No,No,5,Yes,Yes,DSL,Yes,Yes,No,No,Yes,No,Two year,Yes,Bank transfer (automatic),106.19,535.25,1,No
2759-MWS,Female,0,No,No,46,Yes,No,No,No internet service,No internet service,No internet service,No internet service,No internet service,No internet service,Two year,No,Credit card (automatic),39.23,1802.82,2,No
9058-XSQ,Female,0,No,No,9,Yes,Yes,Fiber optic,No,No,No,No,Yes,Yes,Two year,Yes,Electronic check,116.99,1049.87,2,Yes
5524-PHS,Male,0,No,No,2,Yes,Yes,DSL,No,No,No,Yes,No,No,Two year,Yes,Electronic check,82.1,154.55,2,No
3065-ANS,Male,0,No,No,16,Yes,No,DSL,No,No,No,No,No,No,Two year,Yes,Credit card (automatic),64.8,1050.2,3,No
7645-QRF,Female,0,No,Yes,72,Yes,No,Fiber optic,No,No,Yes,No,Yes,Yes,One year,Yes,Bank transfer (automatic),121.9,8781.43,2,No
5926-DAH,Female,0,Yes,Yes,42,Yes,Yes,Fiber optic,No,No,Yes,No,Yes,Yes,Month-to-month,No,Bank transfer (automatic),131.01,5515.48,3,Yes
9038-CJJ,Male,0,No,Yes,22,Yes,Yes,Fiber optic,Yes,No,No,Yes,No,No,One year,Yes,Mailed check,114.82,2523.91,1,No
7305-AWW,Female,1,No,No,6,Yes,Yes,No,No internet service,No internet service,No internet service,No internet service,No internet service,No internet service,One year,Yes,Mailed check,50.65,317.02,1,No
8643-RGH,Female,0,No,Yes,4,Yes,No,Fiber optic,No,No,Yes,No,No,No,Month-to-month,No,Mailed check,95.86,383.01,2,Yes
1832-YWC,Male,1,Yes,No,46,Yes,Yes,DSL,Yes,No,Yes,No,No,No,One year,Yes,Credit card (automatic),97.24,4480.78,3,No
9519-VYO,Male,0,No,No,39,Yes,Yes,Fiber optic,No,Yes,No,No,No,No,Month-to-month,Yes,Mailed check,105.51,4111.11,4,Yes
4300-CSA,Male,0,No,Yes,16,Yes,Yes,Fiber optic,Yes,Yes,No,Yes,Yes,Yes,Month-to-month,No,Mailed check,151.56,2436.89,2,Yes
4675-OHB,Female,0,Yes,Yes,14,Yes,Yes,Fiber optic,No,No,No,Yes,Yes,No,Two year,Yes,Mailed check,118.15,1655.03,5,No
8970-XNX,Male,0,No,No,35,No,No phone service,DSL,No,Yes,Yes,No,No,No,Month-to-month,Yes,Bank transfer (automatic),63.05,2197.65,3,No
3538-PDT,Male,0,No,No,20,Yes,No,Fiber optic,Yes,No,No,No,Yes,No,Month-to-month,Yes,Mailed check,107.15,2141.12,2,Yes
9356-VUN,Female,0,Yes,No,13,Yes,Yes,Fiber optic,Yes,No,No,Yes,Yes,No,Month-to-month,Yes,Bank transfer (automatic),125.65,1626.09,3,Yes
1822-PRG,Male,1,No,No,8,Yes,No,No,No internet service,No internet service,No internet service,No internet service,No internet service,No internet service,One year,Yes,Credit card (automatic),40.85,333.86,4,No
5425-GAW,Female,1,No,No,4,Yes,Yes,Fiber optic,Yes,No,Yes,No,Yes,No,One year,Yes,Credit card (automatic),126.14,491.13,1,Yes
5242-PSD,Female,0,No,No,23,No,No phone service,No,No internet service,No internet service,No internet service,No internet service,No internet service,No internet service,Month-to-month,No,Electronic check,22.27,503.57,1,No
2308-RBA,Male,0,No,Yes,44,Yes,No,No,No internet service,No internet service,No internet service,No internet service,No internet service,No internet service,Month-to-month,No,Credit card (automatic),39.98,1752.46,0,No
7852-TKJ,Male,0,Yes,No,35,Yes,Yes,Fiber optic,No,No,Yes,No,No,Yes,One year,No,Electronic check,116.28,4082.62,0,No
2409-CWW,Female,0,Yes,Yes,30,Yes,Yes,DSL,No,Yes,No,No,Yes,Yes,One year,Yes,Bank transfer (automatic),109.86,3289.45,2,No
5491-TEE,Male,1,Yes,Yes,67,Yes,No,DSL,No,No,No,No,No,Yes,One year,Yes,Bank transfer (automatic),78.13,5231.95,1,No
2279-IBU,Female,0,Yes,No,13,Yes,No,Fiber optic,Yes,Yes,No,No,No,No,Month-to-month,Yes,Electronic check,107.56,1413.08,3,Yes
8083-CTZ,Female,0,No,Yes,4,Yes,Yes,No,No internet service,No internet service,No internet service,No internet service,No internet service,No internet service,Month-to-month,No,Credit card (automatic),47.8,202.69,2,Yes
2387-XQJ,Male,1,Yes,No,3,Yes,No,Fiber optic,No,No,Yes,No,Yes,Yes,Two year,No,Mailed check,116.18,358.55,2,No
3679-NWQ,Male,0,Yes,No,72,No,No phone service,DSL,No,No,No,Yes,No,No,Two year,Yes,Credit card (automatic),55.41,3978.96,3,No
4186-QNI,Female,1,No,No,23,Yes,No,Fiber optic,No,Yes,Yes,No,No,No,Month-to-month,No,Mailed check,107.65,2468.87,0,No
3599-BMY,Female,0,Yes,Yes,42,Yes,Yes,No,No internet service,No internet service,No internet service,No internet service,No internet service,No internet service,Two year,No,Mailed check,51.28,2141.05,5,No
8368-VVK,Male,1,Yes,Yes,20,No,No phone service,DSL,No,Yes,No,No,No,Yes,Month-to-month,Yes,Bank transfer (automatic),66.92,1342.54,1,No
3541-DZZ,Female,0,No,No,13,Yes,Yes,DSL,No,Yes,Yes,Yes,Yes,No,One year,Yes,Mailed check,114.41,1492.32,1,No
9996-KFR,Female,0,Yes,No,6,Yes,No,DSL,Yes,Yes,No,No,Yes,Yes,Month-to-month,No,Mailed check,111.72,685.01,1,Yes
6475-IFB,Female,0,No,Yes,49,Yes,Yes,Fiber optic,Yes,No,No,No,Yes,No,One year,Yes,Mailed check,117.25,5745.57,2,No
8184-EYF,Male,0,No,No,2,Yes,No,No,No internet service,No internet service,No internet service,No internet service,No internet service,No internet service,One year,Yes,Mailed check,37.95,65.94,5,Yes
2622-UJV,Female,1,No,Yes,58,Yes,Yes,Fiber optic,No,Yes,No,No,No,Yes,Two year,Yes,Electronic check,119.76,6933.4,1,No
3074-YFH,Female,0,Yes,No,6,Yes,No,No,No internet service,No internet service,No internet service,No internet service,No internet service,No internet service,Month-to-month,No,Credit card (automatic),37.07,211.8,2,Yes
9801-LMY,Male,1,Yes,No,1,Yes,No,Fiber optic,Yes,No,No,No,No,Yes,One year,Yes,Credit card (automatic),109.48,107.12,2,Yes
9646-JMQ,Female,1,No,No,3,Yes,No,Fiber optic,No,No,No,Yes,Yes,Yes,One year,Yes,Bank transfer (automatic),118.56,360.39,3,Yes
3969-UZN,Female,0,Yes,No,54,Yes,No,Fiber optic,No,Yes,No,No,Yes,No,One year,Yes,Electronic check,109.54,5911.86,2,No
5225-VKA,Male,0,Yes,Yes,2,Yes,No,DSL,Yes,Yes,Yes,No,Yes,No,One year,No,Mailed check,104.89,214.05,0,No
3866-UDS,Male,0,Yes,Yes,11,Yes,Yes,No,No internet service,No internet service,No internet service,No internet service,No internet service,No internet service,One year,Yes,Credit card (automatic),50.76,551.36,3,No
5124-UKH,Male,0,No,Yes,8,Yes,Yes,Fiber optic,No,No,No,No,No,No,One year,Yes,Electronic check,95.43,751.83,4,Yes
8679-DQG,Male,0,No,Yes,1,Yes,Yes,No,No internet service,No internet service,No internet service,No internet service,No internet service,No internet service,Month-to-month,No,Electronic check,48.94,41.6,2,Yes
2333-BWO,Male,0,No,No,19,Yes,No,No,No internet service,No internet service,No internet service,No internet service,No internet service,No internet service,Month-to-month,Yes,Mailed check,38.83,730.07,4,Yes
3711-VVE,Female,0,No,No,72,Yes,Yes,No,No internet service,No internet service,No internet service,No internet service,No internet service,No internet service,Two year,No,Mailed check,48.56,3485.56,4,No
8479-AZD,Female,0,Yes,Yes,48,Yes,No,DSL,No,No,No,No,No,No,Month-to-month,Yes,Credit card (automatic),64.69,3100.1,1,No
9942-TSC,Male,0,No,No,5,Yes,Yes,No,No internet service,No internet service,No internet service,No internet service,No internet service,No internet service,Month-to-month,No,Mailed check,50.08,256.77,2,Yes
8101-MKB,Female,1,No,No,54,Yes,Yes,DSL,No,No,No,No,Yes,No,One year,Yes,Bank transfer (automatic),85.22,4598.24,7,No
1153-BUI,Male,0,No,No,16,Yes,Yes,Fiber optic,No,No,No,Yes,No,No,One year,Yes,Electronic check,105.75,1701.28,0,No
3343-QAY,Female,0,No,No,8,Yes,No,Fiber optic,Yes,Yes,No,No,No,Yes,Month-to-month,Yes,Electronic check,114.16,922.33,2,Yes
1060-KHJ,Female,0,No,Yes,26,Yes,No,DSL,No,No,Yes,Yes,No,No,One year,No,Mailed check,85.84,2240.18,4,No
8970-CRE,Female,0,No,No,7,Yes,Yes,DSL,Yes,No,No,No,No,No,Month-to-month,Yes,Credit card (automatic),87.81,619.32,2,Yes
5203-LSF,Male,0,No,No,53,Yes,Yes,Fiber optic,Yes,No,Yes,Yes,No,Yes,Month-to-month,Yes,Electronic check,139.41,7392.26,2,No
8009-LSE,Male,0,No,No,25,No,No phone service,No,No internet service,No internet service,No internet service,No internet service,No internet service,No internet service,One year,Yes,Electronic check,21.75,533.03,3,No
5090-QQJ,Male,0,No,No,4,Yes,Yes,Fiber optic,Yes,No,Yes,No,No,No,One year,Yes,Bank transfer (automatic),113.13,444.81,3,Yes
4640-WQO,Female,0,No,No,22,Yes,No,No,No internet service,No internet service,No internet service,No internet service,No internet service,No internet service,Month-to-month,Yes,Mailed check,39.05,857.18,2,No
5107-PXS,Male,0,No,Yes,18,Yes,Yes,DSL,Yes,No,No,No,Yes,Yes,Two year,No,Electronic check,108.75,1955.44,3,No
6895-UQW,Female,0,No,No,16,Yes,No,Fiber optic,Yes,No,No,Yes,No,No,Month-to-month,Yes,Electronic check,103.17,1653.98,2,Yes
6604-VPF,Female,0,No,Yes,12,Yes,Yes,No,No internet service,No internet service,No internet service,No internet service,No internet service,No internet service,Two year,Yes,Electronic check,50.3,595.63,0,No
6319-YRY,Male,0,Yes,No,17,Yes,No,Fiber optic,No,No,Yes,No,No,Yes,Month-to-month,No,Electronic check,106.97,1811.24,5,Yes
6387-OZI,Female,0,Yes,Yes,23,Yes,No,Fiber optic,No,No,No,No,No,No,Month-to-month,Yes,Electronic check,85.55,1956.53,1,Yes
9044-ZOJ,Female,1,Yes,No,34,Yes,Yes,DSL,Yes,Yes,Yes,No,No,Yes,One year,Yes,Bank transfer (automatic),118.49,4035.58,0,No
5806-QWZ,Female,0,Yes,Yes,63,No,No phone service,No,No internet service,No internet service,No internet service,No internet service,No internet service,No internet service,Month-to-month,No,Credit card (automatic),19.61,1243.02,2,No
8124-VZG,Male,0,No,No,2,Yes,Yes,No,No internet service,No internet service,No internet service,No internet service,No internet service,No internet service,Two year,Yes,Bank transfer (automatic),49.1,111.6,1,No
5430-UGI,Male,0,No,No,22,Yes,Yes,Fiber optic,No,Yes,Yes,Yes,No,No,One year,Yes,Bank transfer (automatic),125.04,2737.85,2,No
9007-RWR,Male,1,No,No,35,Yes,No,Fiber optic,Yes,No,Yes,No,Yes,No,Two year,Yes,Electronic check,119.59,4181.01,3,No
4294-TGC,Female,0,No,Yes,4,Yes,No,No,No internet service,No internet service,No internet service,No internet service,No internet service,No internet service,Month-to-month,No,Mailed check,40.0,160.5,2,Yes
5497-JGQ,Female,0,Yes,No,61,Yes,Yes,Fiber optic,No,No,Yes,No,No,Yes,Month-to-month,Yes,Electronic check,119.34,7292.23,1,No
8693-XCL,Male,0,No,No,8,Yes,Yes,No,No internet service,No internet service,No internet service,No internet service,No internet service,No internet service,Month-to-month,Yes,Electronic check,47.74,373.52,3,Yes
8980-BCE,Female,0,Yes,No,45,Yes,Yes,Fiber optic,No,No,Yes,No,Yes,Yes,Month-to-month,No,Electronic check,130.69,5891.53,2,No
3983-ZWW,Male,0,No,Yes,28,Yes,Yes,Fiber optic,No,No,No,No,No,No,Two year,Yes,Electronic check,93.65,2634.72,1,No
9230-OXQ,Male,0,No,No,21,Yes,Yes,Fiber optic,No,Yes,No,Yes,No,No,One year,Yes,Mailed check,113.59,2393.47,1,No
6468-VYM,Male,0,No,No,51,No,No phone service,DSL,Yes,No,No,No,No,No,Month-to-month,Yes,Bank transfer (automatic),57.98,2944.93,2,No
9684-JLB,Male,0,No,Yes,72,No,No phone service,DSL,No,No,No,No,Yes,No,Month-to-month,No,Mailed check,54.69,3948.62,5,No
9502-CJB,Female,0,Yes,No,72,Yes,Yes,Fiber optic,No,No,No,Yes,No,No,Month-to-month,Yes,Bank transfer (automatic),103.69,7475.82,1,No
5346-WMM,Female,0,Yes,No,29,Yes,Yes,No,No internet service,No internet service,No internet service,No internet service,No internet service,No internet service,Month-to-month,Yes,Mailed check,48.62,1403.16,0,No
4810-GNT,Female,0,Yes,Yes,11,Yes,Yes,Fiber optic,No,No,No,No,Yes,No,One year,Yes,Electronic check,104.12,1146.75,2,Yes
3032-ULY,Male,0,Yes,No,52,Yes,Yes,No,No internet service,No internet service,No internet service,No internet service,No internet service,No internet service,Two year,Yes,Credit card (automatic),49.99,2610.25,3,No
1271-XLO,Female,0,No,No,27,Yes,No,Fiber optic,No,No,No,No,No,No,One year,No,Bank transfer (automatic),83.42,2241.24,2,No
5361-YGT,Male,0,No,No,10,No,No phone service,No,No internet service,No internet service,No internet service,No internet service,No internet service,No internet service,Month-to-month,Yes,Bank transfer (automatic),22.23,226.69,3,Yes
4760-CMN,Male,0,No,No,68,Yes,No,No,No internet service,No internet service,No internet service,No internet service,No internet service,No internet service,Month-to-month,Yes,Mailed check,37.3,2537.12,0,No
9567-RDR,Male,0,No,No,35,Yes,Yes,No,No internet service,No internet service,No internet service,No internet service,No internet service,No internet service,Month-to-month,No,Electronic check,49.43,1728.98,0,No
5388-YPA,Female,0,Yes,No,16,Yes,Yes,Fiber optic,No,No,No,Yes,Yes,Yes,Month-to-month,No,Mailed check,129.92,2065.67,2,Yes
9173-OIO,Male,0,Yes,Yes,16,Yes,No,No,No internet service,No internet service,No internet service,No internet service,No internet service,No internet service,Two year,Yes,Electronic check,41.33,665.31,2,No
9056-XDL,Female,0,No,No,72,Yes,Yes,Fiber optic,No,Yes,No,No,No,Yes,Month-to-month,Yes,Electronic check,118.59,8532.53,1,No
2828-EKF,Female,0,Yes,Yes,12,No,No phone service,Fiber optic,No,No,Yes,Yes,Yes,Yes,Two year,Yes,Electronic check,111.4,1345.62,0,No
1806-XNX,Female,0,No,Yes,3,Yes,Yes,No,No internet service,No internet service,No internet service,No internet service,No internet service,No internet service,One year,Yes,Electronic check,52.66,172.95,1,No
9202-MBY,Female,1,No,No,20,Yes,Yes,DSL,No,No,No,No,Yes,No,One year,Yes,Bank transfer (automatic),88.15,1772.38,2,No
8878-TDH,Female,0,No,Yes,55,Yes,Yes,Fiber optic,Yes,No,No,No,Yes,No,Two year,No,Bank transfer (automatic),117.98,6479.68,3,No
8827-VUS,Female,0,No,No,22,Yes,Yes,No,No internet service,No internet service,No internet service,No internet service,No internet service,No internet service,Month-to-month,Yes,Credit card (automatic),50.2,1099.0,3,No
4564-NJK,Female,0,No,No,40,Yes,No,DSL,Yes,No,Yes,Yes,Yes,No,Month-to-month,Yes,Mailed check,106.61,4275.42,1,No
1824-ZIQ,Female,0,No,No,2,No,No phone service,No,No internet service,No internet service,No internet service,No internet service,No internet service,No internet service,Month-to-month,Yes,Bank transfer (automatic),22.84,32.53,1,No
7402-XFE,Male,0,No,Yes,28,Yes,Yes,Fiber optic,Yes,Yes,No,Yes,Yes,Yes,Two year,No,Credit card (automatic),149.96,4188.31,0,No
2796-VOW,Male,1,No,No,3,Yes,Yes,Fiber optic,No,Yes,No,No,No,No,Two year,No,Bank transfer (automatic),105.66,326.63,2,No
3736-ICT,Female,0,Yes,No,21,Yes,No,Fiber optic,No,No,No,No,Yes,Yes,One year,No,Bank transfer (automatic),107.77,2248.26,1,No
2913-QJC,Female,0,No,No,18,No,No phone service,Fiber optic,Yes,No,No,Yes,No,No,Two year,No,Credit card (automatic),84.29,1512.25,1,No
8312-XCC,Female,0,Yes,No,72,No,No phone service,Fiber optic,No,No,Yes,No,Yes,Yes,Two year,Yes,Electronic check,97.55,7031.99,3,No
5876-XOY,Female,0,No,No,4,Yes,Yes,No,No internet service,No internet service,No internet service,No internet service,No internet service,No internet service,Month-to-month,No,Bank transfer (automatic),49.96,187.63,2,Yes
5675-NEB,Female,1,Yes,No,1,Yes,Yes,DSL,No,Yes,Yes,No,No,No,One year,Yes,Credit card (automatic),94.2,92.13,3,Yes
2290-IXC,Male,0,Yes,No,4,Yes,No,Fiber optic,No,No,Yes,No,Yes,No,One year,No,Electronic check,109.27,437.16,4,Yes
2218-YBL,Female,0,Yes,No,5,Yes,No,DSL,No,Yes,Yes,No,Yes,No,Month-to-month,Yes,Credit card (automatic),97.02,488.74,0,Yes
1954-BXO,Female,0,Yes,No,8,Yes,Yes,No,No internet service,No internet service,No internet service,No internet service,No internet service,No internet service,Month-to-month,Yes,Electronic check,52.93,429.1,1,Yes
5133-HEP,Female,0,Yes,No,43,Yes,Yes,DSL,Yes,No,No,No,No,No,Two year,Yes,Credit card (automatic),86.63,3714.13,2,No
9228-PME,Male,0,Yes,Yes,12,Yes,Yes,DSL,No,Yes,No,No,No,No,Month-to-month,Yes,Electronic check,82.78,988.6,2,Yes
6068-QRH,Male,0,No,No,46,Yes,No,No,No internet service,No internet service,No internet service,No internet service,No internet service,No internet service,Month-to-month,Yes,Credit card (automatic),38.22,1745.18,0,No
1317-SZC,Female,0,No,No,8,Yes,Yes,Fiber optic,No,No,No,No,Yes,Yes,One year,No,Electronic check,121.57,985.79,1,Yes
2591-HBH,Male,0,No,Yes,50,Yes,No,DSL,No,No,No,No,No,Yes,Month-to-month,No,Bank transfer (automatic),79.77,3987.94,3,No
4930-MMA,Male,0,No,No,1,Yes,Yes,Fiber optic,No,Yes,No,Yes,Yes,Yes,Month-to-month,Yes,Electronic check,136.03,130.76,1,Yes
5311-SPH,Male,0,No,No,69,Yes,Yes,DSL,No,No,No,Yes,No,No,Two year,Yes,Credit card (automatic),84.73,5856.85,2,No
3139-API,Male,0,No,No,35,Yes,Yes,No,No internet service,No internet service,No internet service,No internet service,No internet service,No internet service,Month-to-month,No,Mailed check,48.54,1702.95,2,No
7924-KMY,Male,0,No,No,14,Yes,No,Fiber optic,No,Yes,Yes,No,Yes,Yes,Two year,Yes,Credit card (automatic),127.66,1785.67,3,No
5286-FGE,Male,0,No,No,22,Yes,No,DSL,No,No,No,No,Yes,Yes,Month-to-month,Yes,Mailed check,89.0,1960.82,4,Yes
1556-ZYS,Male,0,No,No,68,Yes,No,Fiber optic,No,No,No,No,No,No,One year,No,Credit card (automatic),85.41,5818.75,3,No
6150-WJJ,Male,0,Yes,No,22,Yes,No,DSL,No,No,No,No,No,No,One year,No,Mailed check,62.38,1378.04,1,No
3719-KUG,Female,0,Yes,No,7,Yes,Yes,Fiber optic,Yes,No,Yes,No,No,No,Month-to-month,Yes,Credit card (automatic),115.95,822.03,1,Yes
4998-RDB,Female,1,No,No,22,Yes,No,Fiber optic,No,No,No,Yes,No,Yes,Month-to-month,No,Mailed check,106.43,2337.45,1,Yes
9780-LGB,Male,0,Yes,No,52,Yes,Yes,Fiber optic,Yes,No,No,No,No,No,Month-to-month,Yes,Mailed check,102.31,5324.09,4,No
6343-MNQ,Male,0,Yes,No,72,Yes,Yes,No,No internet service,No internet service,No internet service,No internet service,No internet service,No internet service,Month-to-month,No,Bank transfer (automatic),47.76,3426.8,2,No
3064-HBX,Female,0,Yes,No,22,Yes,Yes,No,No internet service,No internet service,No internet service,No internet service,No internet service,No internet service,One year,Yes,Mailed check,47.3,1030.61,1,No
2007-FSG,Female,1,No,Yes,5,Yes,No,DSL,No,No,No,No,Yes,No,Month-to-month,Yes,Bank transfer (automatic),76.09,377.41,3,Yes
6352-BOE,Male,0,No,No,37,Yes,Yes,DSL,No,No,No,No,No,Yes,Month-to-month,Yes,Mailed check,87.95,3267.56,1,No
6084-VDT,Female,0,Yes,No,72,Yes,No,Fiber optic,No,No,No,No,Yes,Yes,Month-to-month,Yes,Electronic check,109.64,7904.32,2,No
2887-DRD,Male,0,Yes,No,17,Yes,Yes,Fiber optic,No,No,No,Yes,No,No,One year,No,Credit card (automatic),105.05,1780.33,1,No
2040-LVQ,Female,1,Yes,No,13,Yes,No,DSL,No,Yes,No,No,Yes,No,One year,No,Electronic check,87.95,1130.63,1,Yes
9073-VAV,Male,0,No,Yes,21,Yes,Yes,No,No internet service,No internet service,No internet service,No internet service,No internet service,No internet service,Month-to-month,Yes,Mailed check,52.25,1089.33,2,No
5569-XRR,Female,0,Yes,No,5,Yes,No,No,No internet service,No internet service,No internet service,No internet service,No internet service,No internet service,Two year,No,Mailed check,38.52,183.86,1,No
8437-OLD,Male,0,Yes,No,72,Yes,Yes,No,No internet service,No internet service,No internet service,No internet service,No internet service,No internet service,Month-to-month,No,Credit card (automatic),52.75,3784.02,2,No
9954-CTL,Female,1,Yes,Yes,46,Yes,Yes,Fiber optic,No,Yes,No,No,No,No,Two year,No,Mailed check,107.78,4967.12,3,No
6126-KAF,Female,0,Yes,No,3,Yes,No,Fiber optic,No,No,No,No,No,No,One year,Yes,Electronic check,85.14,266.02,3,Yes
4356-DQC,Male,0,Yes,Yes,72,Yes,Yes,DSL,Yes,Yes,No,Yes,No,No,Two year,Yes,Bank transfer (automatic),106.25,7646.32,2,No
7540-IGO,Male,0,No,No,72,Yes,Yes,No,No internet service,No internet service,No internet service,No internet service,No internet service,No internet service,Month-to-month,No,Bank transfer (automatic),51.22,3677.23,4,No
3844-KTB,Female,0,Yes,Yes,10,Yes,Yes,DSL,No,No,No,No,No,No,Two year,Yes,Credit card (automatic),76.02,748.47,2,No
4155-VKC,Female,0,No,Yes,25,No,No phone service,DSL,No,Yes,No,No,No,Yes,One year,Yes,Mailed check,64.14,1592.45,1,No
3896-LXU,Male,0,Yes,Yes,3,Yes,No,DSL,No,No,No,No,No,Yes,One year,Yes,Bank transfer (automatic),78.39,224.03,2,No
7446-PET,Female,1,Yes,Yes,3,Yes,Yes,Fiber optic,Yes,No,No,No,No,No,Month-to-month,Yes,Mailed check,106.36,305.78,2,Yes
2682-YEC,Female,0,Yes,No,18,Yes,No,No,No internet service,No internet service,No internet service,No internet service,No internet service,No internet service,Month-to-month,Yes,Electronic check,40.56,743.11,5,Yes
6626-AZF,Female,1,No,No,2,No,No phone service,DSL,Yes,No,No,Yes,Yes,Yes,Month-to-month,No,Electronic check,86.02,164.78,1,Yes
4598-BCQ,Female,0,No,No,52,No,No phone service,DSL,No,Yes,No,No,No,Yes,Month-to-month,Yes,Electronic check,65.47,3392.72,1,No
9984-XLR,Female,0,No,Yes,66,Yes,No,DSL,No,Yes,No,Yes,Yes,No,Month-to-month,Yes,Electronic check,94.5,6243.87,7,No
6390-LPH,Male,0,Yes,No,2,Yes,Yes,Fiber optic,No,Yes,No,Yes,Yes,Yes,Two year,Yes,Bank transfer (automatic),138.87,289.99,3,No
6179-NYQ,Female,0,Yes,No,2,Yes,Yes,Fiber optic,No,No,No,Yes,No,Yes,One year,Yes,Credit card (automatic),114.52,238.14,2,Yes
4676-UHO,Female,0,Yes,No,7,Yes,No,DSL,No,Yes,No,Yes,No,Yes,Two year,Yes,Credit card (automatic),96.47,685.88,2,No
2050-NRT,Male,0,Yes,No,67,Yes,Yes,Fiber optic,No,No,No,No,Yes,Yes,Month-to-month,No,Bank transfer (automatic),117.38,7865.88,1,No
7342-CLU,Male,1,Yes,No,37,Yes,Yes,DSL,No,No,No,Yes,Yes,Yes,One year,No,Credit card (automatic),108.58,4015.36,1,No
6655-ZCT,Male,0,Yes,No,29,Yes,No,No,No internet service,No internet service,No internet service,No internet service,No internet service,No internet service,Two year,Yes,Electronic check,39.64,1157.44,0,No
8725-OYN,Male,0,Yes,No,38,Yes,Yes,DSL,No,Yes,Yes,Yes,No,No,Two year,Yes,Electronic check,104.58,3986.6,1,No
2875-DIF,Male,0,No,No,6,Yes,No,Fiber optic,Yes,No,Yes,Yes,No,No,One year,No,Mailed check,114.52,677.38,3,No
8099-VVU,Female,0,No,Yes,8,Yes,No,Fiber optic,No,Yes,Yes,No,No,No,Two year,No,Mailed check,104.1,819.78,1,No
1116-BXH,Female,0,Yes,No,10,Yes,No,Fiber optic,Yes,No,Yes,No,Yes,Yes,Month-to-month,Yes,Bank transfer (automatic),130.86,1305.44,3,Yes
9586-MQH,Female,0,Yes,Yes,24,Yes,No,Fiber optic,No,Yes,Yes,No,Yes,Yes,One year,Yes,Mailed check,127.63,3064.31,5,Yes
9465-RNO,Male,0,No,No,24,Yes,Yes,Fiber optic,No,Yes,Yes,Yes,Yes,No,One year,No,Bank transfer (automatic),136.51,3270.3,2,No
9357-KMY,Male,0,Yes,No,6,Yes,No,DSL,Yes,No,No,No,No,Yes,One year,Yes,Credit card (automatic),89.83,543.08,3,No
3043-FIH,Male,1,No,Yes,15,Yes,No,DSL,No,Yes,No,Yes,No,No,Two year,No,Bank transfer (automatic),86.08,1276.33,2,No
1778-VSX,Female,0,No,Yes,30,Yes,Yes,Fiber optic,Yes,Yes,No,No,No,No,Month-to-month,Yes,Electronic check,116.06,3468.45,3,Yes
7731-YNO,Female,1,No,No,10,Yes,No,DSL,No,No,No,Yes,Yes,Yes,Two year,No,Credit card (automatic),97.01,978.99,1,No
9783-VVT,Female,0,Yes,Yes,2,Yes,No,No,No internet service,No internet service,No internet service,No internet service,No internet service,No internet service,Month-to-month,Yes,Electronic check,37.91,66.9,0,No
3720-JHR,Female,0,No,No,6,Yes,Yes,Fiber optic,No,Yes,No,Yes,No,Yes,Month-to-month,No,Bank transfer (automatic),124.09,755.31,1,Yes
9032-BAA,Female,0,No,No,5,No,No phone service,No,No internet service,No internet service,No internet service,No internet service,No internet service,No internet service,Month-to-month,Yes,Mailed check,21.9,124.16,1,Yes
2949-AMT,Female,0,Yes,No,25,Yes,Yes,Fiber optic,No,Yes,No,Yes,No,No,One year,No,Mailed check,116.47,2918.75,3,No
8833-VGB,Male,0,No,No,2,Yes,No,DSL,No,No,No,Yes,No,Yes,One year,No,Electronic check,89.9,189.83,3,No
8014-ZNZ,Female,0,Yes,No,55,Yes,Yes,DSL,No,Yes,No,No,No,No,Month-to-month,Yes,Bank transfer (automatic),85.53,4703.21,2,No
4041-JWL,Female,0,No,No,3,Yes,No,DSL,No,Yes,Yes,No,No,No,Two year,Yes,Credit card (automatic),87.73,257.54,1,No
2895-KCF,Female,0,Yes,No,23,Yes,No,Fiber optic,Yes,No,No,Yes,Yes,Yes,Month-to-month,No,Mailed check,128.33,2955.95,2,No
3056-FIG,Female,0,Yes,No,67,Yes,Yes,DSL,No,Yes,No,No,No,No,Month-to-month,Yes,Electronic check,83.34,5573.86,5,No
1552-RLH,Female,0,No,No,2,Yes,No,Fiber optic,Yes,No,No,No,Yes,No,One year,Yes,Electronic check,108.69,207.96,4,Yes
4911-RTO,Male,0,Yes,Yes,13,Yes,No,Fiber optic,No,No,Yes,No,No,No,Month-to-month,Yes,Mailed check,94.01,1229.66,3,Yes
9442-GKT,Female,0,Yes,No,10,Yes,Yes,Fiber optic,Yes,No,No,No,No,No,Two year,Yes,Electronic check,107.96,1069.84,2,No
1207-DFZ,Female,0,No,No,11,Yes,No,Fiber optic,No,No,Yes,Yes,Yes,No,Month-to-month,Yes,Mailed check,114.92,1278.78,0,Yes
1021-ZCI,Male,0,Yes,Yes,23,Yes,Yes,DSL,Yes,No,Yes,No,No,No,Month-to-month,Yes,Mailed check,92.08,2125.48,2,No
8867-JNK,Male,0,No,No,8,Yes,No,DSL,No,Yes,No,No,Yes,Yes,Month-to-month,Yes,Electronic check,99.85,811.2,4,Yes
8179-WLM,Female,0,Yes,No,1,Yes,No,No,No internet service,No internet service,No internet service,No internet service,No internet service,No internet service,One year,Yes,Credit card (automatic),39.01,38.56,2,No
2560-MSZ,Female,0,Yes,No,72,Yes,Yes,No,No internet service,No internet service,No internet service,No internet service,No internet service,No internet service,Two year,Yes,Bank transfer (automatic),49.09,3534.65,4,No
4638-NDM,Female,0,Yes,No,35,Yes,No,DSL,Yes,No,No,Yes,No,No,Month-to-month,Yes,Credit card (automatic),86.13,3024.25,1,No
2927-WUW,Female,0,Yes,No,4,Yes,Yes,No,No internet service,No internet service,No internet service,No internet service,No internet service,No internet service,Month-to-month,Yes,Credit card (automatic),51.61,207.98,1,Yes
1306-LRF,Female,0,No,No,16,Yes,No,Fiber optic,No,No,No,Yes,No,Yes,Two year,Yes,Mailed check,106.44,1688.95,1,No
8057-SVE,Male,0,Yes,No,2,Yes,No,No,No internet service,No internet service,No internet service,No internet service,No internet service,No internet service,Two year,No,Credit card (automatic),37.84,73.02,0,No
9503-ICJ,Male,0,No,No,1,Yes,No,Fiber optic,No,No,Yes,Yes,No,Yes,Month-to-month,Yes,Bank transfer (automatic),116.43,121.92,2,Yes
9946-CVO,Female,0,Yes,No,2,Yes,No,DSL,No,No,No,No,No,Yes,Month-to-month,No,Credit card (automatic),75.85,145.47,0,Yes
1352-GLQ,Female,0,Yes,Yes,36,No,No phone service,DSL,No,Yes,Yes,Yes,No,No,Month-to-month,Yes,Mailed check,76.61,2743.87,1,No
8005-UZX,Male,1,No,No,15,Yes,Yes,Fiber optic,Yes,No,Yes,No,No,Yes,Month-to-month,Yes,Bank transfer (automatic),126.04,1895.64,0,No
9595-EDL,Male,0,Yes,No,47,Yes,Yes,No,No internet service,No internet service,No internet service,No internet service,No internet service,No internet service,Month-to-month,Yes,Mailed check,48.66,2296.11,2,No
4453-TXR,Female,1,Yes,No,10,Yes,Yes,DSL,No,No,No,No,Yes,No,Month-to-month,Yes,Electronic check,88.56,881.23,3,Yes
2712-SID,Female,0,Yes,No,38,Yes,Yes,Fiber optic,No,No,Yes,No,No,No,Month-to-month,No,Credit card (automatic),107.93,4092.86,5,Yes
6631-DBO,Female,0,Yes,No,3,Yes,No,DSL,No,Yes,No,Yes,No,Yes,Two year,Yes,Bank transfer (automatic),95.69,300.78,1,No
2394-ZVL,Female,0,No,No,26,Yes,No,No,No internet service,No internet service,No internet service,No internet service,No internet service,No internet service,Month-to-month,No,Bank transfer (automatic),40.39,1052.93,2,No
4714-MRH,Female,0,No,Yes,12,Yes,No,Fiber optic,Yes,No,No,No,Yes,No,Two year,Yes,Credit card (automatic),109.36,1300.69,2,No
3958-ACZ,Female,0,Yes,No,9,Yes,No,No,No internet service,No internet service,No internet service,No internet service,No internet service,No internet service,One year,Yes,Credit card (automatic),42.72,381.74,3,No
4591-DPW,Male,0,No,No,43,Yes,Yes,DSL,No,No,Yes,No,Yes,No,Month-to-month,No,Electronic check,99.48,4275.88,0,No
1525-NBW,Male,0,No,Yes,2,Yes,No,DSL,No,No,Yes,No,No,Yes,Month-to-month,Yes,Electronic check,89.61,176.37,3,Yes
5648-VON,Male,0,No,No,72,Yes,No,Fiber optic,No,No,No,No,No,Yes,Month-to-month,Yes,Bank transfer (automatic),94.99,6828.0,4,No
5599-GYT,Male,0,Yes,No,39,Yes,No,DSL,Yes,No,Yes,No,Yes,Yes,One year,Yes,Mailed check,108.33,4237.75,2,No
9321-GFQ,Female,0,Yes,No,11,Yes,No,No,No internet service,No internet service,No internet service,No internet service,No internet service,No internet service,Month-to-month,Yes,Electronic check,39.43,445.57,1,Yes
9219-BCE,Male,0,No,Yes,72,Yes,No,No,No internet service,No internet service,No internet service,No internet service,No internet service,No internet service,One year,Yes,Electronic check,41.12,2971.4,1,No
5356-AHL,Male,0,Yes,No,6,Yes,No,DSL,No,Yes,Yes,Yes,No,No,Month-to-month,Yes,Mailed check,92.43,564.01,0,No
8062-OKJ,Female,1,Yes,No,13,Yes,No,Fiber optic,No,Yes,No,No,Yes,No,Month-to-month,No,Mailed check,105.49,1373.1,3,Yes
1629-NPJ,Male,1,Yes,No,55,Yes,No,No,No internet service,No internet service,No internet service,No internet service,No internet service,No internet service,Two year,No,Bank transfer (automatic),42.36,2332.87,1,No
6724-JLI,Female,1,Yes,No,72,Yes,No,Fiber optic,No,No,No,No,No,No,Month-to-month,No,Bank transfer (automatic),86.85,6261.84,1,No
7276-THK,Female,0,No,No,7,Yes,No,Fiber optic,No,Yes,No,No,Yes,Yes,Two year,Yes,Mailed check,118.23,818.97,2,No
8115-AYV,Male,0,No,Yes,34,Yes,Yes,Fiber optic,Yes,No,No,Yes,No,Yes,Month-to-month,Yes,Electronic check,126.73,4307.74,3,Yes
7099-YKE,Male,0,Yes,No,10,Yes,Yes,Fiber optic,No,Yes,No,No,No,Yes,Two year,Yes,Mailed check,116.83,1164.72,1,No
3734-ELE,Male,1,No,No,37,Yes,No,Fiber optic,No,No,No,No,No,No,Two year,No,Credit card (automatic),86.25,3191.72,1,No
4568-XLX,Female,1,No,Yes,4,Yes,No,Fiber optic,Yes,Yes,Yes,No,Yes,No,Month-to-month,No,Credit card (automatic),127.66,509.38,1,Yes
3203-OOF,Male,0,No,Yes,11,No,No phone service,Fiber optic,No,No,No,No,No,No,Month-to-month,Yes,Electronic check,64.63,702.75,2,Yes
1619-TRN,Female,0,No,No,2,Yes,No,DSL,Yes,No,No,No,No,No,Two year,Yes,Electronic check,73.99,159.43,1,No
1968-ETZ,Male,1,No,No,17,No,No phone service,Fiber optic,No,No,Yes,No,Yes,No,Month-to-month,Yes,Electronic check,88.3,1502.3,4,Yes
7262-CFE,Female,0,No,Yes,31,Yes,No,DSL,Yes,No,No,No,Yes,Yes,Month-to-month,Yes,Credit card (automatic),96.65,3004.94,5,Yes
6178-EAQ,Male,0,No,No,12,Yes,Yes,Fiber optic,No,No,No,No,No,No,One year,No,Mailed check,93.74,1118.28,1,No
2229-LJT,Male,1,Yes,No,24,Yes,Yes,No,No internet service,No internet service,No internet service,No internet service,No internet service,No internet service,Month-to-month,Yes,Electronic check,47.93,1156.15,2,No
3740-RXK,Female,1,No,Yes,22,Yes,No,DSL,Yes,No,No,No,No,Yes,Month-to-month,No,Bank transfer (automatic),84.89,1862.41,1,No
1125-BYR,Male,1,No,No,9,Yes,No,DSL,No,No,No,No,No,No,Month-to-month,No,Credit card (automatic),63.7,565.36,2,Yes
6342-XOK,Male,0,No,No,17,Yes,No,Fiber optic,No,Yes,No,Yes,No,No,Month-to-month,Yes,Bank transfer (automatic),107.63,1831.53,0,No
4249-WLF,Female,0,Yes,No,2,Yes,No,Fiber optic,Yes,Yes,Yes,No,No,No,Month-to-month,Yes,Credit card (automatic),112.49,218.94,2,Yes
7294-MTP,Male,0,Yes,No,16,Yes,No,Fiber optic,No,No,No,Yes,No,Yes,One year,Yes,Credit card (automatic),106.99,1708.97,1,No
2969-JWH,Male,0,Yes,Yes,16,Yes,Yes,DSL,No,Yes,No,No,Yes,No,Month-to-month,Yes,Electronic check,99.52,1595.86,0,Yes
9320-WHF,Female,0,No,Yes,1,Yes,Yes,No,No internet service,No internet service,No internet service,No internet service,No internet service,No internet service,One year,No,Bank transfer (automatic),50.36,56.52,1,No
5612-OVO,Male,1,No,No,19,Yes,No,Fiber optic,No,Yes,Yes,No,No,Yes,Two year,Yes,Credit card (automatic),115.81,2191.17,1,No
6238-ZKJ,Female,1,Yes,Yes,34,Yes,No,Fiber optic,No,No,Yes,Yes,No,No,Month-to-month,Yes,Electronic check,103.34,3521.29,2,Yes
7257-RQZ,Male,0,No,No,16,Yes,No,DSL,No,No,Yes,No,Yes,No,Two year,Yes,Credit card (automatic),85.93,1367.57,3,No
4719-OHQ,Male,0,Yes,No,26,Yes,Yes,Fiber optic,No,Yes,No,No,No,No,Two year,Yes,Bank transfer (automatic),102.87,2679.03,0,No
1986-HYN,Female,0,No,Yes,20,Yes,No,DSL,No,No,No,No,No,No,Month-to-month,No,Mailed check,63.68,1287.83,1,No
4072-SPN,Male,0,No,No,39,Yes,Yes,Fiber optic,Yes,Yes,Yes,Yes,No,Yes,Two year,No,Electronic check,148.86,5790.88,4,No
4124-PEI,Female,0,Yes,No,19,Yes,Yes,Fiber optic,Yes,No,No,Yes,No,Yes,Month-to-month,Yes,Electronic check,127.92,2424.42,1,Yes
9125-BRF,Female,0,Yes,Yes,11,No,No phone service,No,No internet service,No internet service,No internet service,No internet service,No internet service,No internet service,Two year,Yes,Mailed check,18.5,200.14,2,No
1574-IAI,Male,0,Yes,No,44,Yes,No,Fiber optic,No,No,No,No,Yes,Yes,Two year,Yes,Electronic check,107.77,4744.53,4,No
6208-PMI,Female,1,No,No,2,Yes,No,Fiber optic,No,No,Yes,No,Yes,No,Two year,No,Electronic check,107.42,215.91,2,Yes
4828-MIK,Male,0,Yes,Yes,9,Yes,Yes,No,No internet service,No internet service,No internet service,No internet service,No internet service,No internet service,One year,Yes,Electronic check,48.08,439.18,2,No
4173-NDF,Female,0,No,Yes,23,Yes,Yes,Fiber optic,No,No,Yes,No,Yes,No,Month-to-month,No,Electronic check,115.38,2657.4,2,Yes
5114-FBR,Male,0,Yes,No,49,Yes,No,DSL,No,Yes,No,No,Yes,Yes,Month-to-month,Yes,Electronic check,99.66,4885.84,0,No
2000-WSM,Male,0,No,No,2,Yes,Yes,Fiber optic,No,No,Yes,No,No,No,Month-to-month,No,Mailed check,106.72,208.99,2,Yes
6450-AXV,Female,1,Yes,No,3,Yes,No,Fiber optic,No,No,No,No,Yes,Yes,Two year,Yes,Bank transfer (automatic),110.9,323.8,1,No
1454-YUO,Male,0,Yes,No,9,Yes,Yes,Fiber optic,No,No,No,No,No,No,Month-to-month,Yes,Mailed check,95.31,853.4,1,Yes
8232-LZG,Male,1,Yes,No,11,Yes,No,Fiber optic,No,No,No,No,Yes,No,Two year,Yes,Credit card (automatic),95.77,1038.83,1,No
3190-USY,Male,0,Yes,No,47,No,No phone service,Fiber optic,Yes,Yes,No,No,Yes,No,One year,Yes,Electronic check,99.29,4657.7,0,No
2440-QQC,Female,0,Yes,No,72,Yes,No,Fiber optic,No,Yes,Yes,Yes,No,No,One year,Yes,Bank transfer (automatic),116.7,8397.3,2,No
7059-FZK,Male,0,No,No,1,Yes,No,DSL,Yes,Yes,Yes,No,No,Yes,One year,Yes,Bank transfer (automatic),109.19,117.76,1,No
8010-HNN,Male,1,Yes,No,1,Yes,No,DSL,No,No,Yes,No,No,No,Two year,No,Bank transfer (automatic),77.3,62.98,0,No
3989-ICU,Female,0,No,No,51,No,No phone service,Fiber optic,No,No,No,No,No,No,One year,No,Mailed check,65.68,3335.12,5,No
7471-PBF,Male,0,Yes,No,4,Yes,Yes,Fiber optic,Yes,No,No,Yes,No,No,Month-to-month,Yes,Mailed check,115.51,473.02,3,Yes
2177-YLE,Female,0,Yes,No,11,Yes,Yes,DSL,Yes,No,Yes,Yes,No,No,Two year,Yes,Credit card (automatic),107.29,1176.73,0,No
5399-EOL,Female,0,Yes,Yes,9,Yes,No,No,No internet service,No internet service,No internet service,No internet service,No internet service,No internet service,Two year,Yes,Electronic check,38.62,333.17,3,No
9234-PWF,Male,0,No,Yes,9,Yes,No,No,No internet service,No internet service,No internet service,No internet service,No internet service,No internet service,One year,Yes,Electronic check,38.02,356.67,3,Yes
7570-MUW,Female,1,Yes,No,10,Yes,No,Fiber optic,No,No,No,Yes,No,Yes,One year,No,Electronic check,106.46,1058.54,2,No
5431-OUO,Male,1,Yes,Yes,11,Yes,No,No,No internet service,No internet service,No internet service,No internet service,No internet service,No internet service,One year,Yes,Electronic check,37.5,422.99,2,No
7936-DKS,Male,0,No,Yes,25,Yes,Yes,Fiber optic,No,Yes,Yes,No,No,No,Month-to-month,No,Mailed check,114.93,2877.72,3,Yes
1140-VSB,Male,0,Yes,No,25,Yes,No,Fiber optic,Yes,No,No,No,No,Yes,One year,Yes,Credit card (automatic),105.32,2620.22,2,No
7012-DPU,Female,0,No,No,19,Yes,No,Fiber optic,No,No,Yes,No,No,No,One year,No,Credit card (automatic),94.46,1781.01,4,Yes
4610-OCH,Female,0,Yes,No,49,Yes,No,DSL,No,No,No,Yes,Yes,Yes,Month-to-month,Yes,Bank transfer (automatic),97.5,4785.2,3,No
8311-JDR,Male,0,Yes,No,47,Yes,No,DSL,No,No,Yes,No,Yes,No,One year,Yes,Mailed check,84.0,3953.69,2,No
7787-ZYK,Male,0,No,No,7,Yes,Yes,DSL,No,Yes,No,No,No,No,Month-to-month,Yes,Bank transfer (automatic),87.57,601.35,4,Yes
2286-LJG,Female,0,Yes,Yes,20,Yes,Yes,Fiber optic,Yes,No,No,Yes,Yes,No,Two year,Yes,Bank transfer (automatic),128.77,2584.9,2,No
8052-GXQ,Male,0,Yes,No,39,Yes,No,DSL,No,No,Yes,No,No,Yes,Month-to-month,No,Mailed check,87.5,3417.19,2,No
9105-JXD,Female,0,No,Yes,51,Yes,No,No,No internet service,No internet service,No internet service,No internet service,No internet service,No internet service,Month-to-month,No,Mailed check,37.08,1891.54,1,No
6203-DVG,Female,0,Yes,No,8,Yes,Yes,DSL,Yes,No,No,Yes,Yes,Yes,One year,Yes,Credit card (automatic),121.12,980.18,2,No
6291-XMJ,Male,0,No,No,18,Yes,Yes,No,No internet service,No internet service,No internet service,No internet service,No internet service,No internet service,One year,Yes,Credit card (automatic),51.49,920.2,3,No
7284-WVV,Male,0,No,Yes,19,No,No phone service,No,No internet service,No internet service,No internet service,No internet service,No internet service,No internet service,Month-to-month,No,Mailed check,19.42,375.38,3,No
2300-VIZ,Male,0,No,No,31,Yes,No,DSL,No,No,Yes,No,No,No,Month-to-month,Yes,Bank transfer (automatic),74.99,2337.48,0,No
5616-OJX,Female,0,Yes,No,11,Yes,No,Fiber optic,Yes,Yes,Yes,Yes,No,No,One year,Yes,Electronic check,126.71,1399.31,4,Yes
6752-JHX,Female,0,No,No,9,Yes,Yes,No,No internet service,No internet service,No internet service,No internet service,No internet service,No internet service,Month-to-month,Yes,Mailed check,50.92,456.43,3,Yes
5815-QZE,Female,0,Yes,No,31,Yes,Yes,No,No internet service,No internet service,No internet service,No internet service,No internet service,No internet service,Two year,No,Mailed check,52.42,1637.31,1,No
6699-RXS,Female,0,Yes,Yes,13,Yes,Yes,No,No internet service,No internet service,No internet service,No internet service,No internet service,No internet service,Month-to-month,Yes,Mailed check,50.4,656.21,4,Yes
4683-GJY,Male,0,No,No,1,Yes,No,No,No internet service,No internet service,No internet service,No internet service,No internet service,No internet service,Month-to-month,No,Bank transfer (automatic),40.48,39.47,4,Yes
1145-SDJ,Female,0,Yes,No,70,Yes,Yes,DSL,No,No,No,No,Yes,No,One year,No,Electronic check,88.83,6227.18,3,No
4040-WRE,Male,0,Yes,No,5,Yes,No,DSL,No,No,No,Yes,No,No,Month-to-month,No,Electronic check,73.24,359.96,3,Yes
1482-LBA,Female,0,Yes,No,5,Yes,No,Fiber optic,Yes,Yes,Yes,No,Yes,Yes,Month-to-month,Yes,Credit card (automatic),137.24,691.4,2,Yes
1630-UQV,Female,0,No,No,43,Yes,No,Fiber optic,No,No,Yes,Yes,No,Yes,One year,No,Electronic check,114.84,4947.17,0,No
3852-OCG,Male,1,Yes,No,11,Yes,Yes,DSL,No,No,No,No,Yes,Yes,Month-to-month,No,Electronic check,96.92,1062.77,3,Yes
8327-KJI,Female,1,Yes,No,10,Yes,No,DSL,Yes,No,No,No,No,No,Two year,No,Bank transfer (automatic),76.43,766.61,0,No
2100-YYB,Male,1,No,Yes,25,Yes,No,Fiber optic,Yes,Yes,No,No,No,Yes,Two year,Yes,Mailed check,116.54,2909.59,2,No
2343-CGU,Female,0,No,No,2,No,No phone service,DSL,Yes,Yes,No,Yes,Yes,No,Month-to-month,No,Electronic check,86.83,176.38,1,No
7780-GIQ,Male,0,Yes,Yes,7,No,No phone service,No,No internet service,No internet service,No internet service,No internet service,No internet service,No internet service,Month-to-month,Yes,Bank transfer (automatic),19.69,145.41,2,No
7602-GXN,Female,0,No,No,2,Yes,Yes,DSL,No,No,Yes,No,Yes,Yes,Month-to-month,No,Electronic check,107.46,214.54,0,Yes
6699-ZFJ,Female,0,Yes,No,9,Yes,No,DSL,Yes,No,Yes,No,No,Yes,One year,No,Electronic check,99.79,911.87,0,No
7764-NDH,Male,0,Yes,Yes,51,Yes,Yes,DSL,No,No,No,No,No,No,Two year,No,Electronic check,75.02,3821.47,5,No
8843-CIH,Male,0,Yes,No,61,Yes,No,DSL,No,Yes,Yes,No,Yes,Yes,Month-to-month,Yes,Mailed check,108.3,6607.88,2,No
6472-FIG,Male,0,No,No,10,Yes,No,Fiber optic,No,Yes,Yes,Yes,Yes,Yes,Two year,Yes,Credit card (automatic),140.51,1402.05,1,No
1707-MQB,Female,0,Yes,Yes,6,Yes,Yes,No,No internet service,No internet service,No internet service,No internet service,No internet service,No internet service,Month-to-month,Yes,Mailed check,51.63,312.38,4,Yes
6051-ELU,Female,0,No,Yes,4,Yes,No,Fiber optic,No,No,No,No,Yes,No,One year,Yes,Electronic check,99.91,399.72,1,Yes
8397-HRC,Female,0,No,No,13,Yes,No,Fiber optic,No,Yes,Yes,No,No,Yes,One year,Yes,Credit card (automatic),116.78,1515.25,1,No
8979-ZCV,Female,0,Yes,No,44,Yes,No,No,No internet service,No internet service,No internet service,No internet service,No internet service,No internet service,Two year,Yes,Mailed check,37.61,1648.49,2,No
6249-WLB,Female,1,No,No,48,Yes,Yes,DSL,No,No,No,Yes,No,No,One year,No,Credit card (automatic),86.61,4162.77,2,No
4874-BWT,Female,0,Yes,Yes,2,Yes,Yes,DSL,No,No,No,No,No,Yes,One year,Yes,Mailed check,88.24,172.49,1,No
1661-LZD,Male,0,Yes,Yes,6,Yes,Yes,Fiber optic,No,Yes,No,Yes,Yes,No,Month-to-month,No,Electronic check,124.33,750.41,2,Yes
4374-YWP,Female,0,No,No,6,Yes,Yes,DSL,No,No,No,No,Yes,No,One year,No,Bank transfer (automatic),87.43,524.68,1,No
3665-YWP,Female,0,No,No,45,Yes,No,No,No internet service,No internet service,No internet service,No internet service,No internet service,No internet service,One year,No,Credit card (automatic),37.83,1689.54,3,No
4083-QPL,Male,0,No,No,16,Yes,No,No,No internet service,No internet service,No internet service,No internet service,No internet service,No internet service,One year,Yes,Bank transfer (automatic),42.91,681.95,2,No
4719-TCP,Male,0,Yes,No,12,Yes,No,Fiber optic,No,Yes,No,No,No,No,Month-to-month,No,Electronic check,96.89,1172.09,0,Yes
1236-WSH,Male,0,No,Yes,72,Yes,No,Fiber optic,Yes,No,Yes,Yes,No,No,Month-to-month,No,Electronic check,112.79,8128.82,4,No
7099-HXL,Male,1,No,No,65,Yes,Yes,Fiber optic,No,No,Yes,Yes,No,No,Month-to-month,Yes,Bank transfer (automatic),112.59,7330.71,0,No
3368-YUT,Male,0,Yes,No,15,Yes,Yes,Fiber optic,No,No,No,No,No,No,Two year,Yes,Electronic check,93.69,1392.41,4,Yes
5037-VRH,Female,0,No,Yes,4,Yes,Yes,Fiber optic,No,No,No,No,Yes,No,Month-to-month,Yes,Mailed check,105.55,430.22,0,Yes
5895-AUP,Female,0,No,No,5,No,No phone service,DSL,Yes,Yes,No,Yes,Yes,Yes,Two year,No,Credit card (automatic),98.62,492.92,5,No
3785-NDA,Male,0,Yes,No,3,Yes,No,Fiber optic,No,No,No,No,No,Yes,Month-to-month,Yes,Credit card (automatic),94.07,279.96,1,Yes
6782-RMB,Male,0,No,No,29,Yes,Yes,DSL,No,No,Yes,No,Yes,No,One year,No,Mailed check,98.0,2838.52,2,No
3408-UBY,Female,0,No,No,21,No,No phone service,DSL,Yes,No,No,No,No,Yes,Month-to-month,Yes,Bank transfer (automatic),66.94,1405.23,4,No
3496-KCT,Male,0,No,No,21,Yes,Yes,Fiber optic,Yes,No,Yes,Yes,Yes,Yes,One year,No,Electronic check,146.33,3081.38,1,No
8574-ZDR,Female,0,Yes,No,3,Yes,No,Fiber optic,Yes,No,No,Yes,No,Yes,One year,Yes,Electronic check,114.23,355.28,2,No
5406-FCV,Female,0,No,No,40,Yes,No,Fiber optic,Yes,Yes,Yes,No,No,No,Month-to-month,No,Bank transfer (automatic),113.02,4532.73,9,Yes
5437-ETJ,Male,0,No,No,20,Yes,Yes,Fiber optic,No,No,No,No,Yes,Yes,Month-to-month,Yes,Electronic check,117.96,2350.37,1,Yes
5107-OQJ,Female,0,Yes,No,3,Yes,Yes,DSL,No,No,No,No,Yes,No,One year,No,Bank transfer (automatic),84.37,259.04,2,No
9785-MCX,Female,0,No,Yes,35,Yes,No,Fiber optic,No,No,Yes,No,Yes,No,Month-to-month,No,Bank transfer (automatic),105.95,3722.49,3,Yes
8629-FCP,Female,0,No,No,72,Yes,No,Fiber optic,No,No,No,No,Yes,Yes,Two year,Yes,Mailed check,111.4,8024.02,1,No
8693-IOU,Female,0,Yes,Yes,15,Yes,Yes,No,No internet service,No internet service,No internet service,No internet service,No internet service,No internet service,Month-to-month,Yes,Bank transfer (automatic),50.11,747.3,3,Yes
8842-BBC,Male,0,Yes,No,4,Yes,No,Fiber optic,No,No,No,Yes,No,Yes,Two year,Yes,Mailed check,104.06,425.13,8,Yes
8373-TRJ,Male,0,No,Yes,3,Yes,Yes,DSL,No,Yes,Yes,No,Yes,Yes,Month-to-month,Yes,Bank transfer (automatic),119.88,370.35,3,Yes
6656-BYV,Male,0,Yes,No,1,Yes,No,Fiber optic,No,No,Yes,No,No,No,Two year,Yes,Bank transfer (automatic),97.49,84.27,2,No
5259-NAN,Male,0,Yes,No,37,Yes,No,No,No internet service,No internet service,No internet service,No internet service,No internet service,No internet service,Month-to-month,Yes,Bank transfer (automatic),38.05,1403.08,5,Yes
5917-NTC,Male,0,No,No,30,Yes,No,DSL,No,No,No,No,No,Yes,Two year,No,Mailed check,76.76,2305.88,3,No
3530-IFY,Female,0,No,No,22,Yes,No,No,No internet service,No internet service,No internet service,No internet service,No internet service,No internet service,Two year,No,Mailed check,39.07,869.56,7,No
6772-UBH,Female,0,Yes,Yes,37,Yes,Yes,Fiber optic,No,No,No,Yes,No,No,Month-to-month,No,Bank transfer (automatic),102.29,3777.71,2,No
3964-BDY,Female,1,No,Yes,72,Yes,Yes,No,No internet service,No internet service,No internet service,No internet service,No internet service,No internet service,One year,Yes,Mailed check,48.51,3505.05,0,No
8340-LMN,Female,0,No,No,13,Yes,No,Fiber optic,Yes,Yes,No,No,Yes,No,One year,Yes,Electronic check,116.05,1504.36,3,Yes
6777-FKB,Male,0,Yes,Yes,31,Yes,Yes,Fiber optic,No,Yes,No,No,Yes,No,Month-to-month,Yes,Mailed check,119.04,3683.07,4,Yes
6179-WSS,Male,0,No,No,12,Yes,Yes,No,No internet service,No internet service,No internet service,No internet service,No internet service,No internet service,One year,Yes,Mailed check,48.22,563.66,1,No
7488-BKR,Female,0,No,No,11,Yes,Yes,No,No internet service,No internet service,No internet service,No internet service,No internet service,No internet service,One year,No,Electronic check,51.01,554.52,1,No
6175-OIW,Male,0,Yes,No,48,Yes,Yes,DSL,No,No,Yes,No,Yes,No,Month-to-month,Yes,Electronic check,97.01,4663.35,6,Yes
6448-NSG,Female,0,No,No,22,Yes,No,No,No internet service,No internet service,No internet service,No internet service,No internet service,No internet service,Month-to-month,No,Bank transfer (automatic),37.05,818.83,1,No
9591-ADD,Female,0,No,No,4,Yes,No,Fiber optic,No,No,Yes,No,Yes,Yes,Month-to-month,Yes,Credit card (automatic),119.94,477.94,2,Yes
2638-HQE,Male,0,Yes,No,13,Yes,No,No,No internet service,No internet service,No internet service,No internet service,No internet service,No internet service,One year,Yes,Mailed check,42.0,551.03,2,No
2382-TTD,Male,0,Yes,No,40,Yes,No,DSL,No,No,Yes,No,No,No,Two year,Yes,Electronic check,74.67,2987.45,0,No
5517-GRE,Male,0,Yes,Yes,71,Yes,No,DSL,Yes,No,No,No,No,No,Month-to-month,Yes,Credit card (automatic),73.13,5189.95,1,No
8870-CGV,Female,0,Yes,No,24,Yes,No,Fiber optic,Yes,Yes,No,No,No,No,Month-to-month,Yes,Bank transfer (automatic),106.61,2547.47,0,No
2549-GEV,Male,1,Yes,Yes,13,Yes,No,No,No internet service,No internet service,No internet service,No internet service,No internet service,No internet service,Month-to-month,Yes,Credit card (automatic),37.11,478.96,3,No
4716-WBU,Female,0,Yes,No,8,Yes,No,Fiber optic,No,No,No,No,Yes,Yes,Month-to-month,Yes,Credit card (automatic),109.04,859.95,3,Yes
3293-FOU,Male,1,No,No,14,Yes,Yes,No,No internet service,No internet service,No internet service,No internet service,No internet service,No internet service,Month-to-month,Yes,Credit card (automatic),47.25,664.78,0,No
7793-WZX,Female,0,Yes,No,21,Yes,No,DSL,No,No,No,No,No,Yes,Month-to-month,Yes,Credit card (automatic),79.25,1675.42,2,No
6542-EAM,Male,0,No,Yes,1,Yes,Yes,DSL,Yes,No,Yes,No,No,Yes,Month-to-month,Yes,Bank transfer (automatic),109.91,98.86,2,Yes
7356-ZRM,Female,0,No,No,8,Yes,No,Fiber optic,Yes,Yes,Yes,No,No,No,One year,Yes,Credit card (automatic),117.95,948.81,3,Yes
8380-URE,Female,0,No,No,28,Yes,No,DSL,No,Yes,Yes,Yes,No,No,One year,Yes,Mailed check,92.93,2593.45,1,No
5268-DQC,Male,0,No,No,28,Yes,No,DSL,No,No,Yes,No,Yes,Yes,Two year,No,Credit card (automatic),99.76,2783.94,2,No
5592-KUT,Female,0,No,Yes,27,Yes,No,Fiber optic,No,Yes,No,No,No,Yes,Month-to-month,No,Electronic check,107.53,2912.12,4,Yes
6887-WUZ,Male,1,No,Yes,72,Yes,No,DSL,Yes,No,No,Yes,Yes,Yes,Month-to-month,No,Electronic check,108.39,7805.74,2,No
6827-BTP,Male,0,No,Yes,22,Yes,No,Fiber optic,Yes,Yes,No,Yes,No,No,Month-to-month,Yes,Mailed check,116.83,2583.51,4,Yes
1593-HCI,Male,0,Yes,Yes,8,Yes,No,DSL,No,Yes,No,Yes,No,No,Two year,Yes,Electronic check,86.77,708.63,3,No
4493-JUJ,Female,0,Yes,Yes,42,Yes,Yes,No,No internet service,No internet service,No internet service,No internet service,No internet service,No internet service,Month-to-month,Yes,Bank transfer (automatic),52.12,2193.63,2,No
3672-IQX,Male,0,No,No,13,Yes,No,No,No internet service,No internet service,No internet service,No internet service,No internet service,No internet service,Two year,No,Credit card (automatic),41.75,539.83,2,No
1392-IAB,Female,1,No,Yes,7,Yes,No,No,No internet service,No internet service,No internet service,No internet service,No internet service,No internet service,Month-to-month,Yes,Electronic check,40.35,276.22,1,No
1571-PAJ,Male,1,Yes,Yes,21,Yes,No,DSL,No,No,Yes,No,No,Yes,Two year,Yes,Electronic check,87.21,1821.19,0,No
9433-ZHU,Male,0,Yes,Yes,9,Yes,Yes,No,No internet service,No internet service,No internet service,No internet service,No internet service,No internet service,Month-to-month,Yes,Bank transfer (automatic),47.69,428.63,1,No
8451-KWB,Female,0,No,No,13,No,No phone service,Fiber optic,Yes,No,No,No,No,Yes,Month-to-month,Yes,Bank transfer (automatic),89.18,1158.37,1,Yes
1775-VHQ,Female,0,Yes,No,30,Yes,No,DSL,No,No,No,No,No,Yes,Month-to-month,No,Bank transfer (automatic),79.11,2358.35,2,No
1078-QWX,Male,0,No,No,72,Yes,No,DSL,No,No,No,No,Yes,Yes,One year,No,Bank transfer (automatic),91.19,6571.97,3,No
8340-SEL,Female,0,No,No,26,Yes,Yes,Fiber optic,No,No,Yes,Yes,No,No,One year,Yes,Electronic check,112.17,2911.63,0,No
7230-EHM,Male,1,Yes,No,9,No,No phone service,Fiber optic,Yes,No,No,No,No,No,Month-to-month,No,Bank transfer (automatic),73.47,671.66,3,Yes
4271-YWK,Female,0,Yes,Yes,3,Yes,Yes,No,No internet service,No internet service,No internet service,No internet service,No internet service,No internet service,Month-to-month,Yes,Mailed check,49.56,145.49,1,Yes
4456-MSX,Female,0,Yes,No,12,No,No phone service,No,No internet service,No internet service,No internet service,No internet service,No internet service,No internet service,Two year,Yes,Electronic check,18.55,235.63,1,No
8650-XQE,Male,1,Yes,No,1,Yes,Yes,No,No internet service,No internet service,No internet service,No internet service,No internet service,No internet service,One year,Yes,Mailed check,51.76,57.93,0,No
1147-UHZ,Female,1,No,No,16,Yes,No,Fiber optic,No,Yes,Yes,No,No,Yes,Two year,No,Electronic check,114.75,1833.45,3,Yes
1365-DKT,Male,0,No,No,27,No,No phone service,Fiber optic,No,No,No,Yes,No,No,Month-to-month,Yes,Electronic check,75.52,2039.79,2,Yes
6330-GSS,Male,0,No,Yes,18,No,No phone service,Fiber optic,Yes,Yes,No,Yes,Yes,Yes,One year,Yes,Electronic check,120.14,2159.11,1,No
9964-VHJ,Female,1,No,Yes,51,Yes,Yes,No,No internet service,No internet service,No internet service,No internet service,No internet service,No internet service,Two year,Yes,Mailed check,51.42,2620.65,1,No
7511-QHH,Male,1,No,No,18,Yes,No,No,No internet service,No internet service,No internet service,No internet service,No internet service,No internet service,Month-to-month,No,Mailed check,40.65,718.27,2,No
3376-BOR,Female,1,No,No,16,Yes,Yes,DSL,No,No,Yes,Yes,Yes,No,One year,Yes,Credit card (automatic),106.82,1701.27,1,No
2827-DNI,Female,0,No,No,10,Yes,No,Fiber optic,Yes,No,No,No,No,No,One year,Yes,Credit card (automatic),93.2,945.12,3,Yes
9569-WRJ,Male,0,No,No,46,Yes,No,Fiber optic,No,Yes,No,No,No,No,Month-to-month,No,Electronic check,93.57,4306.28,1,No
3196-DLH,Female,0,No,Yes,59,Yes,No,Fiber optic,No,No,No,No,Yes,Yes,One year,Yes,Mailed check,106.45,6265.88,6,No
1769-VMU,Male,0,No,Yes,72,Yes,No,DSL,Yes,Yes,No,No,Yes,No,One year,No,Credit card (automatic),96.64,6972.99,0,No
7303-PBK,Male,0,Yes,Yes,72,Yes,Yes,Fiber optic,No,No,No,Yes,No,No,Month-to-month,Yes,Mailed check,102.1,7346.39,4,No
1521-OQH,Female,0,Yes,No,72,Yes,Yes,Fiber optic,No,No,Yes,No,No,No,Month-to-month,Yes,Credit card (automatic),103.52,7466.75,2,No
8569-WIY,Female,1,No,No,32,Yes,No,DSL,Yes,No,No,Yes,Yes,No,One year,Yes,Electronic check,98.4,3162.36,1,No
5583-NZY,Male,1,No,No,21,Yes,No,Fiber optic,No,Yes,No,No,Yes,No,Month-to-month,No,Bank transfer (automatic),107.4,2256.23,2,Yes
3461-TUL,Male,0,No,Yes,5,Yes,No,No,No internet service,No internet service,No internet service,No internet service,No internet service,No internet service,One year,No,Bank transfer (automatic),41.5,205.88,2,No
1685-QXU,Male,0,No,No,37,Yes,Yes,DSL,No,No,No,No,Yes,Yes,Month-to-month,No,Electronic check,97.69,3612.06,0,No
6341-WGQ,Female,0,No,No,34,Yes,No,No,No internet service,No internet service,No internet service,No internet service,No internet service,No internet service,Two year,Yes,Credit card (automatic),41.06,1395.61,3,No
5875-IOR,Female,1,Yes,Yes,47,Yes,No,Fiber optic,No,No,Yes,No,Yes,No,One year,Yes,Bank transfer (automatic),108.55,5105.2,3,No
3196-MUH,Male,0,Yes,No,16,Yes,No,DSL,Yes,Yes,No,No,Yes,No,One year,Yes,Electronic check,97.94,1555.6,3,No
1301-HNG,Female,0,Yes,No,56,Yes,Yes,No,No internet service,No internet service,No internet service,No internet service,No internet service,No internet service,Month-to-month,Yes,Electronic check,49.73,2791.8,2,No
9789-VKY,Male,0,Yes,No,32,Yes,No,No,No internet service,No internet service,No internet service,No internet service,No internet service,No internet service,Month-to-month,Yes,Electronic check,38.14,1216.29,1,No
8003-MRB,Female,1,No,Yes,5,No,No phone service,Fiber optic,No,No,No,No,Yes,No,Two year,Yes,Credit card (automatic),78.9,394.79,0,No
5558-TRO,Male,0,Yes,No,6,Yes,Yes,DSL,No,No,Yes,No,No,Yes,Month-to-month,Yes,Credit card (automatic),98.54,604.67,2,Yes
5082-WXL,Male,0,Yes,Yes,43,Yes,Yes,DSL,Yes,No,No,No,Yes,Yes,Month-to-month,No,Bank transfer (automatic),110.52,4766.64,2,No
9652-VKE,Male,1,Yes,No,14,Yes,Yes,Fiber optic,No,No,No,Yes,No,No,One year,No,Electronic check,107.41,1493.01,4,Yes
2724-AXC,Male,0,No,No,8,Yes,Yes,DSL,No,No,No,Yes,Yes,Yes,Month-to-month,Yes,Credit card (automatic),111.28,887.5,0,No
9894-VSW,Male,0,Yes,Yes,14,Yes,Yes,Fiber optic,No,No,Yes,No,No,No,Month-to-month,Yes,Mailed check,103.72,1446.36,2,Yes
3460-GLO,Male,0,No,Yes,5,Yes,Yes,DSL,No,No,No,Yes,No,Yes,Month-to-month,No,Credit card (automatic),94.26,463.15,2,Yes
8295-EOH,Female,0,Yes,No,56,No,No phone service,No,No internet service,No internet service,No internet service,No internet service,No internet service,No internet service,Month-to-month,No,Electronic check,22.58,1273.2,3,No
9553-ZPH,Male,0,Yes,Yes,2,Yes,No,No,No internet service,No internet service,No internet service,No internet service,No internet service,No internet service,Month-to-month,No,Credit card (automatic),39.15,67.05,3,Yes
7272-LEC,Male,0,No,No,11,Yes,No,No,No internet service,No internet service,No internet service,No internet service,No internet service,No internet service,Two year,Yes,Electronic check,42.84,464.73,2,No
1448-DHC,Male,0,No,No,21,No,No phone service,No,No internet service,No internet service,No internet service,No internet service,No internet service,No internet service,Month-to-month,Yes,Credit card (automatic),21.46,439.85,1,No
6343-JBK,Male,1,No,No,52,Yes,No,No,No internet service,No internet service,No internet service,No internet service,No internet service,No internet service,Two year,Yes,Bank transfer (automatic),39.07,2033.2,3,No
3520-JUN,Male,0,No,Yes,39,Yes,Yes,Fiber optic,No,Yes,No,No,No,No,Two year,No,Mailed check,105.52,4102.05,0,No
3159-MIT,Female,0,No,Yes,1,Yes,Yes,No,No internet service,No internet service,No internet service,No internet service,No internet service,No internet service,Two year,Yes,Electronic check,52.56,46.8,1,No
3979-VJZ,Male,0,No,Yes,44,Yes,Yes,Fiber optic,No,No,No,Yes,No,Yes,Two year,No,Electronic check,114.71,5061.86,1,No
9505-VLQ,Male,0,Yes,Yes,26,Yes,No,No,No internet service,No internet service,No internet service,No internet service,No internet service,No internet service,Month-to-month,Yes,Mailed check,41.29,1059.88,4,Yes
2037-YBU,Male,0,No,Yes,4,Yes,No,Fiber optic,No,No,No,Yes,No,Yes,Two year,Yes,Electronic check,105.82,435.6,2,No
8544-TKP,Male,1,No,No,25,Yes,Yes,Fiber optic,No,Yes,Yes,Yes,No,No,Month-to-month,Yes,Electronic check,122.59,3061.45,1,Yes
2778-WFX,Female,0,No,No,43,No,No phone service,Fiber optic,No,No,No,No,Yes,Yes,Two year,Yes,Credit card (automatic),88.26,3790.57,3,No
8378-EZD,Female,0,No,Yes,24,Yes,No,DSL,Yes,Yes,No,No,No,Yes,Month-to-month,No,Credit card (automatic),95.56,2297.84,4,Yes
6251-TJX,Male,0,No,Yes,72,Yes,No,No,No internet service,No internet service,No internet service,No internet service,No internet service,No internet service,Month-to-month,No,Electronic check,37.33,2700.53,4,No
2013-CZE,Male,0,Yes,No,18,Yes,Yes,Fiber optic,No,No,Yes,Yes,No,Yes,Two year,No,Electronic check,129.84,2327.93,1,No
8909-UVH,Female,0,No,No,28,Yes,Yes,Fiber optic,No,No,No,No,No,No,Month-to-month,No,Electronic check,93.78,2620.73,0,Yes
5966-UJF,Male,0,No,No,2,Yes,No,Fiber optic,Yes,Yes,Yes,No,Yes,No,Two year,No,Electronic check,126.62,253.41,2,Yes
6891-YMT,Female,1,No,No,42,Yes,No,Fiber optic,No,No,No,No,Yes,Yes,Two year,No,Electronic check,110.58,4657.97,1,No
3563-NCX,Male,1,No,Yes,25,Yes,Yes,No,No internet service,No internet service,No internet service,No internet service,No internet service,No internet service,One year,No,Mailed check,47.3,1195.25,2,No
5431-ZWT,Female,0,No,Yes,21,Yes,Yes,No,No internet service,No internet service,No internet service,No internet service,No internet service,No internet service,One year,No,Electronic check,50.27,1053.6,5,No
4959-XBR,Female,0,No,Yes,31,Yes,Yes,DSL,No,No,Yes,No,No,No,One year,Yes,Credit card (automatic),86.75,2675.46,1,No
4390-NSV,Male,0,Yes,Yes,21,Yes,No,Fiber optic,No,Yes,Yes,No,No,No,Two year,No,Electronic check,107.07,2243.78,1,No
1663-MLZ,Male,0,No,No,37,Yes,Yes,DSL,Yes,No,No,No,Yes,No,One year,Yes,Credit card (automatic),98.23,3629.49,1,No
6093-UDS,Male,0,Yes,No,22,Yes,Yes,DSL,No,No,Yes,No,Yes,No,Two year,Yes,Credit card (automatic),96.35,2129.52,5,No
9623-MDW,Male,0,Yes,No,19,Yes,No,DSL,Yes,No,No,No,No,No,Month-to-month,Yes,Credit card (automatic),75.37,1431.06,2,No
7256-WAR,Female,0,No,Yes,4,Yes,No,DSL,Yes,No,No,No,Yes,No,Month-to-month,No,Credit card (automatic),85.09,330.51,6,Yes
1830-TQO,Female,1,Yes,No,16,Yes,No,Fiber optic,No,No,Yes,No,No,No,One year,Yes,Mailed check,95.66,1529.52,1,No
2019-VMA,Male,0,No,No,20,Yes,No,No,No internet service,No internet service,No internet service,No internet service,No internet service,No internet service,Month-to-month,Yes,Credit card (automatic),37.65,755.54,2,No
2283-TPO,Female,0,No,No,25,No,No phone service,Fiber optic,No,Yes,No,No,No,Yes,Month-to-month,Yes,Credit card (automatic),89.22,2221.07,0,Yes
3010-OFO,Male,0,No,No,16,Yes,Yes,Fiber optic,No,No,No,No,Yes,Yes,Month-to-month,No,Mailed check,121.74,1937.85,3,Yes
3125-KGI,Male,0,Yes,No,4,Yes,Yes,DSL,No,No,No,No,Yes,No,Two year,No,Mailed check,85.72,353.46,2,No
4471-EYT,Male,0,No,Yes,5,Yes,Yes,No,No internet service,No internet service,No internet service,No internet service,No internet service,No internet service,One year,Yes,Bank transfer (automatic),48.25,233.8,2,No
9329-RCM,Female,0,No,Yes,32,Yes,Yes,No,No internet service,No internet service,No internet service,No internet service,No internet service,No internet service,Two year,Yes,Mailed check,50.27,1598.7,1,No
7397-VMF,Male,0,No,Yes,28,No,No phone service,Fiber optic,Yes,Yes,No,No,Yes,No,Month-to-month,No,Credit card (automatic),99.63,2775.65,0,No
4920-MSU,Female,0,Yes,No,8,Yes,Yes,DSL,No,No,Yes,No,No,No,Month-to-month,No,Electronic check,84.49,672.26,4,Yes
2449-CNZ,Male,0,No,Yes,15,Yes,No,DSL,No,Yes,No,Yes,No,No,Month-to-month,Yes,Credit card (automatic),82.61,1227.54,7,Yes
8999-ETQ,Female,0,No,No,10,Yes,No,Fiber optic,No,No,Yes,No,Yes,Yes,One year,No,Credit card (automatic),121.62,1228.09,2,Yes
9895-EDF,Female,0,No,No,5,Yes,No,Fiber optic,Yes,Yes,No,Yes,Yes,Yes,One year,Yes,Credit card (automatic),137.27,684.83,1,No
4331-GGR,Female,0,No,No,10,Yes,No,No,No internet service,No internet service,No internet service,No internet service,No internet service,No internet service,Month-to-month,Yes,Bank transfer (automatic),40.72,413.23,1,No
3978-AXY,Female,0,Yes,No,8,Yes,No,DSL,No,No,No,No,No,Yes,Month-to-month,Yes,Electronic check,79.35,627.17,1,Yes
1685-LYT,Male,0,Yes,No,3,Yes,Yes,DSL,No,Yes,No,No,No,No,Month-to-month,No,Credit card (automatic),85.47,270.1,3,Yes
7868-XLJ,Female,0,Yes,No,18,Yes,Yes,DSL,No,Yes,No,No,No,Yes,One year,Yes,Bank transfer (automatic),94.6,1702.97,2,No
5998-CWN,Female,1,No,No,15,Yes,No,Fiber optic,No,Yes,Yes,No,Yes,Yes,Month-to-month,No,Electronic check,129.72,1960.62,2,Yes
1631-JPP,Male,0,No,No,32,Yes,Yes,DSL,No,Yes,No,No,Yes,No,One year,Yes,Electronic check,94.15,3013.61,0,No
3014-JYM,Female,0,No,No,25,No,No phone service,DSL,No,No,No,No,No,No,Month-to-month,No,Electronic check,42.66,1051.68,0,No
1581-LIM,Male,0,No,No,11,Yes,No,Fiber optic,No,Yes,No,Yes,Yes,Yes,Two year,No,Credit card (automatic),130.29,1440.9,4,No
6347-XKT,Female,0,No,No,18,Yes,No,DSL,No,No,No,No,No,Yes,Two year,Yes,Mailed check,78.86,1412.01,3,No
9017-ZKY,Male,1,Yes,No,20,Yes,Yes,No,No internet service,No internet service,No internet service,No internet service,No internet service,No internet service,One year,Yes,Credit card (automatic),50.6,1023.57,0,No
1689-AGF,Female,0,Yes,No,63,Yes,No,No,No internet service,No internet service,No internet service,No internet service,No internet service,No internet service,Two year,Yes,Mailed check,40.06,2517.83,1,No
1671-XKT,Female,0,No,No,72,Yes,No,DSL,No,No,No,No,Yes,No,One year,No,Mailed check,74.08,5340.64,3,No
6591-OPG,Female,0,No,No,43,Yes,Yes,DSL,Yes,No,Yes,No,Yes,No,One year,Yes,Electronic check,108.6,4679.62,4,No
2449-ZLX,Female,0,No,No,21,Yes,No,DSL,No,No,No,Yes,No,No,Month-to-month,Yes,Credit card (automatic),76.66,1597.79,0,No
7285-YEZ,Male,0,Yes,No,66,Yes,Yes,No,No internet service,No internet service,No internet service,No internet service,No internet service,No internet service,One year,No,Electronic check,51.52,3412.71,2,No
7164-REC,Female,0,Yes,No,5,Yes,Yes,Fiber optic,No,Yes,No,No,No,No,Month-to-month,No,Bank transfer (automatic),105.41,535.52,2,Yes
4670-ZEX,Male,0,No,No,30,Yes,No,Fiber optic,Yes,No,No,Yes,No,No,Month-to-month,Yes,Electronic check,107.33,3212.23,2,No
2938-SYU,Male,1,No,Yes,16,Yes,No,Fiber optic,No,No,No,No,Yes,Yes,Two year,Yes,Credit card (automatic),110.86,1770.52,3,No
7588-IAR,Male,0,No,No,4,Yes,Yes,DSL,No,Yes,Yes,Yes,No,No,Month-to-month,No,Mailed check,103.19,409.34,1,No
8875-JYG,Male,0,Yes,Yes,2,Yes,Yes,No,No internet service,No internet service,No internet service,No internet service,No internet service,No internet service,Month-to-month,Yes,Electronic check,47.7,108.1,1,Yes
1597-WAQ,Female,1,No,No,17,Yes,Yes,No,No internet service,No internet service,No internet service,No internet service,No internet service,No internet service,One year,No,Mailed check,47.11,811.04,0,No
1572-BZK,Female,0,Yes,No,7,Yes,Yes,No,No internet service,No internet service,No internet service,No internet service,No internet service,No internet service,Two year,Yes,Electronic check,48.28,350.71,6,No
7566-VQQ,Female,1,No,Yes,8,Yes,No,DSL,Yes,No,Yes,No,No,No,Month-to-month,No,Bank transfer (automatic),86.42,689.11,0,No
2633-FNF,Female,1,No,No,10,Yes,No,Fiber optic,No,No,Yes,Yes,No,No,One year,No,Mailed check,104.85,1053.48,1,No
4648-JUE,Female,0,Yes,Yes,32,No,No phone service,Fiber optic,Yes,No,No,No,No,No,Month-to-month,Yes,Electronic check,76.18,2444.89,0,No
2537-VPY,Female,0,Yes,No,5,Yes,No,Fiber optic,No,Yes,Yes,Yes,No,Yes,Two year,No,Bank transfer (automatic),128.82,653.88,1,No
4137-JBP,Male,0,Yes,Yes,32,Yes,No,DSL,No,No,No,No,Yes,Yes,One year,Yes,Electronic check,88.18,2832.86,2,No
4750-VLX,Male,1,No,Yes,39,Yes,No,No,No internet service,No internet service,No internet service,No internet service,No internet service,No internet service,Month-to-month,Yes,Credit card (automatic),42.26,1659.76,5,Yes
9174-HFJ,Female,0,No,No,23,No,No phone service,Fiber optic,No,Yes,No,Yes,Yes,Yes,One year,No,Bank transfer (automatic),110.7,2534.65,2,No
1610-SQG,Female,0,Yes,Yes,8,Yes,No,Fiber optic,No,Yes,No,No,No,No,One year,Yes,Mailed check,95.59,762.89,1,No
3324-TZD,Female,1,Yes,No,2,Yes,Yes,DSL,No,No,Yes,No,Yes,No,Two year,Yes,Electronic check,98.14,197.7,1,No
6774-XHU,Male,1,No,Yes,14,Yes,No,Fiber optic,Yes,No,No,Yes,Yes,No,Month-to-month,No,Bank transfer (automatic),115.75,1606.08,4,Yes
2749-TNI,Female,1,No,No,48,Yes,No,DSL,No,No,No,No,No,No,One year,Yes,Mailed check,66.49,3184.3,4,No
7823-ZZQ,Female,0,Yes,No,3,Yes,No,No,No internet service,No internet service,No internet service,No internet service,No internet service,No internet service,Month-to-month,No,Bank transfer (automatic),37.91,106.55,1,No
3113-YXC,Female,1,Yes,No,35,No,No phone service,DSL,No,No,Yes,No,No,Yes,One year,No,Bank transfer (automatic),64.99,2270.31,2,No
8264-JTC,Male,0,No,No,16,Yes,No,DSL,Yes,Yes,No,No,Yes,No,One year,No,Bank transfer (automatic),97.79,1576.32,0,No
5869-GTW,Male,0,Yes,No,58,Yes,No,Fiber optic,Yes,No,No,No,Yes,Yes,Month-to-month,Yes,Bank transfer (automatic),117.35,6807.69,2,No
7744-RKS,Female,0,Yes,No,12,Yes,No,Fiber optic,No,No,Yes,No,No,Yes,Month-to-month,No,Mailed check,106.55,1283.79,3,Yes
7852-SKX,Male,0,No,Yes,31,Yes,Yes,Fiber optic,Yes,No,No,No,Yes,No,Month-to-month,Yes,Credit card (automatic),117.33,3648.74,2,Yes
7411-JHX,Male,0,No,No,34,Yes,No,DSL,Yes,Yes,No,Yes,Yes,No,Month-to-month,Yes,Credit card (automatic),108.1,3679.46,4,No
3555-IDE,Male,0,No,No,6,Yes,No,Fiber optic,Yes,No,No,No,No,Yes,Month-to-month,No,Bank transfer (automatic),109.11,652.8,2,Yes
8239-WIO,Female,0,Yes,No,5,Yes,Yes,Fiber optic,No,No,Yes,No,Yes,No,Two year,Yes,Electronic check,117.16,590.34,4,Yes
9078-PNH,Female,0,Yes,Yes,3,Yes,Yes,Fiber optic,No,No,No,No,No,No,Month-to-month,No,Credit card (automatic),95.19,290.61,4,Yes
7971-TFL,Male,0,Yes,No,31,Yes,No,Fiber optic,No,No,Yes,No,No,No,Month-to-month,Yes,Electronic check,96.51,2991.59,3,Yes
3822-PCM,Male,1,No,No,20,Yes,No,DSL,No,No,No,No,Yes,Yes,One year,Yes,Electronic check,90.94,1832.53,2,No
1258-RKH,Male,0,No,No,3,Yes,No,Fiber optic,No,Yes,Yes,Yes,No,Yes,Two year,Yes,Bank transfer (automatic),124.71,369.21,3,No
7629-AAW,Female,0,No,No,10,Yes,No,Fiber optic,No,No,No,No,No,No,One year,No,Bank transfer (automatic),82.71,838.95,4,Yes
8167-HEP,Male,0,No,Yes,4,Yes,Yes,No,No internet service,No internet service,No internet service,No internet service,No internet service,No internet service,Month-to-month,Yes,Credit card (automatic),50.38,187.87,4,Yes
4690-EDF,Male,0,No,No,3,Yes,Yes,Fiber optic,No,No,No,Yes,Yes,Yes,One year,Yes,Electronic check,128.79,391.89,1,Yes
7509-VSI,Female,0,Yes,Yes,9,Yes,Yes,Fiber optic,No,No,No,No,No,Yes,Month-to-month,Yes,Electronic check,107.01,971.01,4,Yes
8183-AMW,Male,0,Yes,Yes,3,No,No phone service,No,No internet service,No internet service,No internet service,No internet service,No internet service,No internet service,One year,No,Credit card (automatic),18.5,43.91,6,Yes
6108-UMB,Male,0,Yes,No,8,Yes,No,DSL,No,Yes,No,No,No,Yes,One year,Yes,Electronic check,89.16,725.32,2,No
2283-FZW,Female,0,Yes,Yes,21,Yes,Yes,Fiber optic,No,No,Yes,Yes,No,No,Month-to-month,No,Bank transfer (automatic),113.07,2380.6,3,Yes
4711-EYC,Male,0,Yes,No,21,Yes,Yes,No,No internet service,No internet service,No internet service,No internet service,No internet service,No internet service,Two year,No,Electronic check,48.66,1011.75,0,No
4864-TBZ,Male,0,No,No,5,Yes,Yes,DSL,No,No,Yes,No,No,Yes,Month-to-month,Yes,Electronic check,95.37,483.51,4,Yes
7788-CIT,Male,0,Yes,No,6,Yes,Yes,No,No internet service,No internet service,No internet service,No internet service,No internet service,No internet service,Month-to-month,No,Electronic check,52.07,320.94,0,No
1645-SLY,Male,0,No,No,49,Yes,Yes,Fiber optic,No,No,Yes,No,Yes,No,Month-to-month,Yes,Electronic check,115.07,5631.85,3,Yes
6569-OLL,Female,0,No,No,5,Yes,No,DSL,Yes,No,Yes,No,No,No,Two year,Yes,Electronic check,87.04,442.08,1,No
3504-UXB,Female,1,Yes,No,2,Yes,Yes,DSL,No,No,Yes,Yes,No,No,Month-to-month,Yes,Electronic check,97.62,198.3,3,Yes
1587-ZPU,Female,1,Yes,Yes,8,No,No phone service,DSL,No,No,No,No,Yes,Yes,Two year,Yes,Electronic check,69.09,558.64,2,No
7299-XZA,Male,0,Yes,No,22,Yes,Yes,Fiber optic,No,No,Yes,Yes,No,No,Month-to-month,Yes,Electronic check,113.74,2511.01,2,Yes
2715-BIS,Female,1,Yes,No,1,Yes,No,No,No internet service,No internet service,No internet service,No internet service,No internet service,No internet service,Month-to-month,Yes,Electronic check,37.6,50.4,3,Yes
6433-KYW,Female,0,No,No,72,Yes,Yes,Fiber optic,No,Yes,Yes,No,No,No,Month-to-month,Yes,Bank transfer (automatic),112.32,8082.15,2,No
7416-ELK,Male,0,No,Yes,7,Yes,No,Fiber optic,Yes,No,No,No,Yes,No,Two year,No,Credit card (automatic),107.63,758.86,3,No
8950-CAT,Female,0,No,No,7,Yes,Yes,DSL,No,No,No,No,No,Yes,Two year,No,Electronic check,84.34,604.65,2,No
7049-BCH,Male,1,Yes,Yes,34,No,No phone service,Fiber optic,No,Yes,No,Yes,Yes,Yes,One year,No,Credit card (automatic),111.91,3793.59,2,No
1155-OGF,Male,0,No,No,8,Yes,Yes,No,No internet service,No internet service,No internet service,No internet service,No internet service,No internet service,Month-to-month,No,Electronic check,48.36,391.93,5,Yes
7344-TAH,Male,0,No,No,13,Yes,No,Fiber optic,No,Yes,Yes,No,No,No,One year,No,Mailed check,107.72,1386.08,2,Yes
4830-WCD,Female,0,Yes,No,20,Yes,Yes,Fiber optic,Yes,No,Yes,No,Yes,Yes,Month-to-month,No,Electronic check,140.97,2809.9,2,Yes
1441-YOF,Female,0,Yes,No,1,Yes,Yes,DSL,No,No,Yes,No,Yes,Yes,Month-to-month,No,Mailed check,107.62,116.14,1,Yes
8358-UCY,Male,0,No,Yes,46,Yes,Yes,DSL,No,No,Yes,Yes,No,Yes,Month-to-month,No,Electronic check,106.52,4907.01,0,No
1948-NTN,Female,0,Yes,No,18,Yes,Yes,DSL,No,No,No,Yes,No,No,Month-to-month,No,Electronic check,87.93,1593.03,1,No
7115-LQG,Male,0,No,No,10,No,No phone service,DSL,Yes,No,No,No,No,No,One year,Yes,Credit card (automatic),53.47,534.88,2,No
1392-CMO,Female,0,Yes,Yes,13,No,No phone service,DSL,No,No,No,No,Yes,No,Two year,No,Credit card (automatic),56.9,751.43,0,No
2138-AFW,Female,1,Yes,No,2,Yes,No,Fiber optic,No,Yes,No,Yes,No,Yes,Two year,Yes,Electronic check,117.87,239.44,1,No
4674-BXN,Female,1,No,No,32,Yes,Yes,Fiber optic,No,Yes,No,No,No,Yes,Two year,No,Electronic check,118.26,3771.68,1,No
3597-NDU,Female,0,No,No,20,Yes,Yes,DSL,No,No,Yes,Yes,Yes,Yes,Month-to-month,No,Electronic check,118.72,2386.07,2,Yes
6661-NTQ,Female,1,No,No,62,Yes,Yes,DSL,No,Yes,No,No,No,No,Month-to-month,Yes,Electronic check,83.39,5166.63,2,No
9472-HXN,Male,1,Yes,Yes,16,Yes,No,Fiber optic,No,No,No,No,No,No,Month-to-month,No,Bank transfer (automatic),86.69,1377.52,5,Yes
5249-FWV,Female,0,No,Yes,45,Yes,No,Fiber optic,No,Yes,Yes,No,No,No,Month-to-month,Yes,Bank transfer (automatic),104.33,4704.59,0,No
2967-YSN,Female,1,Yes,No,6,No,No phone service,Fiber optic,No,Yes,No,Yes,No,Yes,Month-to-month,Yes,Mailed check,99.51,609.73,2,Yes
3946-JSI,Female,0,Yes,Yes,2,Yes,Yes,No,No internet service,No internet service,No internet service,No internet service,No internet service,No internet service,Month-to-month,Yes,Electronic check,49.27,99.13,0,Yes
6075-MGN,Female,0,Yes,No,72,Yes,Yes,DSL,No,No,No,No,No,Yes,Two year,Yes,Bank transfer (automatic),86.36,6222.01,1,No
8230-IWY,Female,0,No,Yes,8,Yes,Yes,Fiber optic,No,Yes,No,Yes,No,No,Month-to-month,Yes,Electronic check,116.52,929.67,1,Yes
2531-SOT,Male,0,No,No,45,Yes,No,Fiber optic,No,No,No,Yes,Yes,No,Two year,No,Credit card (automatic),105.93,4777.2,2,No
5493-XFU,Male,0,Yes,Yes,8,No,No phone service,DSL,No,Yes,No,Yes,Yes,Yes,Month-to-month,No,Credit card (automatic),90.1,735.3,1,No
3723-HQI,Male,0,No,No,5,No,No phone service,DSL,Yes,No,Yes,No,No,Yes,Two year,Yes,Credit card (automatic),78.63,379.62,0,No
7816-XTY,Female,0,No,Yes,33,Yes,Yes,No,No internet service,No internet service,No internet service,No internet service,No internet service,No internet service,Month-to-month,No,Credit card (automatic),49.15,1614.65,1,No
2762-INI,Female,1,No,No,38,Yes,No,DSL,Yes,Yes,No,No,Yes,Yes,Month-to-month,Yes,Electronic check,106.67,4064.53,1,No
6827-DHB,Male,0,No,No,47,Yes,No,Fiber optic,No,No,No,No,No,No,Month-to-month,No,Electronic check,86.26,4059.29,1,No
8804-NVI,Male,1,No,No,51,Yes,No,No,No internet service,No internet service,No internet service,No internet service,No internet service,No internet service,Month-to-month,No,Mailed check,41.32,2107.88,3,No
4198-WPQ,Male,0,Yes,No,17,Yes,Yes,DSL,No,No,No,No,No,No,Month-to-month,No,Credit card (automatic),76.75,1291.0,0,No
3479-LCK,Male,0,No,No,13,Yes,Yes,No,No internet service,No internet service,No internet service,No internet service,No internet service,No internet service,Month-to-month,No,Mailed check,48.54,632.0,0,No
2492-UEP,Female,0,No,No,35,Yes,Yes,No,No internet service,No internet service,No internet service,No internet service,No internet service,No internet service,One year,No,Electronic check,48.49,1690.48,3,No
8851-AUI,Male,0,No,No,22,Yes,Yes,DSL,Yes,No,No,No,No,No,One year,Yes,Electronic check,84.51,1847.13,4,No
4516-IDC,Female,0,Yes,No,72,No,No phone service,DSL,No,No,No,No,Yes,No,One year,Yes,Mailed check,59.05,4239.22,1,No
5577-XAH,Male,0,Yes,No,12,No,No phone service,No,No internet service,No internet service,No internet service,No internet service,No internet service,No internet service,Two year,Yes,Mailed check,19.41,243.66,1,No
8468-WOH,Female,0,No,Yes,2,No,No phone service,Fiber optic,No,No,Yes,Yes,No,Yes,One year,Yes,Bank transfer (automatic),97.96,201.72,4,Yes
7581-LNO,Female,0,Yes,No,23,Yes,Yes,No,No internet service,No internet service,No internet service,No internet service,No internet service,No internet service,Month-to-month,Yes,Electronic check,49.1,1143.73,5,Yes
1526-ISZ,Female,1,No,Yes,11,Yes,No,No,No internet service,No internet service,No internet service,No internet service,No internet service,No internet service,Month-to-month,No,Bank transfer (automatic),40.43,433.41,4,Yes
7748-VHU,Male,0,Yes,No,11,Yes,No,DSL,No,Yes,Yes,No,Yes,Yes,Two year,No,Mailed check,106.07,1169.23,2,No
8986-FTY,Female,0,Yes,No,21,Yes,Yes,DSL,No,No,Yes,No,No,No,One year,Yes,Credit card (automatic),84.82,1791.67,0,No
4740-SDW,Female,0,No,No,64,Yes,Yes,Fiber optic,No,Yes,No,No,No,No,One year,No,Electronic check,102.89,6599.26,0,No
2478-DVL,Male,0,Yes,Yes,8,Yes,Yes,No,No internet service,No internet service,No internet service,No internet service,No internet service,No internet service,Month-to-month,Yes,Credit card (automatic),50.27,409.18,2,No
9770-VLB,Male,0,Yes,No,12,No,No phone service,DSL,Yes,No,No,Yes,No,No,Month-to-month,Yes,Credit card (automatic),66.36,804.93,4,No
3007-BWI,Male,0,Yes,No,56,No,No phone service,No,No internet service,No internet service,No internet service,No internet service,No internet service,No internet service,Two year,Yes,Mailed check,18.59,1042.8,2,No
5005-FVY,Male,0,No,No,57,Yes,No,DSL,No,No,No,Yes,Yes,No,Month-to-month,Yes,Mailed check,87.45,4982.61,3,No
7716-LFZ,Male,0,Yes,Yes,7,Yes,No,DSL,No,No,Yes,No,Yes,Yes,Two year,Yes,Credit card (automatic),97.38,678.2,2,No
5378-HSJ,Male,0,Yes,Yes,31,Yes,No,Fiber optic,No,Yes,No,No,No,No,One year,Yes,Electronic check,96.18,2980.67,0,No
8616-YMQ,Female,0,No,No,14,Yes,No,No,No internet service,No internet service,No internet service,No internet service,No internet service,No internet service,Month-to-month,Yes,Bank transfer (automatic),41.33,586.79,6,Yes
9333-CPM,Female,0,Yes,No,69,Yes,No,Fiber optic,No,No,No,Yes,No,No,Two year,No,Bank transfer (automatic),93.49,6453.9,0,No
6808-MFQ,Male,0,Yes,No,33,Yes,Yes,DSL,No,Yes,Yes,No,No,Yes,Month-to-month,No,Mailed check,105.85,3485.48,2,Yes
2325-QHK,Male,0,No,No,18,No,No phone service,DSL,No,Yes,No,No,Yes,Yes,Two year,Yes,Electronic check,77.69,1405.29,4,No
5987-AZG,Female,0,No,Yes,43,No,No phone service,No,No internet service,No internet service,No internet service,No internet service,No internet service,No internet service,Two year,No,Electronic check,18.57,801.68,2,No
1340-UQJ,Female,0,Yes,No,72,Yes,Yes,DSL,No,No,No,No,No,No,Two year,No,Mailed check,72.48,5222.38,2,No
6482-VII,Female,0,No,Yes,15,Yes,No,Fiber optic,Yes,No,No,No,Yes,Yes,Month-to-month,Yes,Electronic check,121.92,1833.23,0,Yes
6463-EQI,Male,0,No,Yes,12,Yes,No,DSL,No,No,No,Yes,Yes,Yes,Month-to-month,Yes,Electronic check,101.6,1214.69,4,Yes
1855-USG,Female,0,Yes,No,24,Yes,No,Fiber optic,No,No,No,Yes,Yes,No,One year,Yes,Bank transfer (automatic),107.76,2574.49,2,No
1182-IGM,Female,1,No,No,29,Yes,No,No,No internet service,No internet service,No internet service,No internet service,No internet service,No internet service,Month-to-month,Yes,Electronic check,41.48,1207.72,1,No
6823-KNS,Male,0,Yes,No,31,Yes,No,No,No internet service,No internet service,No internet service,No internet service,No internet service,No internet service,Month-to-month,No,Bank transfer (automatic),37.77,1174.21,3,No
6002-MNM,Male,0,Yes,No,17,Yes,Yes,DSL,No,No,No,No,No,No,Month-to-month,No,Electronic check,76.38,1303.02,5,Yes
9210-LHH,Male,0,No,No,11,Yes,Yes,DSL,Yes,No,No,No,Yes,No,One year,Yes,Electronic check,98.53,1092.87,0,No
7132-MLP,Female,1,Yes,No,44,Yes,Yes,No,No internet service,No internet service,No internet service,No internet service,No internet service,No internet service,Month-to-month,Yes,Mailed check,47.58,2087.09,4,No
7048-MZG,Male,0,No,No,72,Yes,Yes,Fiber optic,No,Yes,No,No,Yes,No,Month-to-month,No,Electronic check,118.79,8563.67,0,No
1987-ZEH,Female,0,Yes,No,50,Yes,No,DSL,Yes,Yes,No,No,Yes,No,Month-to-month,No,Mailed check,94.61,4740.32,5,No
9365-WMO,Female,1,Yes,No,29,Yes,Yes,No,No internet service,No internet service,No internet service,No internet service,No internet service,No internet service,One year,No,Electronic check,51.82,1515.11,1,No
1726-QOT,Male,0,Yes,Yes,12,Yes,No,Fiber optic,No,Yes,No,No,No,No,Two year,No,Electronic check,96.01,1143.97,2,No
7993-RBD,Female,0,Yes,No,25,Yes,No,DSL,Yes,Yes,No,No,Yes,No,Month-to-month,Yes,Electronic check,95.09,2375.09,4,Yes
1989-ADR,Male,1,No,No,3,Yes,Yes,No,No internet service,No internet service,No internet service,No internet service,No internet service,No internet service,Month-to-month,Yes,Credit card (automatic),51.48,167.46,1,Yes
2774-HTQ,Male,1,No,No,20,Yes,Yes,DSL,Yes,Yes,Yes,No,No,Yes,One year,Yes,Electronic check,116.49,2334.39,7,Yes
4808-LZS,Male,0,No,No,38,Yes,No,DSL,No,Yes,No,No,Yes,No,Month-to-month,Yes,Credit card (automatic),89.42,3402.31,4,Yes
3702-IGB,Male,0,No,Yes,8,Yes,Yes,Fiber optic,No,No,Yes,Yes,Yes,No,One year,Yes,Electronic check,126.04,994.68,3,Yes
6054-IJB,Female,0,No,No,18,Yes,No,Fiber optic,Yes,No,No,No,Yes,No,Two year,No,Electronic check,105.77,1891.21,1,No
2842-KMJ,Male,0,No,Yes,2,Yes,No,No,No internet service,No internet service,No internet service,No internet service,No internet service,No internet service,Month-to-month,No,Credit card (automatic),39.6,70.36,0,No
5658-VIY,Female,0,Yes,No,46,Yes,Yes,DSL,No,No,No,Yes,No,No,Two year,Yes,Bank transfer (automatic),83.23,3825.22,2,No
8718-CTF,Female,1,No,No,11,Yes,Yes,Fiber optic,No,No,No,No,No,No,Month-to-month,Yes,Credit card (automatic),93.06,1017.09,0,Yes
2628-FCP,Male,0,No,Yes,22,Yes,No,Fiber optic,No,No,No,No,Yes,Yes,Month-to-month,Yes,Mailed check,108.61,2403.65,3,Yes
7439-BQI,Female,0,No,No,12,Yes,No,DSL,Yes,No,No,Yes,No,No,One year,No,Electronic check,85.59,1019.91,0,No
3466-KAW,Male,0,No,No,23,Yes,No,Fiber optic,No,No,No,No,Yes,No,One year,Yes,Electronic check,97.03,2235.54,1,No
8980-OZE,Male,0,Yes,No,35,Yes,Yes,Fiber optic,No,No,Yes,No,No,Yes,Month-to-month,No,Mailed check,118.53,4150.87,0,No
5669-QYW,Male,0,No,Yes,10,Yes,No,DSL,Yes,No,No,Yes,No,Yes,Two year,No,Bank transfer (automatic),99.5,1001.37,3,No
2431-YFU,Female,0,No,No,19,Yes,No,DSL,No,No,No,No,No,Yes,One year,No,Mailed check,78.86,1486.58,7,Yes
2130-RDC,Male,0,No,No,40,Yes,No,No,No internet service,No internet service,No internet service,No internet service,No internet service,No internet service,Month-to-month,Yes,Electronic check,38.49,1548.99,2,No
4500-WIU,Male,0,No,Yes,30,No,No phone service,Fiber optic,No,Yes,No,Yes,Yes,No,One year,Yes,Credit card (automatic),96.75,2888.66,4,No
4259-LBC,Female,0,Yes,Yes,2,Yes,No,Fiber optic,Yes,Yes,No,No,No,No,Month-to-month,Yes,Bank transfer (automatic),104.15,205.38,4,Yes
3242-LOI,Male,0,No,No,22,Yes,Yes,DSL,Yes,Yes,No,No,Yes,No,One year,No,Electronic check,105.17,2312.56,0,No
4134-WHK,Male,0,No,Yes,12,No,No phone service,DSL,No,Yes,No,No,No,No,One year,No,Credit card (automatic),57.73,680.33,2,No
2141-DAX,Male,0,Yes,No,31,Yes,Yes,Fiber optic,Yes,Yes,No,No,Yes,No,Month-to-month,No,Electronic check,124.54,3866.88,2,Yes
4361-XEG,Male,1,No,No,1,Yes,No,DSL,No,No,No,No,No,Yes,One year,Yes,Credit card (automatic),74.47,87.7,4,Yes
4267-EXA,Male,1,Yes,No,11,Yes,No,No,No internet service,No internet service,No internet service,No internet service,No internet service,No internet service,Month-to-month,No,Electronic check,42.7,470.09,3,Yes
3606-TSJ,Male,0,Yes,No,3,Yes,Yes,Fiber optic,No,No,Yes,No,No,No,Month-to-month,No,Credit card (automatic),103.57,301.7,3,Yes
8611-RCK,Female,0,Yes,No,64,No,No phone service,DSL,No,No,No,No,Yes,No,One year,No,Mailed check,55.77,3560.53,2,No
2829-EHB,Male,0,No,No,53,Yes,Yes,DSL,Yes,No,No,No,Yes,Yes,Month-to-month,No,Electronic check,110.13,5824.97,1,No
4699-XLF,Male,0,No,No,72,Yes,Yes,Fiber optic,No,No,No,Yes,No,No,Month-to-month,Yes,Electronic check,103.18,7441.51,3,No
2054-DQM,Male,0,No,No,26,Yes,No,Fiber optic,No,No,No,No,Yes,Yes,Two year,Yes,Mailed check,108.26,2824.69,1,No
7980-XXC,Male,0,No,No,42,No,No phone service,Fiber optic,Yes,Yes,Yes,No,Yes,No,Two year,No,Mailed check,104.44,4398.81,1,No
7218-MDZ,Female,0,No,No,24,Yes,Yes,Fiber optic,No,No,Yes,Yes,No,No,Month-to-month,Yes,Bank transfer (automatic),115.67,2786.79,2,Yes
8597-VKJ,Male,0,No,Yes,17,Yes,No,Fiber optic,Yes,No,Yes,No,No,No,Two year,No,Mailed check,104.46,1779.2,1,No
3309-OUJ,Female,0,No,No,45,No,No phone service,DSL,No,No,Yes,No,No,No,One year,Yes,Mailed check,53.36,2414.08,3,No
7628-ZEJ,Male,0,No,No,38,No,No phone service,Fiber optic,No,Yes,Yes,No,No,No,Month-to-month,Yes,Bank transfer (automatic),86.0,3275.29,2,No
9315-ECW,Male,0,Yes,No,34,Yes,Yes,Fiber optic,Yes,No,No,No,No,Yes,Month-to-month,Yes,Credit card (automatic),115.38,3935.46,2,Yes
7789-DRI,Female,0,Yes,No,57,Yes,Yes,No,No internet service,No internet service,No internet service,No internet service,No internet service,No internet service,Month-to-month,No,Credit card (automatic),51.12,2911.0,0,No
3416-MOT,Female,0,No,No,67,Yes,Yes,Fiber optic,Yes,Yes,Yes,No,No,No,Month-to-month,Yes,Credit card (automatic),124.9,8379.86,3,No
2936-MPV,Male,0,Yes,Yes,15,Yes,No,Fiber optic,No,No,No,No,No,No,Month-to-month,Yes,Electronic check,87.91,1327.37,2,Yes
4236-IQM,Male,0,Yes,No,9,Yes,Yes,DSL,Yes,No,No,Yes,Yes,No,Month-to-month,Yes,Electronic check,104.57,952.46,2,Yes
9556-VUW,Male,0,No,Yes,18,No,No phone service,No,No internet service,No internet service,No internet service,No internet service,No internet service,No internet service,One year,No,Electronic check,18.5,346.97,2,No
1946-CJB,Male,1,No,Yes,3,Yes,Yes,Fiber optic,No,No,Yes,Yes,No,No,Two year,No,Bank transfer (automatic),113.13,344.21,1,No
2439-MSZ,Male,0,No,Yes,70,Yes,No,DSL,No,Yes,Yes,Yes,Yes,Yes,Month-to-month,No,Bank transfer (automatic),121.4,8492.52,0,No
1340-NLU,Male,1,Yes,No,72,Yes,Yes,Fiber optic,Yes,No,No,No,Yes,Yes,Month-to-month,No,Bank transfer (automatic),131.79,9474.56,6,No
9491-KGD,Female,0,No,No,27,Yes,Yes,No,No internet service,No internet service,No internet service,No internet service,No internet service,No internet service,Two year,No,Mailed check,51.44,1394.52,2,No
4456-XCM,Male,1,No,No,35,Yes,No,Fiber optic,No,Yes,Yes,No,No,Yes,One year,Yes,Bank transfer (automatic),119.0,4171.94,0,No
7652-QCR,Male,0,No,No,10,Yes,No,Fiber optic,No,No,No,No,No,No,Month-to-month,Yes,Electronic check,82.68,832.31,5,Yes
3151-VYX,Male,0,Yes,No,51,Yes,Yes,Fiber optic,No,No,No,No,No,Yes,Month-to-month,No,Bank transfer (automatic),106.09,5415.47,2,No
7905-SEG,Female,0,No,No,58,Yes,Yes,Fiber optic,Yes,No,No,Yes,Yes,Yes,Two year,Yes,Electronic check,140.21,8119.06,2,No
3567-EQE,Female,0,Yes,No,3,Yes,Yes,Fiber optic,Yes,No,Yes,Yes,Yes,No,One year,No,Electronic check,136.57,419.91,2,Yes
4730-UBK,Female,0,No,Yes,4,Yes,No,Fiber optic,Yes,No,No,Yes,No,Yes,Month-to-month,Yes,Mailed check,116.02,478.32,2,Yes
2708-OLV,Male,0,No,No,8,No,No phone service,DSL,No,No,No,No,No,No,Month-to-month,Yes,Credit card (automatic),43.83,350.25,2,No
7538-GEQ,Female,0,No,No,31,Yes,No,Fiber optic,No,Yes,No,Yes,Yes,Yes,Two year,Yes,Electronic check,126.28,3910.49,1,No
2207-TIN,Male,0,No,Yes,6,Yes,No,No,No internet service,No internet service,No internet service,No internet service,No internet service,No internet service,One year,No,Electronic check,38.26,238.47,2,No
1882-SZP,Male,1,No,No,7,No,No phone service,Fiber optic,No,No,Yes,No,Yes,Yes,Month-to-month,No,Credit card (automatic),99.92,696.8,3,Yes
6867-TFW,Male,1,Yes,No,13,Yes,No,DSL,No,Yes,No,No,Yes,No,One year,Yes,Mailed check,84.79,1088.71,2,No
8929-DFK,Male,0,Yes,No,24,Yes,No,No,No internet service,No internet service,No internet service,No internet service,No internet service,No internet service,One year,Yes,Electronic check,37.94,910.72,0,No
9125-XWO,Male,0,Yes,No,72,No,No phone service,No,No internet service,No internet service,No internet service,No internet service,No internet service,No internet service,One year,Yes,Electronic check,21.19,1527.72,0,No
2946-KYS,Male,0,No,No,39,Yes,No,DSL,No,No,No,No,Yes,Yes,One year,Yes,Electronic check,86.98,3406.99,1,No
4825-QSU,Male,0,No,No,21,Yes,Yes,DSL,No,No,Yes,No,Yes,Yes,Month-to-month,No,Electronic check,107.35,2252.62,2,Yes
4802-RSO,Female,0,No,Yes,2,Yes,Yes,Fiber optic,Yes,No,No,No,No,No,Month-to-month,No,Credit card (automatic),102.45,201.25,1,Yes
7142-ODG,Female,1,No,No,19,Yes,No,Fiber optic,Yes,Yes,No,No,Yes,No,Month-to-month,Yes,Credit card (automatic),117.83,2248.81,4,Yes
1364-CPI,Female,0,Yes,Yes,6,Yes,Yes,Fiber optic,Yes,No,No,Yes,No,No,Month-to-month,No,Credit card (automatic),116.7,685.28,2,Yes
2863-TMQ,Male,1,Yes,Yes,9,Yes,No,DSL,No,Yes,Yes,No,Yes,Yes,Two year,Yes,Electronic check,109.49,984.73,1,No
3384-QAH,Female,0,Yes,Yes,8,Yes,Yes,Fiber optic,No,No,No,No,No,No,Month-to-month,Yes,Bank transfer (automatic),93.53,752.87,2,Yes
8742-FCE,Male,0,No,No,11,Yes,No,DSL,No,No,No,No,No,Yes,Month-to-month,Yes,Mailed check,78.23,869.35,1,Yes
8661-WPR,Female,0,No,No,2,Yes,No,DSL,No,Yes,No,No,No,No,Month-to-month,No,Electronic check,75.11,144.19,2,Yes
5117-VKC,Female,0,No,Yes,22,Yes,No,DSL,Yes,Yes,Yes,Yes,No,Yes,Month-to-month,Yes,Mailed check,114.83,2523.97,4,No
4637-JJU,Male,0,Yes,Yes,2,Yes,No,Fiber optic,No,No,Yes,Yes,No,No,Month-to-month,Yes,Electronic check,103.11,192.61,2,Yes
2999-LBI,Female,1,Yes,No,28,Yes,No,Fiber optic,No,Yes,Yes,No,No,No,Two year,Yes,Electronic check,102.29,2855.8,7,Yes
4735-CXY,Male,0,No,No,33,Yes,No,Fiber optic,Yes,No,No,Yes,Yes,Yes,Month-to-month,No,Credit card (automatic),126.21,4175.37,2,No
8901-OCS,Female,0,Yes,No,17,Yes,No,Fiber optic,No,Yes,No,No,No,Yes,One year,Yes,Electronic check,105.01,1790.85,5,Yes
8537-HZQ,Female,0,Yes,Yes,38,Yes,No,Fiber optic,No,Yes,No,No,Yes,No,One year,No,Bank transfer (automatic),108.16,4118.35,2,No
9733-GCA,Female,0,Yes,Yes,72,Yes,No,Fiber optic,Yes,No,Yes,Yes,No,Yes,One year,No,Electronic check,125.85,9051.01,1,No
4363-YEA,Male,0,No,Yes,11,Yes,No,DSL,No,No,No,Yes,No,No,Two year,Yes,Mailed check,74.42,809.98,3,No
6668-MHH,Male,1,Yes,No,25,Yes,No,DSL,No,No,No,No,No,Yes,Two year,No,Bank transfer (automatic),78.54,1959.91,1,No
9068-IAD,Female,0,Yes,No,10,Yes,Yes,DSL,No,No,No,No,No,No,Month-to-month,Yes,Credit card (automatic),72.77,738.67,3,Yes
4175-WIB,Female,0,No,No,15,Yes,Yes,DSL,Yes,No,No,Yes,No,No,Two year,No,Bank transfer (automatic),95.26,1433.64,1,No
6037-NDF,Male,0,Yes,No,1,Yes,Yes,Fiber optic,Yes,No,No,Yes,No,Yes,Month-to-month,No,Electronic check,129.29,124.04,1,Yes
2098-CHC,Female,0,Yes,No,2,Yes,Yes,No,No internet service,No internet service,No internet service,No internet service,No internet service,No internet service,One year,Yes,Bank transfer (automatic),52.03,89.67,4,Yes
1187-MMB,Female,0,No,No,40,Yes,No,Fiber optic,No,No,No,Yes,Yes,Yes,Month-to-month,Yes,Electronic check,118.14,4732.14,3,Yes
3092-SFP,Male,0,No,Yes,4,Yes,Yes,Fiber optic,No,Yes,No,No,Yes,Yes,One year,Yes,Electronic check,128.33,500.46,1,Yes
6185-HQW,Female,0,Yes,Yes,31,Yes,Yes,DSL,No,Yes,Yes,No,No,No,Two year,No,Electronic check,94.97,2933.37,2,No
8913-PFB,Female,1,Yes,No,31,No,No phone service,No,No internet service,No internet service,No internet service,No internet service,No internet service,No internet service,Month-to-month,No,Electronic check,20.4,642.74,2,No
2497-MXO,Male,0,Yes,No,72,Yes,No,DSL,No,No,No,No,Yes,Yes,Month-to-month,Yes,Electronic check,89.72,6447.03,1,No
3555-BGC,Male,1,No,Yes,30,Yes,No,DSL,No,Yes,No,No,Yes,No,Month-to-month,Yes,Electronic check,84.82,2537.34,1,Yes
3951-WNX,Male,0,No,No,4,Yes,No,No,No internet service,No internet service,No internet service,No internet service,No internet service,No internet service,One year,No,Bank transfer (automatic),40.58,151.15,3,No
4965-WVG,Male,0,Yes,Yes,25,Yes,Yes,DSL,No,Yes,No,No,Yes,No,Month-to-month,Yes,Credit card (automatic),97.0,2422.45,3,No
2588-GAQ,Female,0,Yes,No,19,Yes,No,DSL,No,Yes,No,No,No,Yes,One year,Yes,Mailed check,84.1,1600.48,2,No
6789-UMU,Male,1,Yes,No,63,No,No phone service,Fiber optic,No,Yes,Yes,Yes,Yes,No,Month-to-month,No,Bank transfer (automatic),105.8,6656.91,0,No
8570-USY,Male,0,Yes,Yes,30,Yes,No,No,No internet service,No internet service,No internet service,No internet service,No internet service,No internet service,Two year,Yes,Bank transfer (automatic),40.32,1217.76,0,No
1182-WJJ,Female,0,Yes,Yes,19,Yes,No,DSL,Yes,Yes,No,Yes,No,No,Month-to-month,Yes,Mailed check,96.94,1829.06,2,No
8651-HVT,Male,1,No,No,25,Yes,No,Fiber optic,No,No,Yes,No,Yes,No,Month-to-month,Yes,Credit card (automatic),105.58,2644.89,1,No
9851-RNR,Male,0,No,No,15,Yes,No,Fiber optic,Yes,No,No,No,No,No,Month-to-month,Yes,Mailed check,92.27,1385.9,3,Yes
7555-NTU,Female,0,Yes,Yes,18,Yes,Yes,Fiber optic,Yes,No,Yes,No,No,No,One year,No,Bank transfer (automatic),116.07,2081.2,3,Yes
7846-DMW,Male,0,No,No,33,Yes,Yes,No,No internet service,No internet service,No internet service,No internet service,No internet service,No internet service,Two year,No,Electronic check,47.03,1540.05,3,No
7919-RLW,Male,0,Yes,Yes,3,Yes,No,DSL,Yes,No,Yes,Yes,No,Yes,Two year,Yes,Mailed check,109.92,342.82,2,No
7046-NBR,Female,0,Yes,Yes,24,Yes,Yes,Fiber optic,No,Yes,No,No,Yes,Yes,Month-to-month,Yes,Bank transfer (automatic),126.85,3058.73,2,Yes
8927-BKI,Male,0,No,No,3,Yes,Yes,DSL,No,Yes,Yes,No,No,No,Two year,Yes,Mailed check,94.69,285.47,4,No
8758-YQZ,Male,0,Yes,No,49,Yes,No,DSL,No,No,No,Yes,No,No,Month-to-month,Yes,Credit card (automatic),72.93,3568.38,2,No
2884-ZRV,Female,0,No,No,72,Yes,No,Fiber optic,Yes,Yes,No,No,No,Yes,Two year,Yes,Electronic check,116.78,8398.6,3,No
7352-WXR,Female,0,No,Yes,38,Yes,No,No,No internet service,No internet service,No internet service,No internet service,No internet service,No internet service,Two year,No,Credit card (automatic),40.78,1542.08,1,No
7056-FEL,Male,0,No,No,32,Yes,Yes,DSL,No,No,Yes,Yes,No,Yes,Month-to-month,No,Bank transfer (automatic),109.81,3524.34,4,No
6951-KYA,Male,0,No,No,72,Yes,Yes,Fiber optic,No,No,No,No,Yes,No,Two year,Yes,Electronic check,105.4,7578.38,0,No
6738-SIB,Male,0,Yes,No,7,Yes,Yes,No,No internet service,No internet service,No internet service,No internet service,No internet service,No internet service,One year,Yes,Electronic check,50.01,348.2,3,No
5523-DDR,Female,0,No,No,7,Yes,No,DSL,No,No,No,No,Yes,Yes,Month-to-month,Yes,Electronic check,87.52,626.27,2,Yes
3224-FPX,Male,0,Yes,No,17,Yes,Yes,No,No internet service,No internet service,No internet service,No internet service,No internet service,No internet service,Month-to-month,Yes,Mailed check,47.8,827.36,3,Yes
7091-SEQ,Male,0,No,No,1,Yes,Yes,DSL,No,No,No,No,Yes,Yes,Month-to-month,Yes,Electronic check,100.76,94.43,2,Yes
9662-ZAY,Female,0,No,No,72,Yes,No,No,No internet service,No internet service,No internet service,No internet service,No internet service,No internet service,Two year,Yes,Electronic check,37.01,2664.21,1,No
8094-JOW,Male,0,No,No,1,Yes,Yes,No,No internet service,No internet service,No internet service,No internet service,No internet service,No internet service,One year,No,Credit card (automatic),48.69,37.9,1,No
4796-UKM,Male,0,No,No,23,Yes,No,Fiber optic,Yes,No,No,No,Yes,No,Month-to-month,No,Electronic check,104.33,2393.66,5,Yes
4607-LKQ,Male,0,No,Yes,11,Yes,No,Fiber optic,Yes,Yes,No,No,No,Yes,Month-to-month,Yes,Bank transfer (automatic),114.1,1242.21,4,Yes
5888-IUT,Female,0,No,No,3,Yes,No,No,No internet service,No internet service,No internet service,No internet service,No internet service,No internet service,Two year,No,Bank transfer (automatic),40.36,126.94,0,No
8122-SLE,Female,0,No,Yes,1,Yes,No,DSL,No,No,No,No,Yes,Yes,Month-to-month,Yes,Credit card (automatic),90.49,76.73,1,No
2124-VPG,Male,0,Yes,No,8,No,No phone service,DSL,No,Yes,No,No,No,No,Month-to-month,Yes,Mailed check,55.23,430.19,2,No
3587-ICO,Male,0,No,No,3,Yes,Yes,No,No internet service,No internet service,No internet service,No internet service,No internet service,No internet service,Month-to-month,Yes,Credit card (automatic),51.3,156.46,3,Yes
2519-RNC,Female,0,No,No,71,No,No phone service,Fiber optic,No,No,No,Yes,Yes,Yes,One year,Yes,Mailed check,100.79,7157.1,1,No
6355-IGI,Male,0,No,Yes,8,Yes,Yes,No,No internet service,No internet service,No internet service,No internet service,No internet service,No internet service,Month-to-month,Yes,Bank transfer (automatic),49.85,406.89,0,No
3257-EMD,Female,1,No,Yes,3,No,No phone service,Fiber optic,Yes,No,No,No,No,Yes,One year,Yes,Credit card (automatic),86.77,248.6,3,Yes
5424-FKV,Female,0,Yes,No,37,Yes,No,Fiber optic,Yes,No,Yes,No,No,No,One year,Yes,Bank transfer (automatic),102.95,3808.87,2,No
3005-ADM,Female,0,Yes,No,14,Yes,Yes,DSL,Yes,No,No,Yes,Yes,No,Two year,Yes,Bank transfer (automatic),108.01,1523.29,5,No
2772-BIX,Female,0,No,No,47,Yes,Yes,No,No internet service,No internet service,No internet service,No internet service,No internet service,No internet service,One year,Yes,Electronic check,48.29,2269.71,2,No
9967-GDR,Female,0,Yes,No,46,Yes,No,Fiber optic,No,No,No,No,Yes,No,Month-to-month,Yes,Electronic check,97.82,4514.35,2,No
8170-FLL,Male,1,No,No,72,Yes,Yes,Fiber optic,Yes,Yes,Yes,No,Yes,Yes,Month-to-month,Yes,Electronic check,150.72,10856.82,1,No
4220-HVV,Female,0,No,Yes,41,Yes,No,Fiber optic,No,No,No,Yes,No,Yes,Month-to-month,Yes,Mailed check,106.69,4365.89,4,Yes
6184-DUK,Male,0,Yes,No,7,Yes,Yes,DSL,No,No,Yes,No,No,No,One year,Yes,Credit card (automatic),85.65,590.18,1,No
2548-YQV,Male,0,No,Yes,23,Yes,Yes,No,No internet service,No internet service,No internet service,No internet service,No internet service,No internet service,Month-to-month,Yes,Electronic check,48.34,1111.73,2,No
2673-ULO,Male,0,No,Yes,19,Yes,Yes,Fiber optic,No,No,No,No,Yes,No,Month-to-month,No,Electronic check,109.21,2074.61,0,Yes
3100-JNM,Female,1,Yes,No,18,Yes,Yes,No,No internet service,No internet service,No internet service,No internet service,No internet service,No internet service,Month-to-month,No,Mailed check,50.77,923.94,5,Yes
4748-FXB,Male,0,No,No,9,Yes,No,No,No internet service,No internet service,No internet service,No internet service,No internet service,No internet service,One year,No,Electronic check,40.12,348.68,1,No
9016-DNJ,Male,0,Yes,No,6,Yes,No,DSL,No,No,No,No,No,Yes,One year,No,Mailed check,77.16,466.77,6,Yes
1674-YCO,Male,0,No,Yes,32,Yes,No,Fiber optic,No,No,Yes,Yes,Yes,Yes,Month-to-month,No,Credit card (automatic),129.53,4159.5,3,Yes
3661-QLV,Female,0,No,No,3,Yes,No,Fiber optic,Yes,No,No,Yes,Yes,No,Month-to-month,Yes,Bank transfer (automatic),117.74,352.33,4,Yes
5979-XKY,Male,0,No,Yes,2,Yes,No,No,No internet service,No internet service,No internet service,No internet service,No internet service,No internet service,Two year,No,Bank transfer (automatic),40.66,87.92,0,No
9931-ZZF,Female,1,Yes,No,13,Yes,No,Fiber optic,No,Yes,No,Yes,Yes,No,One year,No,Mailed check,118.1,1549.75,0,No
4923-WPO,Female,0,No,No,35,Yes,No,Fiber optic,Yes,Yes,No,No,No,Yes,Month-to-month,No,Bank transfer (automatic),118.36,4148.86,2,No
3745-LVU,Male,1,No,No,51,Yes,Yes,No,No internet service,No internet service,No internet service,No internet service,No internet service,No internet service,Month-to-month,Yes,Bank transfer (automatic),48.38,2463.29,1,No
6818-OIB,Male,1,Yes,No,20,Yes,No,No,No internet service,No internet service,No internet service,No internet service,No internet service,No internet service,Month-to-month,No,Electronic check,41.82,843.1,1,No
5063-UYA,Female,0,No,Yes,46,Yes,No,No,No internet service,No internet service,No internet service,No internet service,No internet service,No internet service,Month-to-month,Yes,Credit card (automatic),41.74,1907.18,1,No
7198-ZGT,Female,0,No,No,1,Yes,Yes,Fiber optic,No,No,No,No,No,No,Month-to-month,Yes,Credit card (automatic),92.67,88.91,2,Yes
4709-LPP,Male,0,No,No,16,Yes,Yes,DSL,Yes,No,No,No,No,Yes,Two year,No,Electronic check,96.69,1551.54,2,No
7516-DMG,Male,0,No,No,4,No,No phone service,No,No internet service,No internet service,No internet service,No internet service,No internet service,No internet service,Two year,Yes,Credit card (automatic),20.82,88.79,3,No
8395-OSI,Male,0,No,No,22,Yes,Yes,Fiber optic,Yes,No,Yes,Yes,No,No,One year,No,Mailed check,122.33,2679.23,1,No
3207-KHA,Male,0,No,No,64,Yes,No,DSL,No,No,No,Yes,No,No,One year,No,Electronic check,77.27,4941.0,3,No
9835-HCI,Male,0,Yes,No,1,Yes,Yes,No,No internet service,No internet service,No internet service,No internet service,No internet service,No internet service,One year,Yes,Bank transfer (automatic),48.6,39.91,7,Yes
3204-BBM,Female,0,No,No,28,Yes,No,Fiber optic,No,No,Yes,No,Yes,No,Two year,No,Credit card (automatic),105.78,2948.14,4,No
2102-WLZ,Female,0,No,No,40,Yes,Yes,DSL,No,No,No,Yes,No,No,Two year,Yes,Mailed check,86.58,3452.04,2,No
9707-ZHI,Female,0,No,No,35,Yes,Yes,DSL,No,Yes,Yes,No,No,Yes,Month-to-month,No,Bank transfer (automatic),108.27,3785.12,0,No
1630-EXT,Female,0,Yes,No,1,Yes,Yes,No,No internet service,No internet service,No internet service,No internet service,No internet service,No internet service,Month-to-month,Yes,Credit card (automatic),52.85,49.33,1,Yes
7683-VIQ,Female,0,Yes,No,5,Yes,Yes,No,No internet service,No internet service,No internet service,No internet service,No internet service,No internet service,One year,No,Credit card (automatic),49.34,255.25,4,No
6690-ZLG,Male,0,No,No,3,No,No phone service,Fiber optic,Yes,No,No,Yes,Yes,Yes,Two year,No,Electronic check,108.84,314.28,1,No
1025-YJM,Female,0,Yes,No,3,No,No phone service,Fiber optic,No,No,Yes,Yes,No,Yes,Month-to-month,No,Bank transfer (automatic),98.75,291.41,3,Yes
7410-MUH,Male,0,Yes,Yes,33,Yes,No,Fiber optic,Yes,No,No,No,No,Yes,One year,No,Bank transfer (automatic),108.96,3608.57,1,No
6102-KKA,Female,1,Yes,No,14,Yes,No,No,No internet service,No internet service,No internet service,No internet service,No internet service,No internet service,Month-to-month,Yes,Bank transfer (automatic),37.41,513.29,2,No
2072-OTF,Female,0,No,No,33,No,No phone service,Fiber optic,No,No,No,No,Yes,Yes,Month-to-month,Yes,Mailed check,86.84,2851.45,2,No
1215-VYO,Male,0,No,No,12,Yes,No,Fiber optic,No,Yes,Yes,Yes,No,Yes,Two year,Yes,Electronic check,127.01,1513.83,3,No
9350-INR,Female,0,No,No,4,No,No phone service,Fiber optic,No,No,No,No,No,No,One year,Yes,Mailed check,65.7,276.69,2,Yes
8763-TIK,Female,0,Yes,No,32,Yes,No,Fiber optic,No,No,Yes,No,No,No,One year,Yes,Bank transfer (automatic),97.7,3126.69,1,No
3295-VAR,Female,0,Yes,No,25,Yes,No,Fiber optic,Yes,No,No,No,Yes,No,Month-to-month,Yes,Bank transfer (automatic),106.12,2657.24,1,Yes
2946-BOZ,Female,0,No,Yes,3,Yes,No,Fiber optic,Yes,Yes,No,No,No,Yes,Month-to-month,Yes,Credit card (automatic),117.43,340.26,3,Yes
7420-NEF,Male,1,No,Yes,65,Yes,No,Fiber optic,No,No,No,Yes,No,No,Month-to-month,Yes,Electronic check,95.9,6231.15,1,No
3645-RNJ,Female,1,Yes,No,10,Yes,No,DSL,No,No,Yes,Yes,Yes,No,Two year,Yes,Bank transfer (automatic),95.69,957.3,1,No
2932-CFH,Female,0,No,No,27,Yes,No,No,No internet service,No internet service,No internet service,No internet service,No internet service,No internet service,Month-to-month,Yes,Electronic check,42.65,1151.12,3,No
1492-KLA,Female,0,Yes,Yes,1,Yes,No,DSL,No,Yes,No,No,No,No,Month-to-month,Yes,Electronic check,73.33,84.14,1,Yes
8888-PKM,Female,0,No,No,15,Yes,Yes,Fiber optic,Yes,No,No,No,No,Yes,Month-to-month,Yes,Bank transfer (automatic),114.08,1702.29,3,Yes
5958-LFI,Female,0,Yes,Yes,72,Yes,Yes,DSL,Yes,Yes,Yes,No,Yes,Yes,Two year,Yes,Electronic check,129.47,9318.67,0,No
3743-ZYL,Female,0,No,Yes,55,Yes,No,DSL,No,Yes,No,Yes,No,No,One year,Yes,Electronic check,85.8,4723.0,3,No
6258-EYR,Female,0,No,No,7,Yes,Yes,Fiber optic,No,Yes,Yes,Yes,No,Yes,Month-to-month,Yes,Bank transfer (automatic),137.6,972.02,3,Yes
8186-WWF,Female,1,Yes,No,53,Yes,Yes,Fiber optic,Yes,No,Yes,No,No,Yes,Month-to-month,Yes,Electronic check,125.5,6651.55,3,No
1619-SBQ,Male,0,No,No,9,No,No phone service,Fiber optic,Yes,No,Yes,Yes,Yes,Yes,Month-to-month,No,Mailed check,120.93,1094.34,1,No
9436-PBB,Male,0,Yes,Yes,48,Yes,Yes,Fiber optic,No,No,No,No,Yes,No,Month-to-month,Yes,Credit card (automatic),104.7,5012.14,4,No
6366-HMJ,Male,1,Yes,No,33,Yes,No,Fiber optic,No,No,No,No,No,No,Month-to-month,Yes,Electronic check,82.24,2705.39,6,Yes
9199-DOA,Female,1,Yes,No,11,Yes,No,Fiber optic,Yes,No,No,Yes,No,No,Month-to-month,Yes,Bank transfer (automatic),103.53,1124.35,1,Yes
8594-GQT,Female,0,No,No,61,Yes,No,No,No internet service,No internet service,No internet service,No internet service,No internet service,No internet service,Month-to-month,Yes,Electronic check,39.86,2436.89,4,No
6973-VLI,Male,0,Yes,No,17,Yes,No,DSL,No,Yes,No,Yes,No,No,Two year,No,Bank transfer (automatic),87.14,1467.92,2,No
3468-JDE,Male,0,No,No,10,Yes,Yes,DSL,No,No,No,Yes,Yes,Yes,Month-to-month,Yes,Credit card (automatic),107.29,1069.39,4,Yes
9155-JKU,Male,0,No,Yes,9,Yes,Yes,No,No internet service,No internet service,No internet service,No internet service,No internet service,No internet service,Two year,Yes,Mailed check,51.89,455.62,1,No
3217-HBW,Male,0,No,Yes,70,No,No phone service,DSL,No,No,Yes,Yes,No,Yes,Month-to-month,Yes,Mailed check,77.59,5416.81,1,No
6722-VEY,Female,0,Yes,Yes,36,Yes,No,Fiber optic,No,Yes,No,No,Yes,No,One year,No,Credit card (automatic),108.56,3916.22,1,No
5444-CLM,Male,0,Yes,No,11,Yes,Yes,Fiber optic,Yes,Yes,No,No,No,Yes,Month-to-month,No,Bank transfer (automatic),126.66,1401.21,2,Yes
2196-JDI,Female,0,Yes,No,8,Yes,No,No,No internet service,No internet service,No internet service,No internet service,No internet service,No internet service,Two year,No,Mailed check,37.19,282.87,0,No
8927-WBS,Male,0,Yes,No,6,Yes,No,DSL,No,No,Yes,Yes,No,No,Two year,No,Bank transfer (automatic),83.34,490.64,1,No
3176-YGQ,Female,0,No,No,8,Yes,Yes,Fiber optic,No,Yes,Yes,No,Yes,No,Month-to-month,Yes,Electronic check,125.81,1005.45,1,Yes
3451-UCC,Female,1,No,No,3,Yes,Yes,DSL,No,Yes,No,No,Yes,No,Two year,No,Credit card (automatic),94.46,298.2,2,No
4696-GZN,Female,0,Yes,Yes,17,Yes,No,Fiber optic,Yes,No,No,No,No,Yes,Month-to-month,No,Electronic check,104.94,1772.46,0,Yes
5369-MTT,Female,0,No,Yes,2,No,No phone service,Fiber optic,No,No,No,No,Yes,Yes,One year,Yes,Electronic check,86.8,163.27,2,Yes
1692-RDA,Male,0,Yes,No,1,Yes,Yes,No,No internet service,No internet service,No internet service,No internet service,No internet service,No internet service,Month-to-month,No,Credit card (automatic),47.88,60.81,4,Yes
3161-AZZ,Female,0,Yes,No,25,Yes,No,DSL,No,No,No,No,No,Yes,Month-to-month,Yes,Electronic check,77.79,1937.97,1,No
4699-WJK,Female,1,No,No,3,Yes,Yes,Fiber optic,Yes,Yes,No,No,No,Yes,One year,Yes,Electronic check,126.34,387.4,2,Yes
5200-EZA,Male,0,No,Yes,47,Yes,No,DSL,Yes,No,No,No,Yes,Yes,Month-to-month,No,Mailed check,100.41,4706.62,1,No
6520-VBX,Male,0,No,Yes,3,Yes,Yes,DSL,No,No,No,No,No,Yes,Month-to-month,No,Bank transfer (automatic),87.88,269.36,0,No
2772-IDE,Male,0,No,No,20,Yes,No,Fiber optic,No,No,No,No,No,No,Two year,Yes,Electronic check,82.8,1656.81,3,No
8423-KXS,Male,0,Yes,Yes,29,Yes,No,DSL,No,No,No,Yes,No,No,Month-to-month,No,Credit card (automatic),74.7,2162.32,2,No
1660-CLZ,Female,0,No,Yes,7,Yes,No,DSL,Yes,No,No,Yes,No,No,One year,Yes,Mailed check,84.52,598.0,3,No
2132-GOW,Male,0,No,No,55,Yes,Yes,DSL,No,No,No,Yes,No,Yes,Month-to-month,No,Electronic check,97.17,5350.48,2,No
7297-HEU,Female,0,No,Yes,17,Yes,No,DSL,Yes,No,No,Yes,No,No,One year,Yes,Mailed check,87.1,1479.83,4,No
5557-DWJ,Male,0,No,No,10,Yes,No,DSL,No,No,No,No,No,Yes,Two year,Yes,Electronic check,75.73,769.94,0,No
9275-ORT,Female,0,Yes,No,58,Yes,Yes,No,No internet service,No internet service,No internet service,No internet service,No internet service,No internet service,Month-to-month,Yes,Electronic check,50.21,2912.35,1,No
4180-HIP,Male,0,No,No,49,Yes,Yes,DSL,Yes,Yes,No,No,Yes,Yes,Month-to-month,Yes,Mailed check,118.27,5800.17,5,No
1614-NNY,Male,0,Yes,No,31,No,No phone service,No,No internet service,No internet service,No internet service,No internet service,No internet service,No internet service,Month-to-month,No,Bank transfer (automatic),22.35,701.09,3,No
5570-DZO,Male,0,No,No,9,Yes,No,DSL,No,Yes,No,No,No,No,Two year,No,Electronic check,73.47,664.03,2,No
3468-ACO,Male,0,No,No,13,Yes,No,DSL,No,Yes,No,Yes,No,Yes,Month-to-month,No,Credit card (automatic),95.88,1237.68,0,No
4607-XJD,Female,0,Yes,No,30,Yes,Yes,DSL,No,No,Yes,Yes,Yes,No,One year,Yes,Mailed check,106.85,3193.77,4,No
1289-YQW,Male,0,No,Yes,6,Yes,Yes,No,No internet service,No internet service,No internet service,No internet service,No internet service,No internet service,Month-to-month,No,Mailed check,48.99,282.85,1,Yes
4252-XTW,Female,0,Yes,No,18,Yes,No,No,No internet service,No internet service,No internet service,No internet service,No internet service,No internet service,Month-to-month,Yes,Bank transfer (automatic),41.6,740.38,2,Yes
1580-UIY,Female,0,Yes,Yes,34,Yes,Yes,DSL,No,Yes,Yes,Yes,No,No,One year,No,Credit card (automatic),107.11,3636.13,0,No
4832-VFE,Male,1,No,No,27,Yes,No,DSL,No,Yes,Yes,Yes,No,Yes,Month-to-month,Yes,Electronic check,107.14,2903.06,2,Yes
7534-GFU,Male,0,Yes,No,32,Yes,Yes,No,No internet service,No internet service,No internet service,No internet service,No internet service,No internet service,Month-to-month,Yes,Credit card (automatic),48.95,1562.11,2,No
5307-CSV,Female,0,Yes,Yes,56,Yes,No,No,No internet service,No internet service,No internet service,No internet service,No internet service,No internet service,Two year,Yes,Mailed check,40.91,2279.85,4,No
6934-DLF,Female,0,No,Yes,72,Yes,No,Fiber optic,Yes,No,Yes,No,Yes,No,Two year,No,Mailed check,116.56,8383.23,3,No
5082-DOI,Female,0,No,Yes,16,Yes,Yes,No,No internet service,No internet service,No internet service,No internet service,No internet service,No internet service,Two year,No,Credit card (automatic),50.65,812.96,3,No
7028-WZR,Female,0,No,No,2,Yes,Yes,No,No internet service,No internet service,No internet service,No internet service,No internet service,No internet service,Month-to-month,Yes,Mailed check,51.07,97.46,2,Yes
3749-EYP,Female,0,No,No,45,No,No phone service,Fiber optic,No,No,No,No,No,Yes,One year,Yes,Mailed check,78.61,3534.01,1,No
1205-YPO,Male,0,No,No,4,Yes,Yes,DSL,No,Yes,Yes,No,No,No,Month-to-month,Yes,Credit card (automatic),95.72,378.6,1,Yes
4811-GPX,Male,0,No,Yes,7,Yes,No,DSL,No,Yes,No,No,No,Yes,One year,Yes,Credit card (automatic),87.68,613.15,5,Yes
6141-UVU,Female,0,No,Yes,27,Yes,Yes,Fiber optic,Yes,No,No,No,No,No,Month-to-month,Yes,Bank transfer (automatic),107.93,2915.66,3,Yes
2991-QPW,Male,0,Yes,Yes,35,Yes,Yes,DSL,No,No,No,No,No,No,Month-to-month,No,Credit card (automatic),73.62,2578.79,1,No
4273-BIQ,Female,0,No,No,30,Yes,Yes,DSL,Yes,No,No,No,No,No,One year,Yes,Bank transfer (automatic),84.85,2547.79,4,No
4722-JVY,Male,1,Yes,No,15,Yes,Yes,Fiber optic,No,Yes,No,Yes,Yes,No,One year,No,Credit card (automatic),125.65,1873.45,3,Yes
3832-DPT,Female,1,Yes,No,63,No,No phone service,Fiber optic,No,Yes,No,Yes,No,No,Month-to-month,Yes,Electronic check,87.26,5506.33,1,No
1152-UEF,Male,0,No,No,45,Yes,No,Fiber optic,Yes,No,Yes,No,No,Yes,Month-to-month,Yes,Credit card (automatic),119.2,5351.62,2,No
3800-AYS,Male,1,No,Yes,28,Yes,No,DSL,No,Yes,No,No,No,No,Month-to-month,Yes,Electronic check,72.3,2018.35,2,No
2104-IXB,Female,1,Yes,No,15,Yes,Yes,No,No internet service,No internet service,No internet service,No internet service,No internet service,No internet service,One year,Yes,Mailed check,51.13,780.89,2,No
5199-OGF,Male,1,Yes,No,16,Yes,No,DSL,No,No,No,No,Yes,Yes,Two year,No,Electronic check,91.58,1479.97,2,No
4072-OWZ,Female,0,No,No,5,Yes,Yes,No,No internet service,No internet service,No internet service,No internet service,No internet service,No internet service,Month-to-month,No,Mailed check,51.96,258.83,2,Yes
1166-YQB,Female,0,Yes,Yes,38,Yes,No,Fiber optic,No,Yes,No,No,Yes,No,Month-to-month,Yes,Bank transfer (automatic),107.95,4104.9,2,No
1680-IMF,Male,0,Yes,No,51,Yes,No,DSL,No,Yes,Yes,No,No,No,Two year,No,Electronic check,83.89,4293.14,1,No
5357-TTU,Female,0,No,No,44,Yes,No,No,No internet service,No internet service,No internet service,No internet service,No internet service,No internet service,One year,Yes,Electronic check,39.84,1753.08,2,No
2538-QQL,Male,0,Yes,Yes,20,Yes,Yes,DSL,No,No,No,No,No,No,One year,No,Mailed check,72.22,1447.78,0,No
2903-OMW,Male,0,Yes,No,46,Yes,No,DSL,No,No,Yes,No,No,No,Month-to-month,Yes,Electronic check,73.43,3371.29,3,No
5287-AQC,Female,0,No,Yes,40,Yes,Yes,DSL,Yes,No,No,No,Yes,Yes,Month-to-month,Yes,Electronic check,111.64,4465.96,1,No
4171-DRQ,Male,0,No,No,45,Yes,Yes,Fiber optic,Yes,No,Yes,No,Yes,No,One year,No,Bank transfer (automatic),126.96,5700.18,2,No
5946-KTC,Female,0,Yes,No,72,Yes,No,No,No internet service,No internet service,No internet service,No internet service,No internet service,No internet service,Two year,Yes,Electronic check,37.96,2743.47,1,No
3535-NZA,Female,0,No,No,42,Yes,Yes,No,No internet service,No internet service,No internet service,No internet service,No internet service,No internet service,Month-to-month,Yes,Mailed check,50.88,2141.34,1,No
2293-BWD,Male,0,Yes,Yes,8,Yes,No,Fiber optic,Yes,Yes,No,Yes,Yes,No,Month-to-month,Yes,Bank transfer (automatic),124.82,984.07,0,Yes
7871-SFY,Female,0,No,No,43,Yes,No,Fiber optic,Yes,No,No,Yes,No,Yes,Two year,No,Electronic check,116.93,5013.26,3,No
1992-QHS,Male,0,Yes,Yes,12,Yes,Yes,Fiber optic,No,No,No,No,Yes,Yes,Month-to-month,Yes,Credit card (automatic),121.06,1461.96,2,Yes
3240-EPF,Male,0,No,Yes,19,Yes,Yes,Fiber optic,No,No,No,Yes,No,Yes,One year,No,Electronic check,118.0,2254.81,2,No
1999-MPC,Female,0,No,No,40,Yes,Yes,DSL,No,No,No,No,Yes,No,One year,No,Electronic check,87.7,3504.34,1,No
9850-LPK,Male,0,No,Yes,10,Yes,No,No,No internet service,No internet service,No internet service,No internet service,No internet service,No internet service,Month-to-month,Yes,Mailed check,41.59,405.03,3,Yes
2481-YTD,Female,0,Yes,No,1,Yes,No,No,No internet service,No internet service,No internet service,No internet service,No internet service,No internet service,Two year,Yes,Electronic check,41.82,52.7,2,No
4093-SYE,Female,0,No,Yes,32,No,No phone service,No,No internet service,No internet service,No internet service,No internet service,No internet service,No internet service,Month-to-month,Yes,Credit card (automatic),20.7,663.13,2,No
4277-XWC,Female,0,Yes,No,59,Yes,No,No,No internet service,No internet service,No internet service,No internet service,No internet service,No internet service,Month-to-month,No,Credit card (automatic),41.34,2429.36,3,No
8951-WSS,Female,0,Yes,Yes,66,Yes,No,DSL,No,No,Yes,No,No,No,Month-to-month,Yes,Electronic check,73.59,4871.53,0,No
5595-PHA,Male,0,Yes,No,41,Yes,Yes,DSL,No,Yes,Yes,Yes,No,Yes,Month-to-month,Yes,Electronic check,118.21,4841.25,2,No
1112-LUK,Female,0,No,No,69,No,No phone service,No,No internet service,No internet service,No internet service,No internet service,No internet service,No internet service,One year,Yes,Credit card (automatic),18.5,1279.07,1,No
1139-QFA,Female,0,Yes,Yes,43,No,No phone service,Fiber optic,No,No,No,Yes,No,No,Month-to-month,Yes,Credit card (automatic),75.04,3214.59,1,No
9708-YNE,Female,0,No,No,1,Yes,No,Fiber optic,No,No,No,No,Yes,No,Month-to-month,No,Bank transfer (automatic),99.1,96.44,1,Yes
7261-XAR,Male,0,Yes,No,11,No,No phone service,No,No internet service,No internet service,No internet service,No internet service,No internet service,No internet service,Month-to-month,Yes,Credit card (automatic),19.68,219.52,0,No
4951-ISV,Male,0,No,No,11,Yes,No,DSL,No,No,No,Yes,Yes,No,One year,No,Electronic check,85.74,957.53,1,No
7340-BOG,Female,0,Yes,No,7,No,No phone service,Fiber optic,No,Yes,No,No,No,No,One year,Yes,Bank transfer (automatic),75.68,527.58,3,Yes
9643-AMT,Male,0,Yes,No,40,Yes,Yes,No,No internet service,No internet service,No internet service,No internet service,No internet service,No internet service,Two year,Yes,Mailed check,47.93,1906.85,3,No
4765-GOW,Male,0,Yes,No,19,Yes,Yes,No,No internet service,No internet service,No internet service,No internet service,No internet service,No internet service,Month-to-month,Yes,Mailed check,48.41,921.26,4,Yes
7358-SVX,Female,0,No,No,46,Yes,Yes,Fiber optic,No,Yes,Yes,Yes,No,Yes,One year,No,Bank transfer (automatic),135.52,6229.4,0,No
7547-XRJ,Female,1,Yes,No,23,Yes,No,DSL,No,No,No,No,Yes,No,Month-to-month,Yes,Electronic check,76.2,1756.2,0,No
5456-YHZ,Male,0,No,Yes,23,Yes,Yes,DSL,No,No,Yes,Yes,No,Yes,One year,Yes,Mailed check,106.58,2459.84,4,No
6693-JQB,Male,0,Yes,Yes,13,Yes,No,DSL,No,No,No,No,Yes,No,One year,Yes,Mailed check,78.92,1011.2,2,No
1517-ZEI,Male,0,No,No,39,Yes,No,Fiber optic,No,No,No,Yes,No,Yes,Month-to-month,No,Bank transfer (automatic),105.67,4116.64,4,No
2988-RZT,Female,0,Yes,Yes,29,No,No phone service,DSL,No,Yes,Yes,No,No,No,One year,No,Mailed check,65.29,1889.26,2,No
4802-QLG,Male,0,Yes,No,11,Yes,Yes,Fiber optic,Yes,No,No,No,Yes,Yes,Two year,No,Mailed check,127.56,1403.5,2,No
8162-CJB,Male,0,No,No,72,Yes,Yes,Fiber optic,No,Yes,No,Yes,No,No,Month-to-month,No,Electronic check,113.51,8179.75,1,No
9399-BXJ,Male,0,Yes,No,16,No,No phone service,DSL,Yes,Yes,No,Yes,No,Yes,One year,Yes,Credit card (automatic),86.29,1381.88,1,No
7309-VZK,Male,0,No,Yes,10,Yes,No,No,No internet service,No internet service,No internet service,No internet service,No internet service,No internet service,Two year,No,Mailed check,37.13,372.77,1,No
2518-FTI,Female,0,Yes,No,30,Yes,Yes,DSL,No,No,Yes,Yes,No,No,Two year,Yes,Credit card (automatic),96.28,2890.84,0,No
3195-LST,Female,1,No,Yes,7,Yes,No,No,No internet service,No internet service,No internet service,No internet service,No internet service,No internet service,Month-to-month,No,Credit card (automatic),37.06,262.43,1,Yes
4554-OBU,Female,0,Yes,No,45,Yes,No,DSL,Yes,No,No,No,No,Yes,One year,Yes,Bank transfer (automatic),86.06,3859.34,2,No
3849-VCF,Male,0,Yes,No,29,Yes,Yes,No,No internet service,No internet service,No internet service,No internet service,No internet service,No internet service,Month-to-month,No,Electronic check,48.6,1415.92,3,Yes
2742-JIA,Female,0,No,No,52,No,No phone service,Fiber optic,No,No,No,No,No,No,One year,Yes,Mailed check,67.92,3520.97,2,No
8519-PFI,Male,0,Yes,Yes,10,No,No phone service,Fiber optic,No,No,Yes,No,No,No,Month-to-month,Yes,Electronic check,75.71,746.33,0,Yes
5195-BDA,Male,0,No,No,49,Yes,Yes,Fiber optic,No,No,No,No,Yes,No,Two year,No,Electronic check,104.62,5133.57,1,No
3642-ZYJ,Female,0,No,No,18,Yes,Yes,No,No internet service,No internet service,No internet service,No internet service,No internet service,No internet service,Two year,No,Mailed check,52.67,951.69,2,No
5757-SPU,Male,0,No,No,2,Yes,No,Fiber optic,No,Yes,Yes,No,Yes,No,Month-to-month,Yes,Mailed check,115.39,219.29,1,Yes
2271-VDB,Male,0,Yes,No,6,Yes,Yes,DSL,No,No,Yes,Yes,Yes,Yes,Month-to-month,Yes,Bank transfer (automatic),120.83,736.98,3,Yes
3461-YMA,Male,0,No,Yes,7,Yes,No,DSL,No,No,Yes,No,No,Yes,Month-to-month,Yes,Electronic check,89.98,638.91,1,Yes
5396-DGQ,Female,0,Yes,No,37,Yes,Yes,DSL,No,Yes,No,Yes,No,No,One year,Yes,Mailed check,97.89,3623.07,0,No
8304-DSA,Female,0,Yes,No,6,Yes,No,Fiber optic,No,Yes,No,No,No,No,Month-to-month,Yes,Mailed check,96.72,580.71,2,Yes
8817-DIM,Female,0,No,No,21,No,No phone service,Fiber optic,No,Yes,Yes,Yes,Yes,No,One year,No,Mailed check,110.0,2315.23,5,Yes
3093-JFP,Female,0,Yes,Yes,27,Yes,Yes,DSL,Yes,No,Yes,No,Yes,No,Month-to-month,No,Credit card (automatic),105.1,2831.3,4,Yes
6285-QJR,Female,0,Yes,No,38,Yes,No,DSL,No,Yes,No,No,Yes,No,Month-to-month,Yes,Bank transfer (automatic),88.57,3371.48,1,No
2818-VRC,Female,0,No,No,39,Yes,No,Fiber optic,No,No,No,No,Yes,Yes,Two year,No,Bank transfer (automatic),109.67,4286.7,2,No
2779-UYO,Female,0,Yes,No,32,Yes,No,DSL,No,No,Yes,Yes,No,No,One year,Yes,Credit card (automatic),86.46,2754.08,3,No
4676-IZS,Female,0,Yes,No,6,Yes,Yes,No,No internet service,No internet service,No internet service,No internet service,No internet service,No internet service,Month-to-month,Yes,Electronic check,48.44,279.13,1,Yes
1859-QKY,Female,0,Yes,No,20,Yes,No,No,No internet service,No internet service,No internet service,No internet service,No internet service,No internet service,Month-to-month,Yes,Electronic check,42.45,847.09,2,Yes
5017-TMH,Female,0,Yes,No,9,Yes,No,No,No internet service,No internet service,No internet service,No internet service,No internet service,No internet service,Month-to-month,No,Electronic check,38.02,347.43,3,Yes
9560-UWO,Male,0,Yes,No,38,Yes,No,Fiber optic,No,No,Yes,No,No,No,Month-to-month,Yes,Mailed check,92.77,3520.21,1,No
6166-AYN,Female,0,Yes,No,35,Yes,Yes,Fiber optic,Yes,No,No,Yes,Yes,No,Month-to-month,No,Mailed check,129.37,4525.39,3,Yes
5164-KPB,Male,0,Yes,Yes,7,Yes,Yes,DSL,Yes,No,Yes,No,Yes,No,Month-to-month,No,Credit card (automatic),108.46,757.26,2,Yes
9252-RCZ,Male,0,No,Yes,26,Yes,No,DSL,No,No,No,No,No,Yes,Month-to-month,Yes,Mailed check,77.61,2015.83,2,No
2184-KPR,Female,0,Yes,Yes,2,Yes,Yes,Fiber optic,No,No,No,Yes,No,Yes,One year,Yes,Electronic check,118.43,244.26,1,Yes
2629-PWJ,Female,0,No,No,37,Yes,No,Fiber optic,No,No,Yes,Yes,No,Yes,Month-to-month,No,Electronic check,114.06,4215.91,1,No
2361-FSD,Male,0,No,Yes,38,Yes,No,Fiber optic,No,Yes,Yes,Yes,Yes,No,One year,No,Electronic check,129.09,4917.4,3,No
8610-MXN,Female,0,Yes,Yes,11,Yes,Yes,DSL,Yes,No,Yes,No,Yes,No,One year,No,Credit card (automatic),104.3,1139.33,2,No
2993-FAW,Female,0,Yes,Yes,42,Yes,No,Fiber optic,Yes,Yes,Yes,Yes,No,Yes,Month-to-month,No,Bank transfer (automatic),137.09,5770.73,1,No
1602-NHS,Male,0,No,Yes,49,Yes,No,DSL,Yes,Yes,No,No,No,No,Month-to-month,Yes,Bank transfer (automatic),82.19,4016.06,4,No
9685-JQI,Female,0,Yes,Yes,6,Yes,No,Fiber optic,No,No,No,Yes,Yes,Yes,One year,Yes,Electronic check,120.52,724.0,4,Yes
8786-YGQ,Female,0,No,Yes,11,Yes,No,Fiber optic,Yes,No,Yes,Yes,Yes,No,Month-to-month,Yes,Mailed check,125.65,1373.72,1,Yes
5027-AVE,Male,0,Yes,No,8,Yes,Yes,No,No internet service,No internet service,No internet service,No internet service,No internet service,No internet service,Month-to-month,No,Credit card (automatic),49.67,407.33,0,No
5744-RXU,Male,0,Yes,Yes,12,Yes,No,Fiber optic,No,No,No,No,Yes,Yes,One year,Yes,Bank transfer (automatic),111.91,1354.64,1,No
3817-ZKF,Male,0,Yes,Yes,15,Yes,No,No,No internet service,No internet service,No internet service,No internet service,No internet service,No internet service,Two year,No,Bank transfer (automatic),41.52,621.14,3,No
3041-HDR,Female,0,Yes,No,18,Yes,No,Fiber optic,Yes,Yes,Yes,No,No,No,One year,Yes,Electronic check,112.68,2024.34,1,No
6738-EOR,Male,0,Yes,No,1,Yes,No,Fiber optic,No,Yes,Yes,Yes,No,Yes,Month-to-month,No,Bank transfer (automatic),129.72,116.25,4,Yes
9033-VKZ,Female,0,Yes,Yes,2,Yes,Yes,No,No internet service,No internet service,No internet service,No internet service,No internet service,No internet service,Two year,Yes,Bank transfer (automatic),49.84,98.37,2,No
8352-MDV,Female,0,Yes,Yes,27,Yes,No,Fiber optic,No,No,No,No,Yes,No,Month-to-month,No,Bank transfer (automatic),99.01,2658.28,1,No
9326-KVX,Female,0,No,Yes,15,Yes,Yes,Fiber optic,Yes,No,No,No,No,Yes,Month-to-month,Yes,Bank transfer (automatic),114.78,1723.16,2,Yes
9003-OAW,Male,0,Yes,No,3,Yes,Yes,No,No internet service,No internet service,No internet service,No internet service,No internet service,No internet service,Month-to-month,No,Bank transfer (automatic),47.67,153.76,4,Yes
4074-NFR,Female,0,No,Yes,13,Yes,Yes,Fiber optic,No,No,No,No,Yes,Yes,Two year,Yes,Credit card (automatic),117.58,1539.83,1,No
9312-AFF,Female,0,Yes,No,17,Yes,Yes,DSL,No,No,No,Yes,No,Yes,Month-to-month,Yes,Bank transfer (automatic),94.18,1597.3,1,No
6103-EQJ,Male,0,Yes,No,26,Yes,No,DSL,No,No,No,No,Yes,No,Month-to-month,Yes,Bank transfer (automatic),77.68,2021.87,1,No
3068-RGC,Male,0,Yes,Yes,4,Yes,No,DSL,No,No,No,No,Yes,No,Two year,Yes,Mailed check,75.08,295.14,1,No
3668-OTS,Female,0,No,No,72,Yes,No,No,No internet service,No internet service,No internet service,No internet service,No internet service,No internet service,Month-to-month,Yes,Electronic check,42.68,3085.71,4,No
1802-DEA,Male,0,No,No,17,No,No phone service,No,No internet service,No internet service,No internet service,No internet service,No internet service,No internet service,Month-to-month,Yes,Electronic check,22.98,395.11,2,Yes
1195-LXJ,Female,0,Yes,No,29,Yes,Yes,Fiber optic,No,No,No,No,No,No,One year,No,Bank transfer (automatic),97.52,2827.59,2,No
4606-YUZ,Female,0,Yes,No,60,Yes,No,DSL,Yes,Yes,No,No,No,Yes,Two year,No,Credit card (automatic),95.59,5724.04,2,No
4927-YMW,Female,0,No,No,1,Yes,Yes,Fiber optic,No,No,No,No,Yes,No,Two year,No,Electronic check,106.6,95.81,4,Yes
3591-WED,Male,1,No,No,23,Yes,Yes,No,No internet service,No internet service,No internet service,No internet service,No internet service,No internet service,One year,Yes,Electronic check,49.08,1139.56,2,No
7121-QJZ,Male,0,Yes,No,20,Yes,No,Fiber optic,No,Yes,Yes,No,Yes,Yes,Two year,Yes,Mailed check,128.36,2555.51,1,No
3854-PAQ,Female,1,No,No,2,Yes,No,DSL,No,No,Yes,No,Yes,Yes,Two year,Yes,Credit card (automatic),100.94,190.93,2,No
7972-IFS,Female,1,Yes,No,30,No,No phone service,Fiber optic,No,No,Yes,Yes,Yes,Yes,One year,Yes,Electronic check,108.27,3241.15,1,No
3594-GVI,Female,0,Yes,No,7,Yes,No,Fiber optic,No,No,Yes,No,No,No,One year,Yes,Credit card (automatic),97.42,672.02,2,No
1086-QLW,Female,1,No,No,31,Yes,Yes,Fiber optic,Yes,No,No,No,No,Yes,Month-to-month,Yes,Electronic check,114.38,3555.49,4,Yes
9143-CYV,Male,0,No,No,12,Yes,Yes,No,No internet service,No internet service,No internet service,No internet service,No internet service,No internet service,One year,Yes,Mailed check,49.47,578.83,4,Yes
2700-WMN,Male,1,Yes,No,37,Yes,Yes,No,No internet service,No internet service,No internet service,No internet service,No internet service,No internet service,Month-to-month,Yes,Bank transfer (automatic),47.05,1751.29,4,No
2647-WMQ,Male,0,No,No,72,Yes,No,Fiber optic,No,No,No,Yes,Yes,Yes,Two year,No,Mailed check,118.15,8504.57,2,No
4687-UBE,Male,0,No,Yes,50,Yes,Yes,No,No internet service,No internet service,No internet service,No internet service,No internet service,No internet service,Month-to-month,No,Mailed check,48.9,2451.54,4,No
9837-LRV,Male,0,Yes,No,17,No,No phone service,Fiber optic,No,Yes,Yes,No,Yes,No,Two year,Yes,Mailed check,98.4,1669.35,4,No
5384-QKJ,Female,0,Yes,No,7,Yes,Yes,Fiber optic,No,No,No,No,No,Yes,Two year,No,Credit card (automatic),106.87,760.58,5,Yes
9690-NZJ,Male,0,Yes,Yes,72,Yes,Yes,No,No internet service,No internet service,No internet service,No internet service,No internet service,No internet service,Month-to-month,Yes,Electronic check,49.38,3548.01,5,No
9306-DBI,Female,0,Yes,No,27,Yes,No,Fiber optic,Yes,No,No,No,Yes,No,Two year,No,Credit card (automatic),107.38,2890.88,1,No
8178-NGW,Female,1,No,No,13,Yes,No,Fiber optic,Yes,No,Yes,Yes,No,No,One year,Yes,Electronic check,112.16,1466.75,5,Yes
4630-VSV,Male,0,Yes,No,17,Yes,No,Fiber optic,No,No,Yes,Yes,No,Yes,Month-to-month,Yes,Mailed check,118.65,2002.33,4,Yes
4453-XHK,Male,0,Yes,No,4,Yes,No,Fiber optic,No,Yes,No,No,No,No,One year,Yes,Credit card (automatic),93.98,362.67,1,No
6628-IOA,Female,0,No,Yes,18,Yes,Yes,Fiber optic,No,Yes,No,No,No,Yes,Two year,No,Electronic check,117.02,2099.23,0,No
4005-ASC,Female,0,No,Yes,5,Yes,No,No,No internet service,No internet service,No internet service,No internet service,No internet service,No internet service,Month-to-month,Yes,Mailed check,42.64,221.77,2,Yes
7318-JAR,Female,0,No,No,12,Yes,No,DSL,No,No,No,No,No,No,One year,No,Mailed check,67.54,801.66,0,No
6618-MVA,Male,0,No,Yes,17,Yes,No,No,No internet service,No internet service,No internet service,No internet service,No internet service,No internet service,Month-to-month,No,Bank transfer (automatic),41.56,708.78,1,No
5188-POM,Male,1,No,No,72,Yes,No,Fiber optic,No,Yes,No,No,No,No,Month-to-month,No,Electronic check,94.96,6827.1,0,No
6552-UGX,Male,0,No,Yes,25,Yes,No,DSL,No,Yes,No,No,Yes,No,Two year,No,Credit card (automatic),87.44,2198.99,1,No
7160-GME,Male,0,Yes,No,12,Yes,No,Fiber optic,No,Yes,No,Yes,Yes,Yes,Month-to-month,Yes,Electronic check,126.87,1516.59,2,Yes
6126-ZQG,Female,0,Yes,Yes,4,Yes,No,DSL,No,No,Yes,No,Yes,Yes,Month-to-month,No,Credit card (automatic),101.21,392.68,3,Yes
1192-QQK,Male,0,No,No,35,Yes,No,DSL,No,Yes,No,No,No,Yes,Month-to-month,Yes,Credit card (automatic),84.97,2964.0,2,No
9442-COU,Female,0,Yes,No,16,Yes,No,No,No internet service,No internet service,No internet service,No internet service,No internet service,No internet service,Two year,Yes,Electronic check,41.53,665.86,3,No
4893-IXX,Male,0,Yes,No,2,Yes,Yes,Fiber optic,No,No,No,Yes,Yes,Yes,One year,Yes,Bank transfer (automatic),131.41,253.32,1,No
4904-YVP,Male,0,No,No,27,Yes,No,DSL,No,Yes,No,No,No,Yes,Month-to-month,Yes,Electronic check,84.35,2284.72,0,No
7773-IGN,Male,0,Yes,No,11,Yes,No,Fiber optic,No,No,Yes,No,No,Yes,Two year,Yes,Credit card (automatic),108.91,1192.39,1,No
5434-SBI,Female,0,Yes,No,13,Yes,No,DSL,No,Yes,No,No,No,Yes,Month-to-month,Yes,Mailed check,87.3,1125.24,5,Yes
5994-KUN,Female,0,Yes,No,46,Yes,Yes,Fiber optic,No,Yes,Yes,Yes,Yes,No,Two year,Yes,Electronic check,137.75,6324.34,2,No
5637-YHR,Male,0,Yes,No,4,Yes,Yes,DSL,No,Yes,Yes,Yes,Yes,Yes,Month-to-month,No,Electronic check,129.24,510.54,1,Yes
9575-PBH,Female,0,No,No,11,No,No phone service,DSL,No,No,No,Yes,Yes,No,Month-to-month,No,Electronic check,68.49,766.9,0,No
3581-FLO,Female,0,No,Yes,12,Yes,No,Fiber optic,Yes,No,Yes,No,No,Yes,Month-to-month,Yes,Electronic check,119.05,1415.13,1,Yes
7328-HDO,Male,0,No,No,1,Yes,No,DSL,Yes,No,No,Yes,Yes,No,One year,Yes,Credit card (automatic),94.16,107.8,1,No
9923-TYQ,Male,0,No,No,47,Yes,Yes,DSL,No,No,Yes,No,No,No,Month-to-month,No,Electronic check,84.82,3993.86,2,No
5780-RBM,Female,0,No,No,46,Yes,Yes,Fiber optic,No,No,Yes,Yes,No,Yes,One year,Yes,Electronic check,124.2,5715.74,0,No
3604-VOT,Male,0,No,No,28,Yes,Yes,DSL,Yes,No,No,Yes,No,No,One year,No,Mailed check,93.67,2622.39,2,No
7079-JCS,Female,0,Yes,No,58,Yes,Yes,Fiber optic,No,No,Yes,Yes,No,No,Month-to-month,No,Mailed check,117.15,6783.97,4,No
1002-VNH,Female,0,No,No,8,Yes,No,DSL,No,Yes,No,No,No,No,Month-to-month,Yes,Electronic check,72.76,568.2,4,Yes
6626-TKZ,Male,1,No,No,7,Yes,Yes,No,No internet service,No internet service,No internet service,No internet service,No internet service,No internet service,One year,Yes,Bank transfer (automatic),49.65,351.26,1,No
7239-KBQ,Female,0,No,Yes,2,Yes,No,Fiber optic,No,No,No,Yes,Yes,Yes,Month-to-month,Yes,Bank transfer (automatic),121.11,234.38,2,Yes
1670-BXO,Male,0,No,Yes,23,Yes,Yes,No,No internet service,No internet service,No internet service,No internet service,No internet service,No internet service,One year,Yes,Electronic check,52.3,1203.81,2,No
6167-YDH,Female,0,Yes,No,18,Yes,No,Fiber optic,No,No,Yes,No,No,No,Month-to-month,No,Mailed check,93.66,1684.11,5,Yes
1249-ZEP,Female,0,Yes,Yes,42,Yes,No,DSL,Yes,No,Yes,No,Yes,Yes,Month-to-month,Yes,Credit card (automatic),110.69,4656.78,1,No
3854-ZTQ,Female,0,No,Yes,17,Yes,Yes,DSL,No,Yes,No,No,No,No,Month-to-month,Yes,Electronic check,82.84,1401.35,2,Yes
6330-LGI,Female,0,Yes,Yes,6,No,No phone service,No,No internet service,No internet service,No internet service,No internet service,No internet service,No internet service,One year,Yes,Electronic check,20.05,109.07,3,No
3942-FZQ,Female,0,Yes,Yes,42,Yes,No,Fiber optic,Yes,Yes,Yes,Yes,Yes,No,One year,Yes,Bank transfer (automatic),137.64,5784.13,1,No
1990-CUZ,Female,0,Yes,No,16,Yes,Yes,DSL,No,No,Yes,No,No,No,One year,Yes,Bank transfer (automatic),85.09,1371.59,3,No
9995-JEU,Male,0,Yes,Yes,72,Yes,Yes,Fiber optic,Yes,Yes,Yes,No,Yes,Yes,Month-to-month,No,Electronic check,148.79,10725.41,0,No
4645-JLJ,Female,0,Yes,No,20,Yes,Yes,DSL,No,No,Yes,No,Yes,No,One year,Yes,Mailed check,97.85,1969.74,3,No
4516-MKV,Female,1,No,No,4,Yes,Yes,Fiber optic,No,No,Yes,No,Yes,Yes,Two year,No,Electronic check,126.11,490.44,4,Yes
3575-HHY,Female,0,No,No,48,Yes,No,No,No internet service,No internet service,No internet service,No internet service,No internet service,No internet service,Month-to-month,Yes,Credit card (automatic),37.77,1803.6,5,No
8404-BLJ,Male,0,Yes,No,53,Yes,No,DSL,No,Yes,Yes,No,Yes,Yes,Month-to-month,Yes,Bank transfer (automatic),107.42,5700.75,3,No
4278-PQZ,Female,0,Yes,No,15,Yes,No,Fiber optic,Yes,No,No,No,No,Yes,Month-to-month,No,Electronic check,108.52,1633.92,5,Yes
3561-RLS,Female,0,No,No,1,Yes,No,Fiber optic,No,Yes,No,No,No,No,One year,No,Bank transfer (automatic),93.22,95.67,3,Yes
1857-WRQ,Female,0,Yes,Yes,1,Yes,Yes,Fiber optic,No,Yes,Yes,Yes,No,No,Two year,No,Electronic check,125.08,121.12,4,Yes
1383-FYO,Male,0,No,Yes,11,Yes,No,DSL,Yes,No,Yes,Yes,No,No,Month-to-month,Yes,Electronic check,92.57,1012.45,2,No
5290-FCA,Male,0,Yes,No,32,Yes,No,DSL,Yes,No,Yes,Yes,No,No,One year,No,Electronic check,94.75,3019.71,2,No
7111-UZN,Male,1,No,Yes,11,Yes,No,Fiber optic,No,Yes,No,No,Yes,Yes,Month-to-month,Yes,Credit card (automatic),120.15,1324.24,3,Yes
1922-DGV,Female,0,Yes,Yes,1,Yes,Yes,No,No internet service,No internet service,No internet service,No internet service,No internet service,No internet service,One year,Yes,Bank transfer (automatic),48.84,40.22,3,No
4046-UOO,Female,0,No,No,48,Yes,No,DSL,Yes,No,Yes,Yes,No,No,One year,No,Electronic check,92.57,4455.05,0,No
8647-WWF,Female,0,No,No,72,Yes,Yes,No,No internet service,No internet service,No internet service,No internet service,No internet service,No internet service,One year,Yes,Electronic check,50.3,3613.32,4,No
4940-TLA,Male,0,No,No,11,Yes,Yes,DSL,No,Yes,Yes,Yes,Yes,Yes,Month-to-month,Yes,Electronic check,127.42,1409.68,1,Yes
9960-EVF,Female,0,No,No,2,Yes,Yes,DSL,No,No,No,No,No,Yes,Month-to-month,Yes,Credit card (automatic),86.04,167.53,2,Yes
5500-COE,Male,0,No,Yes,9,Yes,No,Fiber optic,Yes,No,No,No,Yes,Yes,One year,Yes,Mailed check,120.69,1095.78,3,Yes
3875-XNR,Male,0,No,No,41,Yes,No,Fiber optic,No,No,Yes,No,Yes,No,Month-to-month,Yes,Electronic check,107.13,4399.49,2,No
4759-FYX,Female,0,No,No,20,No,No phone service,Fiber optic,Yes,No,Yes,No,Yes,Yes,Month-to-month,No,Mailed check,106.73,2120.3,5,Yes
1365-XHG,Female,0,No,Yes,13,Yes,No,Fiber optic,No,No,No,No,Yes,Yes,Month-to-month,Yes,Electronic check,106.44,1388.21,2,Yes
5172-FRB,Male,1,Yes,No,11,Yes,Yes,No,No internet service,No internet service,No internet service,No internet service,No internet service,No internet service,Month-to-month,Yes,Mailed check,48.79,538.52,4,Yes
3378-AVF,Female,0,Yes,No,4,Yes,No,No,No internet service,No internet service,No internet service,No internet service,No internet service,No internet service,Month-to-month,Yes,Credit card (automatic),42.44,179.42,3,Yes
3735-TLK,Male,0,Yes,Yes,11,Yes,Yes,DSL,No,Yes,No,No,Yes,No,Two year,Yes,Credit card (automatic),98.96,1080.56,0,No
1956-JCM,Male,0,Yes,Yes,16,Yes,No,No,No internet service,No internet service,No internet service,No internet service,No internet service,No internet service,One year,No,Credit card (automatic),38.24,618.73,4,No
8002-COP,Female,0,No,No,28,Yes,Yes,Fiber optic,No,Yes,No,No,Yes,No,Month-to-month,Yes,Electronic check,114.46,3216.47,2,Yes
7396-MQC,Female,0,Yes,No,8,Yes,No,No,No internet service,No internet service,No internet service,No internet service,No internet service,No internet service,Two year,Yes,Electronic check,40.72,334.24,3,No
3964-SVK,Female,0,No,No,57,Yes,Yes,No,No internet service,No internet service,No internet service,No internet service,No internet service,No internet service,Month-to-month,Yes,Credit card (automatic),52.44,3001.72,2,No
7644-CVF,Female,0,No,Yes,17,Yes,No,Fiber optic,No,No,No,No,Yes,No,Two year,Yes,Electronic check,98.59,1670.23,1,No
1919-RQD,Female,0,No,No,13,No,No phone service,Fiber optic,No,Yes,Yes,No,No,No,Month-to-month,Yes,Electronic check,83.45,1082.47,1,Yes
7047-WOK,Female,0,No,Yes,23,Yes,Yes,DSL,Yes,Yes,Yes,Yes,No,Yes,Month-to-month,Yes,Bank transfer (automatic),127.6,2931.56,1,No
8609-CCP,Female,0,Yes,No,5,Yes,Yes,DSL,No,No,No,No,No,Yes,Month-to-month,No,Mailed check,84.69,418.61,0,Yes
5804-UJS,Male,1,No,No,3,Yes,Yes,DSL,No,Yes,Yes,No,Yes,No,Month-to-month,Yes,Credit card (automatic),106.83,310.01,1,Yes
1067-SKB,Female,1,Yes,No,11,Yes,Yes,Fiber optic,Yes,No,No,Yes,No,No,One year,Yes,Electronic check,115.96,1261.08,1,No
1572-KYT,Female,0,No,No,2,Yes,No,DSL,No,Yes,No,No,No,No,Month-to-month,No,Mailed check,75.61,144.11,1,Yes
3258-WXK,Female,0,Yes,No,12,Yes,No,Fiber optic,Yes,No,No,No,Yes,No,Month-to-month,No,Credit card (automatic),108.17,1312.83,3,Yes
6741-BWE,Female,0,Yes,Yes,28,Yes,Yes,No,No internet service,No internet service,No internet service,No internet service,No internet service,No internet service,Month-to-month,No,Electronic check,49.99,1393.54,1,No
4262-ESU,Male,0,No,No,42,Yes,Yes,Fiber optic,No,No,No,No,No,No,One year,No,Mailed check,93.96,3955.44,3,No
3827-RDV,Female,0,No,No,22,Yes,Yes,Fiber optic,No,Yes,Yes,No,Yes,No,Month-to-month,Yes,Bank transfer (automatic),127.93,2803.94,0,Yes
6232-JTF,Male,1,Yes,No,30,Yes,No,Fiber optic,No,Yes,No,Yes,No,No,One year,No,Bank transfer (automatic),103.85,3117.23,2,No
5383-KRW,Male,1,No,No,45,No,No phone service,Fiber optic,No,No,No,No,No,Yes,Month-to-month,No,Mailed check,78.92,3539.89,2,No
7837-RXW,Male,0,Yes,No,38,Yes,No,No,No internet service,No internet service,No internet service,No internet service,No internet service,No internet service,One year,No,Bank transfer (automatic),40.92,1559.93,3,No
4716-WIY,Male,0,Yes,No,10,Yes,No,Fiber optic,No,No,No,No,Yes,No,Month-to-month,Yes,Bank transfer (automatic),96.84,956.74,3,Yes
3505-VSA,Male,0,No,No,22,Yes,No,Fiber optic,Yes,No,No,No,No,Yes,Month-to-month,Yes,Credit card (automatic),108.35,2377.53,2,Yes
7982-DAO,Female,0,No,Yes,8,Yes,No,No,No internet service,No internet service,No internet service,No internet service,No internet service,No internet service,One year,Yes,Credit card (automatic),40.8,315.35,2,No
1615-LVV,Male,0,No,No,22,Yes,Yes,Fiber optic,No,No,Yes,No,No,Yes,One year,No,Bank transfer (automatic),114.21,2508.33,2,No
8086-QNN,Male,0,No,No,14,Yes,No,DSL,No,Yes,Yes,Yes,No,Yes,One year,Yes,Credit card (automatic),107.42,1498.34,3,No
4505-TRP,Female,0,No,Yes,12,Yes,Yes,Fiber optic,Yes,No,Yes,No,No,No,Two year,Yes,Electronic check,112.94,1348.43,3,No
9566-KOL,Male,1,Yes,No,6,Yes,Yes,No,No internet service,No internet service,No internet service,No internet service,No internet service,No internet service,Month-to-month,No,Electronic check,51.14,296.3,7,Yes
2319-VTF,Female,0,Yes,Yes,21,Yes,No,DSL,No,No,No,Yes,No,No,Two year,No,Mailed check,74.93,1574.13,4,No
3690-XZM,Female,0,Yes,No,33,Yes,Yes,No,No internet service,No internet service,No internet service,No internet service,No internet service,No internet service,Month-to-month,No,Electronic check,48.51,1591.87,4,No
4020-BEQ,Female,1,No,No,22,Yes,No,DSL,No,Yes,No,No,No,Yes,Two year,Yes,Electronic check,89.52,1979.5,2,No
3789-BDV,Female,0,Yes,No,2,Yes,Yes,Fiber optic,No,No,No,No,Yes,No,One year,Yes,Credit card (automatic),106.25,217.22,3,Yes
9135-LHK,Male,0,Yes,No,65,Yes,No,Fiber optic,No,No,Yes,Yes,No,No,Month-to-month,No,Electronic check,106.89,6958.53,3,No
8175-HZQ,Male,0,No,No,1,Yes,Yes,DSL,Yes,No,No,Yes,No,No,Two year,Yes,Bank transfer (automatic),97.05,107.87,3,No
5735-TTW,Male,0,Yes,No,55,Yes,No,DSL,Yes,Yes,No,No,Yes,Yes,One year,No,Electronic check,108.11,5941.08,3,No
6866-GPM,Female,0,No,Yes,37,Yes,No,Fiber optic,No,No,Yes,No,Yes,Yes,Month-to-month,No,Mailed check,116.37,4292.92,1,No
2262-XPU,Female,1,Yes,No,3,Yes,Yes,Fiber optic,Yes,No,Yes,No,Yes,No,Month-to-month,Yes,Mailed check,125.54,369.25,3,Yes
8382-XIC,Female,0,No,No,7,Yes,Yes,Fiber optic,Yes,No,No,No,Yes,No,One year,Yes,Credit card (automatic),118.59,828.35,1,Yes
3259-EJQ,Male,0,Yes,Yes,11,Yes,Yes,Fiber optic,Yes,No,No,No,Yes,No,Month-to-month,Yes,Mailed check,115.36,1282.22,2,Yes
4294-WYH,Female,0,Yes,No,61,Yes,No,Fiber optic,No,Yes,Yes,No,Yes,No,Month-to-month,Yes,Credit card (automatic),118.11,7203.3,1,No
2230-UNT,Male,0,No,Yes,72,Yes,No,Fiber optic,Yes,No,No,Yes,Yes,No,Month-to-month,Yes,Mailed check,115.64,8339.49,4,No
6750-LQQ,Male,1,No,Yes,3,Yes,Yes,DSL,Yes,Yes,No,No,No,Yes,Month-to-month,No,Bank transfer (automatic),107.35,330.25,2,Yes
4135-JSN,Female,0,Yes,No,13,Yes,Yes,Fiber optic,No,Yes,Yes,No,No,Yes,Month-to-month,Yes,Credit card (automatic),128.72,1672.48,4,Yes
2546-BRG,Female,1,Yes,No,5,Yes,No,Fiber optic,No,Yes,No,No,No,No,Two year,No,Electronic check,97.65,499.28,3,No
3411-ZBT,Female,1,Yes,Yes,9,Yes,No,DSL,Yes,No,Yes,Yes,No,Yes,Month-to-month,No,Mailed check,105.1,958.02,2,Yes
5145-FXJ,Female,0,Yes,No,72,No,No phone service,No,No internet service,No internet service,No internet service,No internet service,No internet service,No internet service,One year,No,Bank transfer (automatic),19.65,1412.85,0,No
7628-TCE,Female,0,No,Yes,72,Yes,Yes,Fiber optic,No,Yes,Yes,No,No,No,Month-to-month,Yes,Bank transfer (automatic),115.58,8331.17,4,No
9775-HLX,Male,0,No,No,16,Yes,No,No,No internet service,No internet service,No internet service,No internet service,No internet service,No internet service,One year,Yes,Mailed check,37.34,608.45,1,No
2942-HKN,Male,0,Yes,No,6,No,No phone service,Fiber optic,Yes,No,Yes,No,No,No,Month-to-month,Yes,Credit card (automatic),86.64,517.75,3,Yes
1191-HXJ,Female,0,Yes,No,20,Yes,Yes,DSL,No,Yes,No,Yes,Yes,Yes,Month-to-month,Yes,Electronic check,118.57,2370.58,1,Yes
5134-QDM,Female,0,No,No,10,Yes,Yes,DSL,Yes,No,No,Yes,Yes,Yes,Month-to-month,Yes,Bank transfer (automatic),118.76,1180.6,2,No
5131-EZV,Female,0,Yes,No,67,Yes,No,No,No internet service,No internet service,No internet service,No internet service,No internet service,No internet service,Month-to-month,No,Credit card (automatic),42.98,2878.21,1,No
6457-FXX,Male,0,No,No,43,Yes,Yes,Fiber optic,No,No,No,No,No,No,Month-to-month,No,Credit card (automatic),93.99,4041.23,3,Yes
8542-KNE,Male,0,No,No,10,Yes,No,No,No internet service,No internet service,No internet service,No internet service,No internet service,No internet service,Month-to-month,Yes,Electronic check,40.07,405.01,0,No
2289-HNX,Male,0,Yes,Yes,1,Yes,Yes,Fiber optic,Yes,No,No,No,Yes,Yes,One year,No,Bank transfer (automatic),131.94,134.69,3,Yes
8522-LPW,Male,0,Yes,No,72,Yes,Yes,No,No internet service,No internet service,No internet service,No internet service,No internet service,No internet service,Month-to-month,Yes,Electronic check,50.73,3664.42,4,No
4216-AWJ,Female,0,Yes,No,29,Yes,No,Fiber optic,Yes,No,Yes,No,No,Yes,Two year,Yes,Bank transfer (automatic),116.51,3383.24,0,No
5920-WJU,Male,0,No,No,14,Yes,Yes,DSL,No,No,Yes,Yes,No,Yes,Two year,No,Electronic check,107.32,1491.61,3,No
7327-BIV,Male,0,No,No,9,Yes,Yes,No,No internet service,No internet service,No internet service,No internet service,No internet service,No internet service,Month-to-month,No,Electronic check,47.15,416.51,3,Yes
6208-PRS,Female,0,No,No,1,Yes,No,Fiber optic,Yes,No,No,No,Yes,Yes,Month-to-month,No,Bank transfer (automatic),118.44,130.93,4,Yes
6067-HQO,Female,0,No,No,5,Yes,Yes,Fiber optic,No,No,Yes,No,No,No,Month-to-month,Yes,Mailed check,102.73,500.49,4,Yes
3153-OOW,Male,0,No,No,1,No,No phone service,Fiber optic,Yes,No,No,No,No,Yes,Month-to-month,Yes,Credit card (automatic),86.86,92.79,0,Yes
5774-MQI,Female,0,No,No,23,Yes,No,No,No internet service,No internet service,No internet service,No internet service,No internet service,No internet service,Two year,No,Electronic check,38.95,883.36,2,No
5135-TZU,Female,0,Yes,No,28,Yes,Yes,DSL,No,No,No,Yes,No,No,One year,No,Bank transfer (automatic),86.07,2401.58,2,No
6201-MPI,Female,0,Yes,No,37,Yes,Yes,DSL,Yes,No,No,No,Yes,No,Two year,No,Bank transfer (automatic),99.56,3692.91,2,No
1446-LLF,Male,0,Yes,No,6,Yes,Yes,Fiber optic,No,Yes,No,No,No,No,Month-to-month,Yes,Credit card (automatic),103.56,617.13,3,Yes
2234-GYC,Male,0,No,No,3,Yes,No,No,No internet service,No internet service,No internet service,No internet service,No internet service,No internet service,One year,Yes,Bank transfer (automatic),42.53,126.98,1,No
5143-RPW,Female,0,Yes,No,27,Yes,No,Fiber optic,No,No,Yes,No,No,No,Month-to-month,Yes,Mailed check,92.32,2501.13,0,No
1186-YHM,Female,0,No,No,18,Yes,No,DSL,No,Yes,No,No,Yes,No,One year,Yes,Electronic check,85.42,1540.03,1,No
3032-EFS,Male,0,No,No,53,Yes,Yes,Fiber optic,No,No,Yes,No,No,Yes,One year,Yes,Mailed check,114.89,6082.45,3,No
2881-NVD,Male,0,Yes,No,20,Yes,No,Fiber optic,Yes,Yes,No,No,No,Yes,Month-to-month,Yes,Mailed check,118.3,2379.52,2,Yes
7139-GHY,Female,0,No,No,15,No,No phone service,Fiber optic,Yes,No,No,No,No,No,Month-to-month,No,Electronic check,74.88,1121.39,0,Yes
2695-FFX,Female,0,Yes,No,17,Yes,Yes,Fiber optic,Yes,No,Yes,No,No,Yes,Month-to-month,Yes,Electronic check,124.67,2107.85,4,Yes
9411-UCC,Male,0,Yes,No,39,Yes,No,Fiber optic,No,No,No,No,Yes,No,Month-to-month,No,Mailed check,99.36,3862.0,3,Yes
7901-BPV,Female,0,No,Yes,1,Yes,No,Fiber optic,No,Yes,No,Yes,No,No,One year,Yes,Credit card (automatic),103.17,112.63,1,No
7855-WHY,Male,1,No,No,63,No,No phone service,No,No internet service,No internet service,No internet service,No internet service,No internet service,No internet service,One year,No,Mailed check,18.5,1165.59,0,No
5482-LQE,Female,0,Yes,Yes,32,Yes,Yes,Fiber optic,No,Yes,No,Yes,Yes,No,Month-to-month,Yes,Credit card (automatic),129.52,4145.5,1,Yes
8869-TYI,Male,0,Yes,No,55,No,No phone service,DSL,Yes,No,No,No,Yes,No,Two year,No,Mailed check,66.87,3671.59,4,No
5820-ZTG,Female,0,Yes,Yes,72,Yes,No,DSL,Yes,No,No,No,Yes,No,One year,No,Electronic check,88.32,6368.84,3,No
5478-VDM,Male,1,Yes,Yes,7,Yes,No,DSL,Yes,Yes,No,Yes,Yes,Yes,Two year,No,Credit card (automatic),119.37,845.91,1,No
3985-RQT,Female,0,No,No,22,Yes,No,Fiber optic,No,No,Yes,Yes,No,No,One year,Yes,Bank transfer (automatic),107.46,2365.42,1,No
3547-MQV,Female,1,Yes,No,17,Yes,Yes,Fiber optic,No,Yes,Yes,No,No,No,One year,Yes,Electronic check,117.97,2014.67,8,Yes
3979-AAO,Female,0,No,No,20,Yes,Yes,Fiber optic,No,No,No,No,Yes,No,Two year,Yes,Mailed check,104.47,2097.64,2,No
2996-QXZ,Female,0,No,Yes,2,Yes,No,DSL,No,Yes,No,Yes,No,Yes,Two year,Yes,Electronic check,95.68,184.09,1,No
6447-RMW,Male,0,Yes,No,62,Yes,Yes,Fiber optic,No,No,Yes,No,No,No,Month-to-month,No,Bank transfer (automatic),105.2,6534.33,1,No
9519-HZO,Female,0,Yes,No,72,Yes,Yes,Fiber optic,No,Yes,No,No,No,Yes,One year,Yes,Mailed check,118.42,8517.33,3,No
5876-GEQ,Male,1,No,No,29,Yes,Yes,DSL,No,No,No,Yes,Yes,Yes,Month-to-month,No,Electronic check,109.0,3164.64,0,No
9347-YPW,Male,0,Yes,No,8,Yes,Yes,DSL,Yes,Yes,Yes,No,No,Yes,Month-to-month,No,Mailed check,114.63,929.88,2,Yes
1721-QGM,Female,0,No,Yes,39,No,No phone service,Fiber optic,Yes,Yes,Yes,No,Yes,Yes,Month-to-month,Yes,Credit card (automatic),120.91,4708.23,4,Yes
7751-RNR,Male,0,Yes,No,33,Yes,No,No,No internet service,No internet service,No internet service,No internet service,No internet service,No internet service,Month-to-month,Yes,Mailed check,37.83,1249.27,2,No
3828-KUU,Female,0,Yes,No,22,Yes,No,DSL,No,No,No,No,No,No,Two year,No,Credit card (automatic),64.9,1435.02,1,No
2647-WQH,Male,0,Yes,No,5,Yes,No,Fiber optic,No,No,No,No,Yes,Yes,Month-to-month,Yes,Bank transfer (automatic),108.7,553.62,3,Yes
7771-OIT,Female,0,Yes,No,6,Yes,No,Fiber optic,No,No,Yes,No,No,No,Two year,Yes,Bank transfer (automatic),94.99,557.77,3,No
3761-LUW,Female,0,No,No,23,Yes,No,DSL,No,Yes,No,Yes,No,Yes,Two year,No,Electronic check,94.83,2166.43,6,No
8069-AYT,Male,0,No,Yes,4,Yes,No,Fiber optic,No,No,No,No,Yes,No,Month-to-month,Yes,Credit card (automatic),94.98,393.01,1,Yes
3696-VOA,Male,1,Yes,Yes,33,Yes,No,Fiber optic,Yes,Yes,No,No,No,No,One year,No,Bank transfer (automatic),106.19,3504.95,4,No
3786-KBP,Female,0,Yes,Yes,6,Yes,Yes,Fiber optic,Yes,No,Yes,No,Yes,No,Month-to-month,No,Electronic check,125.58,759.63,3,Yes
4871-OLA,Male,0,Yes,No,61,Yes,Yes,Fiber optic,No,No,No,No,Yes,Yes,Month-to-month,No,Electronic check,117.52,7162.99,0,No
4308-NYY,Female,0,Yes,Yes,58,Yes,Yes,Fiber optic,No,No,No,No,Yes,No,One year,No,Credit card (automatic),106.43,6166.81,0,No
9263-LAK,Female,0,No,No,9,Yes,Yes,Fiber optic,No,No,Yes,Yes,No,Yes,Month-to-month,Yes,Electronic check,125.68,1135.09,1,Yes
4303-JSK,Male,0,No,No,3,Yes,No,Fiber optic,No,No,No,No,Yes,No,Two year,No,Mailed check,99.83,290.67,4,Yes
8850-QAZ,Female,1,Yes,No,24,Yes,No,DSL,No,No,No,No,No,No,Two year,Yes,Mailed check,66.14,1593.76,1,No
9924-UUH,Male,0,No,No,15,Yes,No,No,No internet service,No internet service,No internet service,No internet service,No internet service,No internet service,Two year,No,Electronic check,41.45,613.14,3,No
5485-VRF,Female,0,No,Yes,4,Yes,Yes,DSL,No,No,No,Yes,No,No,One year,Yes,Credit card (automatic),87.46,335.49,1,No
9100-MSV,Female,0,Yes,No,19,Yes,No,Fiber optic,Yes,No,No,Yes,No,Yes,Month-to-month,No,Bank transfer (automatic),114.58,2188.61,3,Yes
6831-IQC,Female,0,No,No,72,Yes,Yes,No,No internet service,No internet service,No internet service,No internet service,No internet service,No internet service,One year,Yes,Mailed check,49.56,3573.36,2,No
7999-QUS,Male,0,Yes,Yes,2,Yes,No,Fiber optic,No,Yes,No,Yes,No,Yes,Month-to-month,No,Credit card (automatic),117.63,243.65,3,Yes
2874-GQF,Female,0,No,No,8,Yes,No,Fiber optic,No,No,Yes,Yes,Yes,Yes,One year,Yes,Credit card (automatic),130.63,1048.5,3,Yes
2051-BFW,Female,0,No,No,20,Yes,Yes,No,No internet service,No internet service,No internet service,No internet service,No internet service,No internet service,Month-to-month,No,Electronic check,52.79,1063.04,0,No
8538-TDV,Male,0,Yes,Yes,40,Yes,No,DSL,Yes,Yes,No,No,No,No,Two year,No,Bank transfer (automatic),86.15,3436.06,3,No
7320-KDZ,Female,0,No,No,1,No,No phone service,Fiber optic,No,Yes,Yes,Yes,No,No,Month-to-month,No,Electronic check,97.51,83.8,3,Yes
1307-ZQI,Male,0,No,No,33,Yes,No,No,No internet service,No internet service,No internet service,No internet service,No internet service,No internet service,One year,Yes,Credit card (automatic),42.89,1425.51,1,No
2251-WNS,Male,0,No,No,4,Yes,No,DSL,Yes,No,Yes,Yes,Yes,No,Month-to-month,No,Electronic check,108.12,438.68,2,Yes
6305-CNH,Male,0,Yes,No,45,Yes,Yes,Fiber optic,No,Yes,No,No,No,No,Two year,Yes,Electronic check,106.29,4787.19,2,No
5891-AJR,Female,1,No,Yes,30,Yes,No,No,No internet service,No internet service,No internet service,No internet service,No internet service,No internet service,One year,No,Electronic check,42.87,1281.34,0,No
3863-HAL,Male,0,Yes,Yes,16,Yes,Yes,DSL,No,Yes,No,No,No,No,One year,Yes,Bank transfer (automatic),86.68,1399.11,2,No
5567-PRD,Female,0,No,No,44,Yes,No,DSL,No,No,No,No,No,No,One year,Yes,Bank transfer (automatic),66.85,2930.69,1,No
5005-LIO,Male,0,No,No,34,Yes,Yes,Fiber optic,No,No,No,No,No,No,Month-to-month,No,Credit card (automatic),92.53,3153.03,0,No
1183-LXW,Female,0,Yes,Yes,36,Yes,No,No,No internet service,No internet service,No internet service,No internet service,No internet service,No internet service,Month-to-month,Yes,Electronic check,42.9,1544.1,3,No
7797-MYB,Male,0,Yes,Yes,9,Yes,Yes,DSL,No,No,No,No,No,Yes,Month-to-month,Yes,Bank transfer (automatic),87.1,798.13,5,Yes
6698-ZXV,Male,1,No,Yes,25,Yes,Yes,DSL,No,Yes,No,No,Yes,No,Month-to-month,No,Electronic check,99.17,2478.34,2,No
2096-ZTH,Male,1,No,No,4,Yes,No,No,No internet service,No internet service,No internet service,No internet service,No internet service,No internet service,Month-to-month,Yes,Mailed check,42.02,159.31,4,Yes
9002-XEC,Female,0,No,No,43,Yes,Yes,DSL,No,No,Yes,No,Yes,No,Month-to-month,No,Mailed check,98.14,4222.41,2,No
4354-PQO,Male,1,Yes,No,19,Yes,No,No,No internet service,No internet service,No internet service,No internet service,No internet service,No internet service,Month-to-month,Yes,Electronic check,40.86,785.82,0,No
2186-LIU,Female,0,No,Yes,44,Yes,No,Fiber optic,No,No,No,No,Yes,Yes,Month-to-month,Yes,Electronic check,111.83,4925.89,1,No
7305-WRT,Female,0,No,Yes,6,Yes,Yes,No,No internet service,No internet service,No internet service,No internet service,No internet service,No internet service,One year,No,Credit card (automatic),47.04,271.48,2,No
8299-WPW,Female,0,No,No,4,Yes,Yes,DSL,No,Yes,Yes,Yes,Yes,No,Month-to-month,Yes,Electronic check,117.2,453.86,1,Yes
7511-AVY,Female,0,No,No,30,Yes,Yes,DSL,Yes,No,No,Yes,No,Yes,Two year,Yes,Mailed check,108.23,3233.56,1,No
5765-CZU,Female,0,Yes,No,2,Yes,Yes,Fiber optic,Yes,No,No,No,Yes,Yes,Month-to-month,No,Mailed check,126.47,252.71,3,Yes
6552-TVU,Female,1,No,Yes,7,Yes,No,DSL,No,No,Yes,No,Yes,No,Month-to-month,No,Electronic check,86.31,591.86,2,Yes
7589-ATF,Male,0,No,Yes,60,No,No phone service,DSL,No,No,Yes,No,Yes,No,Month-to-month,No,Credit card (automatic),68.3,4083.23,2,No
6884-OZZ,Male,0,Yes,No,4,Yes,No,No,No internet service,No internet service,No internet service,No internet service,No internet service,No internet service,Month-to-month,No,Electronic check,37.13,148.13,2,Yes
3925-TON,Female,0,Yes,No,12,Yes,Yes,DSL,No,No,Yes,No,Yes,No,Two year,No,Mailed check,99.49,1183.31,2,No
8192-UXY,Female,0,No,Yes,72,Yes,No,Fiber optic,No,No,No,Yes,No,No,One year,Yes,Electronic check,94.8,6817.69,4,No
3672-KPL,Male,1,Yes,No,1,Yes,No,Fiber optic,Yes,No,No,No,No,No,Two year,Yes,Bank transfer (automatic),93.12,85.41,0,No
9662-DRU,Male,0,Yes,No,15,No,No phone service,DSL,No,No,Yes,No,No,No,Two year,No,Bank transfer (automatic),54.98,815.06,0,No
5059-CVH,Female,0,No,No,39,Yes,No,DSL,No,No,No,No,No,No,One year,Yes,Bank transfer (automatic),62.35,2437.75,2,No
9383-CHR,Male,1,Yes,No,60,Yes,Yes,Fiber optic,No,No,Yes,No,No,No,Month-to-month,No,Mailed check,103.77,6240.37,4,No
5440-TQH,Female,0,Yes,No,34,Yes,No,Fiber optic,No,Yes,Yes,No,Yes,No,Month-to-month,Yes,Electronic check,119.98,4065.02,6,Yes
7646-KEZ,Male,0,No,No,55,Yes,Yes,No,No internet service,No internet service,No internet service,No internet service,No internet service,No internet service,One year,No,Mailed check,50.18,2749.96,3,No
2716-WEX,Male,0,Yes,No,1,Yes,Yes,Fiber optic,Yes,No,Yes,Yes,Yes,No,One year,No,Credit card (automatic),134.49,133.95,2,No
5538-MFE,Male,0,No,Yes,3,Yes,Yes,No,No internet service,No internet service,No internet service,No internet service,No internet service,No internet service,One year,Yes,Electronic check,51.72,162.84,2,No
1584-PBA,Male,0,Yes,No,34,Yes,Yes,DSL,Yes,No,No,No,No,No,One year,Yes,Credit card (automatic),82.45,2791.07,3,No
9551-SKL,Male,0,No,No,35,No,No phone service,Fiber optic,No,No,No,No,Yes,No,Two year,No,Bank transfer (automatic),76.65,2691.76,2,No
5939-GZM,Female,0,Yes,No,24,Yes,Yes,No,No internet service,No internet service,No internet service,No internet service,No internet service,No internet service,Month-to-month,No,Credit card (automatic),52.48,1261.55,1,No
1890-HVZ,Female,0,Yes,No,33,Yes,No,DSL,Yes,Yes,Yes,No,No,Yes,One year,No,Mailed check,104.17,3440.3,1,No
3504-GZU,Male,0,No,No,49,No,No phone service,Fiber optic,No,No,Yes,No,No,No,Month-to-month,No,Electronic check,77.69,3792.21,1,No
2719-OBW,Female,0,Yes,No,20,Yes,No,Fiber optic,No,No,Yes,No,Yes,Yes,Month-to-month,No,Electronic check,118.14,2349.9,1,Yes
7686-TYL,Female,0,No,Yes,72,Yes,No,No,No internet service,No internet service,No internet service,No internet service,No internet service,No internet service,Month-to-month,No,Electronic check,37.28,2698.13,2,No
1896-WVH,Male,1,No,No,30,Yes,No,DSL,No,No,No,No,No,No,Two year,Yes,Credit card (automatic),65.17,1962.57,0,No
3432-AYJ,Female,0,No,No,16,Yes,Yes,Fiber optic,No,Yes,Yes,No,No,No,Month-to-month,No,Mailed check,116.52,1873.12,1,Yes
7837-JUO,Female,0,Yes,No,14,Yes,Yes,Fiber optic,No,No,No,Yes,Yes,Yes,Month-to-month,Yes,Electronic check,127.65,1776.62,3,Yes
5117-FCM,Male,0,No,No,35,Yes,Yes,Fiber optic,Yes,Yes,Yes,No,No,Yes,Month-to-month,Yes,Mailed check,136.4,4759.48,3,Yes
7845-OQQ,Female,0,No,No,25,Yes,No,Fiber optic,No,No,No,No,No,No,One year,Yes,Bank transfer (automatic),87.64,2195.2,2,No
9848-FQP,Male,0,Yes,No,43,Yes,No,Fiber optic,Yes,No,No,Yes,No,Yes,Month-to-month,No,Credit card (automatic),118.3,5094.44,2,No
1589-MFC,Male,1,Yes,No,38,Yes,No,Fiber optic,No,Yes,No,No,Yes,No,Month-to-month,No,Bank transfer (automatic),109.33,4167.33,1,Yes
7509-NOH,Female,0,No,No,19,Yes,Yes,DSL,No,No,Yes,Yes,No,Yes,One year,No,Mailed check,109.82,2077.44,2,No
4580-MQU,Male,0,No,Yes,72,Yes,No,Fiber optic,Yes,No,No,No,Yes,No,Month-to-month,Yes,Electronic check,104.09,7500.33,0,No
2015-CFE,Female,0,Yes,No,31,No,No phone service,Fiber optic,No,No,Yes,No,No,No,Two year,Yes,Bank transfer (automatic),75.06,2315.01,3,No
8984-WYB,Female,0,No,Yes,6,Yes,No,DSL,Yes,No,Yes,No,Yes,No,Two year,Yes,Mailed check,94.35,571.13,4,No
7169-OEZ,Male,0,No,Yes,25,Yes,No,No,No internet service,No internet service,No internet service,No internet service,No internet service,No internet service,Month-to-month,Yes,Electronic check,41.13,1033.11,1,No
5485-FRR,Female,0,Yes,Yes,6,Yes,No,Fiber optic,No,No,No,No,No,No,Month-to-month,Yes,Credit card (automatic),82.36,491.05,5,Yes
7928-YNN,Female,0,No,No,21,Yes,Yes,Fiber optic,No,Yes,Yes,No,No,No,One year,No,Credit card (automatic),112.72,2370.3,1,No
8566-SKO,Female,0,Yes,No,40,Yes,Yes,Fiber optic,No,No,No,No,Yes,Yes,Two year,Yes,Mailed check,119.79,4795.0,1,No
2003-CQC,Female,0,No,No,42,Yes,Yes,DSL,No,No,No,No,Yes,Yes,One year,Yes,Electronic check,96.3,4036.06,3,No
2939-DCZ,Female,0,No,No,27,Yes,Yes,DSL,Yes,Yes,Yes,No,No,Yes,Two year,No,Mailed check,119.15,3221.7,2,No
2895-XQG,Female,1,Yes,Yes,39,Yes,Yes,No,No internet service,No internet service,No internet service,No internet service,No internet service,No internet service,Month-to-month,No,Electronic check,47.48,1855.59,2,No
2073-ACD,Female,0,No,No,16,Yes,Yes,Fiber optic,No,No,Yes,Yes,No,No,Month-to-month,No,Credit card (automatic),116.2,1856.49,2,Yes
2956-POO,Male,1,Yes,Yes,20,Yes,Yes,DSL,No,Yes,No,No,No,No,Two year,Yes,Mailed check,87.67,1746.61,1,No
4907-HPP,Female,0,No,No,53,Yes,No,Fiber optic,No,Yes,No,Yes,Yes,No,Month-to-month,Yes,Mailed check,119.06,6316.34,1,No
5524-ZMB,Male,0,Yes,Yes,17,Yes,No,No,No internet service,No internet service,No internet service,No internet service,No internet service,No internet service,Month-to-month,Yes,Bank transfer (automatic),40.33,682.57,3,Yes
1757-HXO,Male,0,No,No,11,Yes,No,No,No internet service,No internet service,No internet service,No internet service,No internet service,No internet service,Month-to-month,No,Credit card (automatic),42.23,470.2,2,Yes
4558-MBH,Female,0,No,No,40,Yes,Yes,Fiber optic,No,No,No,No,No,No,Month-to-month,Yes,Credit card (automatic),97.68,3909.82,1,No
7726-XLS,Male,0,No,No,2,Yes,Yes,DSL,Yes,No,No,No,No,No,Month-to-month,No,Credit card (automatic),84.15,159.26,2,Yes
5198-JYP,Male,0,Yes,Yes,72,Yes,Yes,DSL,No,Yes,No,Yes,Yes,No,Two year,Yes,Credit card (automatic),109.31,7883.3,3,No
5066-JFR,Male,1,No,No,11,Yes,Yes,No,No internet service,No internet service,No internet service,No internet service,No internet service,No internet service,Month-to-month,No,Mailed check,50.08,552.32,3,Yes
6316-UGB,Female,0,Yes,No,25,Yes,No,No,No internet service,No internet service,No internet service,No internet service,No internet service,No internet service,One year,No,Bank transfer (automatic),42.77,1058.5,4,No
5266-MWE,Male,0,Yes,No,29,Yes,No,Fiber optic,No,Yes,Yes,Yes,No,No,Month-to-month,No,Bank transfer (automatic),116.54,3377.93,3,No
9069-XZN,Male,0,Yes,Yes,4,Yes,Yes,No,No internet service,No internet service,No internet service,No internet service,No internet service,No internet service,Month-to-month,Yes,Electronic check,49.32,190.59,3,Yes
7763-DWF,Male,1,No,No,44,Yes,No,No,No internet service,No internet service,No internet service,No internet service,No internet service,No internet service,Month-to-month,Yes,Electronic check,41.11,1795.71,1,No
9479-JRO,Male,0,No,Yes,22,No,No phone service,DSL,No,No,No,No,No,Yes,Month-to-month,No,Electronic check,56.39,1237.36,2,No
2447-ZIE,Male,1,No,Yes,10,Yes,Yes,DSL,Yes,No,Yes,Yes,No,No,Two year,No,Bank transfer (automatic),106.8,1082.66,2,No
3671-XCJ,Male,0,No,Yes,48,No,No phone service,DSL,No,Yes,Yes,No,No,No,One year,Yes,Credit card (automatic),67.92,3274.02,2,No
4722-KQD,Female,0,No,Yes,25,No,No phone service,Fiber optic,No,Yes,Yes,Yes,No,Yes,Two year,Yes,Bank transfer (automatic),107.49,2683.09,1,No
6054-DQI,Male,1,Yes,No,39,Yes,No,DSL,No,No,No,No,No,No,Two year,Yes,Mailed check,62.0,2408.53,2,No
1725-XFC,Male,0,No,Yes,72,Yes,Yes,Fiber optic,Yes,No,No,Yes,No,No,Month-to-month,Yes,Bank transfer (automatic),114.36,8224.79,2,No
8701-ATV,Female,1,Yes,No,4,Yes,No,DSL,No,No,No,No,Yes,No,One year,Yes,Mailed check,76.77,320.9,8,Yes
3806-KMJ,Female,0,No,Yes,35,No,No phone service,Fiber optic,No,No,No,No,No,No,One year,No,Electronic check,67.26,2348.08,4,No
6634-ILW,Male,0,No,No,36,Yes,No,DSL,No,No,Yes,No,Yes,No,Two year,Yes,Credit card (automatic),88.58,3184.17,3,No
1224-RQI,Male,1,No,No,52,Yes,No,Fiber optic,No,No,No,No,Yes,No,One year,No,Electronic check,94.7,4925.32,2,No
2814-JSO,Female,0,No,No,14,Yes,Yes,Fiber optic,No,Yes,No,Yes,No,Yes,Two year,Yes,Bank transfer (automatic),125.56,1749.0,3,No
3931-WYB,Male,0,Yes,No,51,Yes,No,DSL,No,No,Yes,No,Yes,No,Month-to-month,Yes,Bank transfer (automatic),85.66,4378.22,1,No
8415-POY,Male,0,Yes,Yes,26,Yes,No,Fiber optic,Yes,No,No,No,Yes,No,One year,No,Bank transfer (automatic),106.43,2773.62,3,No
2609-NJY,Female,0,Yes,Yes,2,Yes,No,No,No internet service,No internet service,No internet service,No internet service,No internet service,No internet service,Month-to-month,No,Electronic check,41.09,90.46,0,Yes
7782-IYN,Male,0,Yes,No,1,Yes,No,No,No internet service,No internet service,No internet service,No internet service,No internet service,No internet service,Month-to-month,No,Electronic check,41.56,41.16,2,Yes
9307-PBJ,Female,0,No,No,17,Yes,No,DSL,No,No,No,No,No,No,Month-to-month,No,Electronic check,64.61,1092.63,2,Yes
6578-KUU,Male,0,Yes,Yes,39,Yes,No,DSL,No,No,No,Yes,No,No,Two year,No,Bank transfer (automatic),77.73,3029.26,1,No
8381-MGW,Male,0,No,No,13,Yes,No,Fiber optic,No,No,Yes,No,Yes,Yes,Month-to-month,Yes,Electronic check,119.56,1542.88,5,Yes
4792-BLY,Female,0,No,No,48,Yes,No,DSL,No,Yes,No,No,Yes,No,Two year,No,Credit card (automatic),86.58,4159.97,0,No
7197-KPQ,Female,0,No,No,17,Yes,Yes,No,No internet service,No internet service,No internet service,No internet service,No internet service,No internet service,Month-to-month,No,Electronic check,48.06,826.06,2,Yes
6874-RCU,Male,0,No,No,1,Yes,Yes,Fiber optic,No,No,No,No,No,Yes,Month-to-month,Yes,Mailed check,109.34,110.2,1,Yes
9378-ZPF,Male,1,Yes,No,72,Yes,No,DSL,No,No,Yes,Yes,Yes,No,Month-to-month,No,Electronic check,98.94,7121.47,3,No
5586-OOP,Male,1,Yes,Yes,17,Yes,Yes,No,No internet service,No internet service,No internet service,No internet service,No internet service,No internet service,Month-to-month,No,Mailed check,47.55,818.45,4,Yes
3345-LMD,Female,0,No,No,27,Yes,No,DSL,No,Yes,No,Yes,No,No,One year,Yes,Bank transfer (automatic),85.09,2284.46,2,No
6877-BZO,Female,0,Yes,No,6,Yes,Yes,DSL,No,Yes,Yes,No,No,Yes,Month-to-month,Yes,Electronic check,108.1,638.75,2,Yes
2902-WNH,Female,0,Yes,No,9,Yes,No,DSL,No,No,No,Yes,No,No,Month-to-month,No,Mailed check,77.49,696.69,1,No
3059-MKQ,Female,0,No,Yes,17,Yes,No,DSL,Yes,No,No,Yes,Yes,No,Month-to-month,No,Electronic check,94.61,1605.72,1,No
1464-XDU,Female,0,No,No,49,Yes,No,Fiber optic,No,No,No,Yes,No,No,Month-to-month,No,Credit card (automatic),97.84,4805.94,2,No
9711-EZP,Female,0,No,Yes,3,Yes,Yes,Fiber optic,No,Yes,No,No,Yes,Yes,Two year,Yes,Credit card (automatic),130.58,381.27,4,Yes
3851-VOL,Male,0,Yes,No,38,Yes,No,Fiber optic,No,Yes,Yes,No,No,No,One year,Yes,Electronic check,104.77,3987.25,2,No
7543-NJG,Female,0,No,No,22,Yes,No,DSL,Yes,No,No,No,Yes,Yes,Month-to-month,Yes,Electronic check,98.51,2171.34,1,No
7124-TEC,Female,0,No,No,18,Yes,Yes,Fiber optic,No,No,Yes,No,Yes,No,One year,No,Bank transfer (automatic),115.4,2066.65,0,No
4982-DON,Female,1,No,No,53,Yes,No,DSL,No,Yes,No,No,Yes,Yes,Month-to-month,No,Bank transfer (automatic),97.43,5170.79,0,No
6555-SMJ,Female,0,Yes,No,4,Yes,Yes,Fiber optic,Yes,No,No,No,No,Yes,One year,Yes,Bank transfer (automatic),116.95,475.0,3,Yes
4092-EWT,Male,0,No,No,72,Yes,Yes,No,No internet service,No internet service,No internet service,No internet service,No internet service,No internet service,Month-to-month,Yes,Electronic check,50.74,3654.52,1,No
9476-TYF,Female,0,No,No,49,Yes,No,DSL,Yes,Yes,No,No,Yes,No,Month-to-month,Yes,Bank transfer (automatic),95.32,4659.49,3,No
5926-DBV,Male,0,No,No,10,Yes,No,No,No internet service,No internet service,No internet service,No internet service,No internet service,No internet service,Month-to-month,No,Bank transfer (automatic),39.5,391.73,2,Yes
5319-PRE,Female,0,Yes,No,16,Yes,No,DSL,No,No,No,Yes,Yes,No,One year,Yes,Electronic check,86.08,1378.0,6,No
4939-MSW,Male,1,No,No,1,Yes,Yes,No,No internet service,No internet service,No internet service,No internet service,No internet service,No internet service,One year,Yes,Electronic check,51.65,53.55,2,Yes
2909-DVT,Female,0,No,No,19,Yes,Yes,DSL,Yes,No,Yes,No,Yes,Yes,Month-to-month,Yes,Bank transfer (automatic),119.47,2272.56,3,Yes
1931-IGS,Female,0,No,No,20,Yes,No,No,No internet service,No internet service,No internet service,No internet service,No internet service,No internet service,One year,Yes,Electronic check,37.52,756.42,1,No
7382-OYT,Female,0,Yes,No,66,Yes,Yes,Fiber optic,Yes,No,No,No,Yes,Yes,Month-to-month,Yes,Mailed check,129.48,8558.69,1,No
2032-DRR,Female,0,Yes,No,13,Yes,Yes,DSL,No,No,Yes,Yes,Yes,No,Month-to-month,No,Mailed check,109.91,1419.26,4,Yes
7781-KEV,Male,0,Yes,No,22,Yes,No,DSL,No,No,No,Yes,Yes,Yes,Two year,No,Bank transfer (automatic),96.99,2134.77,2,No
2859-LBM,Male,0,No,No,34,Yes,No,Fiber optic,No,No,No,No,No,No,Month-to-month,No,Bank transfer (automatic),84.26,2870.75,3,Yes
6929-IJG,Female,1,No,No,24,Yes,Yes,No,No internet service,No internet service,No internet service,No internet service,No internet service,No internet service,Month-to-month,Yes,Credit card (automatic),48.34,1158.41,1,No
5675-SJC,Female,0,Yes,No,5,Yes,No,Fiber optic,No,No,No,No,No,No,Month-to-month,Yes,Electronic check,82.36,416.07,3,Yes
6308-SUB,Male,0,No,Yes,5,Yes,No,Fiber optic,Yes,Yes,No,No,No,No,Month-to-month,Yes,Bank transfer (automatic),103.4,519.38,2,Yes
5282-TJB,Male,1,No,No,4,Yes,No,DSL,No,No,Yes,Yes,Yes,Yes,Month-to-month,No,Bank transfer (automatic),110.09,450.73,2,Yes
7337-XQP,Male,0,Yes,No,7,Yes,Yes,DSL,No,No,No,Yes,Yes,Yes,Month-to-month,Yes,Credit card (automatic),107.65,760.98,3,Yes
9207-NGU,Female,0,Yes,Yes,10,Yes,Yes,DSL,No,No,No,No,Yes,No,Month-to-month,Yes,Mailed check,88.33,879.36,2,Yes
1926-KXA,Male,0,Yes,No,34,Yes,Yes,Fiber optic,Yes,No,Yes,No,Yes,No,Month-to-month,Yes,Electronic check,126.68,4297.95,4,Yes
6002-WUD,Female,0,No,Yes,2,Yes,Yes,DSL,No,No,No,No,Yes,Yes,Month-to-month,Yes,Bank transfer (automatic),97.23,180.32,4,Yes
4398-ZOR,Female,0,Yes,No,43,Yes,Yes,No,No internet service,No internet service,No internet service,No internet service,No internet service,No internet service,Two year,Yes,Mailed check,51.75,2232.44,3,No
3654-QAK,Male,0,No,No,8,Yes,No,Fiber optic,Yes,No,Yes,No,Yes,Yes,Two year,No,Mailed check,129.51,1043.97,3,No
2371-AOU,Female,0,No,No,24,Yes,Yes,Fiber optic,No,No,Yes,No,No,No,Two year,No,Bank transfer (automatic),104.74,2524.65,2,No
7761-GBJ,Female,0,Yes,Yes,21,Yes,No,Fiber optic,Yes,Yes,No,Yes,No,Yes,One year,No,Mailed check,126.41,2648.06,0,No
7553-KHR,Male,0,Yes,No,5,Yes,No,Fiber optic,No,No,No,Yes,No,No,Month-to-month,Yes,Mailed check,92.84,461.62,2,Yes
8498-MCL,Female,0,No,No,9,Yes,Yes,Fiber optic,Yes,No,No,No,No,No,Two year,No,Mailed check,102.3,917.92,1,No
1194-JQV,Male,1,Yes,No,9,Yes,No,DSL,No,No,No,No,No,No,Month-to-month,Yes,Electronic check,67.08,604.75,1,No
4009-QPB,Male,0,No,No,25,Yes,No,No,No internet service,No internet service,No internet service,No internet service,No internet service,No internet service,Month-to-month,No,Credit card (automatic),39.09,983.43,3,No
3077-TFY,Male,1,No,No,39,Yes,Yes,No,No internet service,No internet service,No internet service,No internet service,No internet service,No internet service,Month-to-month,Yes,Mailed check,49.96,1950.88,1,No
5873-JHA,Female,1,Yes,No,72,Yes,No,Fiber optic,No,No,No,No,No,No,Month-to-month,No,Mailed check,85.46,6139.75,2,No
2015-IVJ,Male,0,No,Yes,3,Yes,Yes,DSL,No,Yes,No,Yes,No,No,Month-to-month,Yes,Electronic check,93.24,285.47,5,Yes
3350-EVP,Male,1,No,Yes,70,Yes,Yes,DSL,No,Yes,No,No,Yes,Yes,One year,Yes,Bank transfer (automatic),107.78,7548.04,1,No
2260-VYT,Female,1,Yes,No,21,No,No phone service,No,No internet service,No internet service,No internet service,No internet service,No internet service,No internet service,Month-to-month,Yes,Bank transfer (automatic),19.99,422.84,2,No
7897-KIP,Female,0,Yes,No,12,Yes,No,Fiber optic,Yes,No,Yes,No,No,No,Month-to-month,Yes,Electronic check,103.43,1254.01,3,Yes
6593-YBL,Male,0,No,Yes,9,Yes,Yes,No,No internet service,No internet service,No internet service,No internet service,No internet service,No internet service,Month-to-month,No,Mailed check,51.87,464.01,1,No
6543-ILZ,Female,0,Yes,Yes,6,No,No phone service,DSL,No,No,Yes,No,Yes,Yes,Month-to-month,Yes,Bank transfer (automatic),79.27,471.16,2,Yes
9713-YBP,Female,0,Yes,No,21,Yes,No,Fiber optic,No,Yes,Yes,No,Yes,No,One year,Yes,Mailed check,116.17,2429.94,2,Yes
5883-GBA,Female,0,No,Yes,72,Yes,No,Fiber optic,No,No,No,No,No,No,Month-to-month,No,Electronic check,84.19,6056.39,1,No
2409-YNB,Female,0,No,No,6,Yes,Yes,Fiber optic,No,Yes,No,Yes,Yes,No,Month-to-month,Yes,Mailed check,127.13,766.7,1,Yes
8452-OLE,Female,0,No,No,15,Yes,No,DSL,No,Yes,No,No,No,No,Month-to-month,Yes,Credit card (automatic),74.97,1124.25,5,Yes
3172-GXU,Male,0,Yes,No,6,Yes,No,No,No internet service,No internet service,No internet service,No internet service,No internet service,No internet service,Two year,No,Credit card (automatic),38.95,233.7,0,No
4977-NNE,Male,0,Yes,No,5,Yes,No,DSL,Yes,No,No,No,No,No,Two year,Yes,Electronic check,73.91,357.91,2,No
8825-XNB,Male,1,No,No,51,Yes,Yes,Fiber optic,No,No,Yes,No,Yes,Yes,Month-to-month,No,Mailed check,128.15,6533.87,0,No
6247-ZLV,Female,0,No,No,8,Yes,Yes,Fiber optic,No,No,No,No,No,Yes,Two year,No,Mailed check,106.47,847.52,1,No
7135-FDM,Female,0,No,No,8,Yes,Yes,Fiber optic,Yes,No,No,Yes,No,No,Two year,No,Credit card (automatic),114.56,922.73,1,No
8189-NPD,Male,0,Yes,No,61,No,No phone service,No,No internet service,No internet service,No internet service,No internet service,No internet service,No internet service,One year,No,Credit card (automatic),18.5,1116.56,0,No
5535-YAM,Male,0,Yes,No,13,Yes,Yes,No,No internet service,No internet service,No internet service,No internet service,No internet service,No internet service,Month-to-month,No,Mailed check,51.13,672.66,2,Yes
8697-FCW,Male,0,No,Yes,1,Yes,Yes,DSL,Yes,Yes,Yes,Yes,Yes,No,Month-to-month,Yes,Electronic check,129.42,129.29,0,No
9671-MPE,Female,0,No,No,32,Yes,No,Fiber optic,No,No,Yes,No,No,Yes,One year,Yes,Bank transfer (automatic),106.88,3425.08,1,No
6874-NGN,Male,0,Yes,No,19,Yes,No,No,No internet service,No internet service,No internet service,No internet service,No internet service,No internet service,Two year,No,Electronic check,41.57,804.48,2,No
8148-WNG,Female,1,Yes,Yes,38,Yes,Yes,No,No internet service,No internet service,No internet service,No internet service,No internet service,No internet service,Month-to-month,No,Electronic check,49.55,1891.87,2,No
4629-OLQ,Male,0,No,No,22,Yes,No,No,No internet service,No internet service,No internet service,No internet service,No internet service,No internet service,Month-to-month,Yes,Credit card (automatic),39.17,861.52,2,No
9872-VOL,Male,1,No,Yes,11,Yes,No,Fiber optic,Yes,Yes,No,No,Yes,Yes,Month-to-month,Yes,Credit card (automatic),128.02,1404.54,1,Yes
1609-EMT,Female,0,Yes,No,2,Yes,No,Fiber optic,Yes,No,Yes,No,Yes,No,One year,No,Credit card (automatic),118.47,248.43,2,Yes
7998-HNO,Female,0,Yes,Yes,51,Yes,No,DSL,No,No,No,No,No,No,One year,No,Bank transfer (automatic),64.05,3256.07,2,No
1864-UCQ,Male,0,Yes,No,6,Yes,No,Fiber optic,No,No,Yes,No,No,No,Month-to-month,No,Electronic check,92.76,549.48,0,Yes
5571-SNV,Male,0,Yes,No,72,Yes,No,DSL,No,No,No,No,No,Yes,Month-to-month,Yes,Electronic check,77.25,5573.09,3,No
3237-WHM,Male,0,Yes,No,8,Yes,No,Fiber optic,Yes,No,No,No,Yes,Yes,One year,Yes,Mailed check,121.95,968.32,1,No
7394-TCE,Female,0,Yes,No,44,Yes,No,No,No internet service,No internet service,No internet service,No internet service,No internet service,No internet service,Month-to-month,Yes,Electronic check,40.86,1788.21,2,No
1325-YVB,Female,0,No,No,39,Yes,No,DSL,Yes,No,No,No,Yes,Yes,One year,No,Mailed check,100.74,3938.28,3,No
5932-YHW,Male,0,No,No,16,Yes,Yes,Fiber optic,No,No,Yes,No,Yes,No,One year,Yes,Electronic check,117.77,1882.5,4,Yes
9832-TLW,Male,0,No,Yes,13,Yes,No,Fiber optic,Yes,Yes,No,Yes,Yes,Yes,Month-to-month,No,Credit card (automatic),139.78,1828.67,1,Yes
8754-GOV,Male,0,No,No,31,Yes,Yes,Fiber optic,No,No,Yes,No,No,No,One year,Yes,Credit card (automatic),106.36,3291.42,1,No
2367-KVZ,Female,1,Yes,No,19,No,No phone service,DSL,No,Yes,Yes,Yes,No,No,One year,Yes,Electronic check,73.55,1399.95,2,No
3575-CTN,Male,0,Yes,No,25,Yes,No,DSL,Yes,No,No,No,No,No,One year,No,Electronic check,75.33,1877.43,2,No
2986-AZU,Male,0,No,No,16,Yes,No,No,No internet service,No internet service,No internet service,No internet service,No internet service,No internet service,Month-to-month,Yes,Mailed check,41.04,666.67,2,No
9320-QBT,Female,0,No,Yes,21,Yes,Yes,DSL,No,No,No,No,Yes,No,One year,No,Electronic check,89.56,1875.44,2,No
8493-HPS,Male,0,Yes,Yes,6,Yes,No,DSL,No,Yes,No,No,No,Yes,Month-to-month,No,Electronic check,84.33,500.32,2,Yes
4744-CCE,Male,0,Yes,No,2,No,No phone service,No,No internet service,No internet service,No internet service,No internet service,No internet service,No internet service,Month-to-month,No,Mailed check,20.01,41.31,4,Yes
6594-LLT,Female,1,No,No,11,Yes,Yes,Fiber optic,No,No,No,Yes,Yes,No,One year,No,Credit card (automatic),114.95,1267.77,1,No
2644-TIG,Female,0,Yes,No,16,Yes,No,No,No internet service,No internet service,No internet service,No internet service,No internet service,No internet service,Month-to-month,Yes,Credit card (automatic),37.64,594.1,6,Yes
1242-VSF,Male,0,Yes,No,60,Yes,No,No,No internet service,No internet service,No internet service,No internet service,No internet service,No internet service,Month-to-month,No,Credit card (automatic),42.21,2518.01,1,No
8130-MKM,Female,0,No,No,14,Yes,Yes,No,No internet service,No internet service,No internet service,No internet service,No internet service,No internet service,Month-to-month,Yes,Electronic check,47.41,654.52,1,No
7331-YVT,Female,0,No,Yes,15,Yes,Yes,DSL,Yes,No,No,Yes,Yes,No,Two year,Yes,Electronic check,106.44,1606.43,3,No
3158-UMV,Female,0,No,Yes,29,Yes,Yes,DSL,No,No,No,No,Yes,Yes,Month-to-month,Yes,Electronic check,96.69,2815.61,1,No
6162-SHT,Female,1,Yes,Yes,6,Yes,No,DSL,Yes,No,Yes,No,No,Yes,Month-to-month,Yes,Bank transfer (automatic),94.98,575.09,4,Yes
8977-ZPS,Female,0,No,No,52,Yes,No,Fiber optic,No,No,No,Yes,Yes,Yes,One year,No,Electronic check,120.06,6236.06,1,No
1298-MIT,Female,1,No,No,14,Yes,No,DSL,No,No,No,No,No,Yes,Month-to-month,Yes,Credit card (automatic),77.0,1068.65,2,No
5306-PGS,Female,0,No,No,67,No,No phone service,Fiber optic,No,No,No,No,Yes,No,Month-to-month,Yes,Bank transfer (automatic),76.55,5119.39,2,No
5875-OWN,Male,0,Yes,Yes,8,No,No phone service,Fiber optic,No,Yes,No,No,No,No,Month-to-month,No,Credit card (automatic),76.16,621.44,1,Yes
2802-ZJK,Female,0,No,No,16,Yes,No,DSL,No,No,No,No,Yes,Yes,Month-to-month,Yes,Credit card (automatic),87.13,1394.59,1,Yes
3657-KSF,Female,0,Yes,No,38,Yes,Yes,DSL,No,No,Yes,No,No,No,Month-to-month,Yes,Bank transfer (automatic),84.0,3193.02,0,No
1941-TFQ,Female,0,Yes,No,21,Yes,No,Fiber optic,No,No,Yes,Yes,Yes,No,One year,Yes,Credit card (automatic),119.9,2517.16,2,No
9105-ACH,Female,1,Yes,No,28,Yes,No,DSL,No,No,No,No,No,Yes,Month-to-month,Yes,Electronic check,74.5,2091.55,0,No
2466-TVO,Male,0,No,No,9,Yes,No,Fiber optic,Yes,No,No,No,Yes,No,Two year,No,Credit card (automatic),108.87,981.12,5,No
1375-GKG,Male,0,No,No,10,Yes,No,Fiber optic,No,No,Yes,No,No,Yes,Month-to-month,Yes,Bank transfer (automatic),109.27,1096.89,2,Yes
8833-FNL,Female,0,No,Yes,18,No,No phone service,DSL,Yes,No,Yes,No,Yes,No,Month-to-month,Yes,Mailed check,79.39,1441.86,1,No
9106-SUE,Male,1,Yes,No,6,Yes,No,DSL,No,No,Yes,No,No,No,Month-to-month,No,Credit card (automatic),73.6,449.18,5,Yes
4892-XPY,Male,1,No,Yes,4,Yes,Yes,DSL,Yes,Yes,Yes,No,No,Yes,One year,Yes,Bank transfer (automatic),119.35,469.67,1,No
9792-VVY,Male,0,Yes,Yes,47,Yes,Yes,Fiber optic,No,Yes,No,No,Yes,No,Month-to-month,No,Electronic check,115.82,5437.23,2,Yes
6599-QGN,Male,0,Yes,No,38,Yes,No,Fiber optic,No,No,No,No,No,Yes,Month-to-month,Yes,Credit card (automatic),95.75,3647.58,8,Yes
8382-MWR,Male,0,No,No,68,Yes,No,Fiber optic,Yes,No,No,Yes,No,No,Two year,No,Electronic check,106.39,7234.95,3,No
8707-KOY,Female,0,Yes,Yes,23,Yes,Yes,DSL,No,Yes,Yes,No,No,Yes,Month-to-month,No,Mailed check,107.78,2467.9,5,Yes
5633-YVS,Female,0,No,No,14,Yes,No,Fiber optic,No,No,Yes,No,Yes,No,Two year,No,Credit card (automatic),106.58,1479.04,1,No
8008-DNN,Female,0,Yes,No,3,Yes,No,No,No internet service,No internet service,No internet service,No internet service,No internet service,No internet service,Two year,No,Electronic check,39.98,109.93,5,No
4618-QCP,Male,1,Yes,No,48,No,No phone service,DSL,No,No,Yes,Yes,No,No,Month-to-month,No,Electronic check,64.94,3115.45,5,No
2773-TMO,Female,0,Yes,No,16,Yes,No,No,No internet service,No internet service,No internet service,No internet service,No internet service,No internet service,Month-to-month,Yes,Mailed check,39.26,614.45,2,No
1946-FJO,Male,0,Yes,Yes,21,Yes,No,No,No internet service,No internet service,No internet service,No internet service,No internet service,No internet service,Month-to-month,Yes,Mailed check,39.9,825.69,1,Yes
7719-VTZ,Female,0,Yes,No,10,Yes,No,DSL,Yes,Yes,No,No,No,No,Two year,No,Bank transfer (automatic),83.88,845.8,2,No
7360-JGV,Female,0,Yes,Yes,19,Yes,No,Fiber optic,Yes,No,Yes,No,No,Yes,Two year,Yes,Electronic check,115.35,2204.46,6,Yes
2192-JJY,Female,1,No,No,39,Yes,Yes,DSL,Yes,No,No,No,No,No,Month-to-month,No,Credit card (automatic),86.98,3378.82,3,No
1390-PRF,Female,0,Yes,Yes,32,Yes,Yes,DSL,No,No,No,Yes,No,No,Two year,Yes,Electronic check,87.54,2792.33,2,No
7106-TAA,Male,0,No,Yes,72,Yes,Yes,Fiber optic,No,No,Yes,No,No,No,Month-to-month,No,Bank transfer (automatic),105.92,7614.74,2,No
6867-UBD,Female,0,No,Yes,18,Yes,Yes,Fiber optic,Yes,No,No,Yes,Yes,No,Month-to-month,No,Electronic check,129.2,2327.79,3,Yes
1643-KVZ,Female,0,No,Yes,19,Yes,Yes,No,No internet service,No internet service,No internet service,No internet service,No internet service,No internet service,Month-to-month,Yes,Mailed check,48.8,936.12,2,No
2283-AGR,Male,0,No,Yes,2,No,No phone service,No,No internet service,No internet service,No internet service,No internet service,No internet service,No internet service,Month-to-month,No,Electronic check,18.5,35.1,0,No
5386-HXS,Male,0,Yes,No,13,Yes,No,No,No internet service,No internet service,No internet service,No internet service,No internet service,No internet service,Month-to-month,Yes,Mailed check,38.59,487.66,2,No
3339-RTK,Female,1,Yes,No,64,Yes,Yes,DSL,No,No,No,Yes,Yes,No,Two year,No,Bank transfer (automatic),95.39,6101.25,3,No
6402-NYR,Female,0,No,No,11,No,No phone service,Fiber optic,No,No,No,Yes,Yes,Yes,One year,Yes,Bank transfer (automatic),97.51,1062.63,0,No
6275-PCO,Male,0,No,No,37,No,No phone service,Fiber optic,Yes,No,No,No,No,No,Month-to-month,Yes,Electronic check,72.83,2687.98,2,No
8354-DEQ,Male,0,Yes,Yes,72,Yes,Yes,Fiber optic,Yes,No,No,No,No,No,Month-to-month,Yes,Credit card (automatic),105.88,7611.73,1,No
4622-PNZ,Female,0,No,No,4,Yes,Yes,No,No internet service,No internet service,No internet service,No internet service,No internet service,No internet service,One year,Yes,Electronic check,52.22,204.77,3,Yes
9111-GID,Male,0,No,No,11,No,No phone service,Fiber optic,No,No,Yes,Yes,No,No,Month-to-month,Yes,Electronic check,86.19,949.7,2,Yes
8837-VKB,Male,0,No,Yes,17,Yes,No,Fiber optic,No,Yes,No,No,No,No,Month-to-month,Yes,Credit card (automatic),95.43,1630.83,4,Yes
3155-LDR,Female,0,No,No,7,Yes,No,Fiber optic,No,No,Yes,No,No,No,Month-to-month,No,Electronic check,93.03,647.63,2,Yes
1692-GAZ,Female,0,Yes,No,1,Yes,Yes,DSL,No,No,Yes,No,No,Yes,Month-to-month,Yes,Credit card (automatic),96.7,81.75,2,Yes
3646-ZMF,Female,0,Yes,No,16,Yes,No,DSL,Yes,Yes,No,Yes,Yes,No,Two year,Yes,Mailed check,106.28,1705.62,5,No
5677-LHX,Male,0,Yes,Yes,20,Yes,Yes,Fiber optic,Yes,No,Yes,No,Yes,No,Month-to-month,Yes,Credit card (automatic),125.2,2509.79,1,Yes
3645-SER,Female,0,Yes,No,25,Yes,No,No,No internet service,No internet service,No internet service,No internet service,No internet service,No internet service,One year,Yes,Electronic check,38.41,949.16,5,No
8933-EYJ,Female,1,No,No,44,Yes,Yes,Fiber optic,No,No,Yes,No,No,Yes,Month-to-month,Yes,Mailed check,116.75,5136.57,0,No
3080-JEL,Female,0,Yes,Yes,8,Yes,Yes,DSL,No,Yes,No,No,Yes,No,Two year,Yes,Electronic check,97.81,769.0,1,No
8797-GIV,Male,0,Yes,No,2,Yes,Yes,No,No internet service,No internet service,No internet service,No internet service,No internet service,No internet service,Month-to-month,Yes,Mailed check,47.62,98.87,2,Yes
1404-LWA,Female,0,Yes,No,3,Yes,No,Fiber optic,Yes,No,Yes,No,Yes,No,Two year,No,Electronic check,116.18,360.49,4,Yes
9938-UOB,Female,0,No,No,18,Yes,No,DSL,No,No,Yes,No,No,No,Month-to-month,No,Mailed check,75.14,1349.85,4,Yes
6811-GUL,Male,0,No,Yes,64,No,No phone service,DSL,No,Yes,Yes,No,Yes,No,Month-to-month,Yes,Bank transfer (automatic),77.27,4944.41,1,No
9465-CGK,Male,0,No,Yes,72,Yes,Yes,DSL,Yes,No,No,No,No,Yes,One year,Yes,Credit card (automatic),95.73,6906.22,2,No
1421-EZA,Female,0,No,Yes,6,No,No phone service,Fiber optic,No,Yes,No,No,Yes,No,Two year,No,Bank transfer (automatic),87.76,533.5,1,No
5675-RDQ,Female,0,Yes,Yes,5,Yes,No,Fiber optic,Yes,No,Yes,No,No,No,Month-to-month,Yes,Bank transfer (automatic),103.81,531.1,2,Yes
7748-XVB,Female,0,Yes,No,11,No,No phone service,Fiber optic,No,Yes,No,No,Yes,Yes,Month-to-month,Yes,Electronic check,96.12,1046.5,2,Yes
4243-FJY,Male,0,No,No,16,Yes,No,Fiber optic,Yes,Yes,Yes,Yes,Yes,No,Two year,No,Electronic check,138.55,2215.91,2,No
7646-YUW,Female,1,No,No,42,No,No phone service,Fiber optic,Yes,No,No,No,No,Yes,Month-to-month,No,Credit card (automatic),86.53,3628.67,3,No
6882-PNG,Female,0,Yes,No,38,Yes,Yes,No,No internet service,No internet service,No internet service,No internet service,No internet service,No internet service,Two year,No,Electronic check,52.87,2012.69,2,No
9415-SWQ,Male,0,Yes,No,64,Yes,No,No,No internet service,No internet service,No internet service,No internet service,No internet service,No internet service,One year,Yes,Credit card (automatic),37.83,2430.76,1,No
9456-ZMV,Male,0,No,No,49,Yes,Yes,No,No internet service,No internet service,No internet service,No internet service,No internet service,No internet service,Month-to-month,Yes,Credit card (automatic),49.45,2412.21,6,No
7559-EWE,Female,1,Yes,No,15,No,No phone service,DSL,Yes,No,No,No,Yes,No,Month-to-month,No,Credit card (automatic),67.49,1019.31,1,No
6673-UJG,Male,0,Yes,No,1,Yes,Yes,No,No internet service,No internet service,No internet service,No internet service,No internet service,No internet service,Month-to-month,Yes,Credit card (automatic),50.14,52.1,0,No
4854-GOC,Female,0,No,No,7,No,No phone service,DSL,No,No,Yes,No,No,No,One year,Yes,Mailed check,53.5,362.53,4,Yes
3395-OCF,Female,0,Yes,No,24,Yes,Yes,DSL,Yes,Yes,No,Yes,Yes,No,One year,Yes,Credit card (automatic),119.52,2876.76,3,No
6515-OFM,Male,1,No,No,18,Yes,Yes,DSL,Yes,No,No,No,No,Yes,Month-to-month,Yes,Mailed check,97.1,1749.38,0,No
4138-HHW,Male,0,Yes,No,7,Yes,No,DSL,No,No,Yes,No,No,Yes,One year,Yes,Mailed check,89.07,617.88,0,No
9531-ODS,Male,0,Yes,No,4,Yes,No,Fiber optic,No,No,Yes,Yes,No,No,Two year,No,Credit card (automatic),106.49,414.81,2,No
1556-HWP,Male,0,No,No,7,Yes,No,Fiber optic,Yes,No,Yes,No,Yes,No,Month-to-month,Yes,Mailed check,116.45,807.35,0,Yes
6452-CPI,Female,0,Yes,Yes,8,Yes,Yes,DSL,No,No,Yes,No,No,Yes,Month-to-month,Yes,Credit card (automatic),98.03,785.78,1,Yes
4899-NMU,Male,1,No,No,51,Yes,Yes,No,No internet service,No internet service,No internet service,No internet service,No internet service,No internet service,One year,Yes,Electronic check,47.71,2434.52,2,No
2016-GOG,Male,1,Yes,Yes,31,Yes,No,Fiber optic,No,Yes,No,Yes,No,No,Month-to-month,No,Electronic check,107.73,3352.56,2,Yes
5321-IVX,Female,0,Yes,No,21,Yes,No,DSL,Yes,Yes,No,No,No,No,Two year,Yes,Credit card (automatic),85.71,1791.34,3,No
7256-ELA,Female,0,Yes,No,1,Yes,Yes,DSL,No,No,No,No,Yes,No,Month-to-month,Yes,Bank transfer (automatic),84.68,75.43,2,Yes
3313-KPN,Female,0,No,No,44,Yes,No,Fiber optic,No,Yes,No,No,No,Yes,One year,Yes,Mailed check,108.96,4804.59,2,No
6831-XQY,Male,0,Yes,Yes,21,No,No phone service,No,No internet service,No internet service,No internet service,No internet service,No internet service,No internet service,Month-to-month,No,Bank transfer (automatic),21.77,452.79,4,No
1305-LYQ,Female,0,Yes,Yes,25,Yes,No,Fiber optic,Yes,No,Yes,No,No,Yes,Month-to-month,No,Mailed check,116.39,2906.22,1,Yes
2689-NPN,Male,0,No,No,2,Yes,No,DSL,No,No,No,Yes,No,No,One year,No,Electronic check,72.86,135.98,2,No
8080-DYW,Male,0,No,No,43,Yes,No,DSL,Yes,Yes,Yes,No,No,Yes,Two year,No,Credit card (automatic),106.28,4562.88,4,No
6649-MKN,Male,1,Yes,No,45,Yes,No,DSL,No,Yes,Yes,No,Yes,No,One year,No,Bank transfer (automatic),97.67,4406.2,4,No
2819-RYS,Male,0,No,No,54,Yes,No,No,No internet service,No internet service,No internet service,No internet service,No internet service,No internet service,Two year,No,Bank transfer (automatic),42.19,2264.6,3,No
2079-OIH,Female,0,No,No,19,No,No phone service,No,No internet service,No internet service,No internet service,No internet service,No internet service,No internet service,Two year,No,Credit card (automatic),18.55,355.04,2,No
8235-NYB,Female,0,Yes,No,13,Yes,No,DSL,No,Yes,No,No,No,Yes,One year,Yes,Bank transfer (automatic),86.34,1131.28,1,No
3031-CZH,Female,0,Yes,Yes,2,Yes,No,DSL,No,No,No,Yes,Yes,Yes,Month-to-month,No,Mailed check,101.73,215.65,3,Yes
6911-PGM,Female,1,No,No,6,Yes,No,DSL,Yes,No,No,No,No,Yes,Month-to-month,Yes,Electronic check,88.76,536.93,2,Yes
4340-EYT,Female,0,Yes,No,7,Yes,Yes,No,No internet service,No internet service,No internet service,No internet service,No internet service,No internet service,Two year,Yes,Electronic check,50.13,338.94,2,No
2141-ROR,Male,0,No,No,2,Yes,Yes,No,No internet service,No internet service,No internet service,No internet service,No internet service,No internet service,Month-to-month,Yes,Electronic check,49.44,100.0,2,Yes
5041-WMR,Male,1,Yes,No,5,Yes,No,Fiber optic,No,Yes,Yes,No,No,Yes,Month-to-month,Yes,Mailed check,118.07,593.43,3,Yes
5270-LOM,Male,0,No,Yes,55,Yes,No,No,No internet service,No internet service,No internet service,No internet service,No internet service,No internet service,One year,Yes,Electronic check,41.99,2305.03,2,No
2784-WKS,Male,1,No,No,20,Yes,Yes,DSL,No,Yes,Yes,No,Yes,Yes,Two year,Yes,Electronic check,116.71,2342.93,1,No
6428-ZNN,Female,0,Yes,No,37,Yes,No,Fiber optic,No,Yes,No,No,No,No,Month-to-month,Yes,Credit card (automatic),97.57,3610.73,4,Yes
5658-KWV,Male,0,Yes,No,9,Yes,No,No,No internet service,No internet service,No internet service,No internet service,No internet service,No internet service,Two year,No,Bank transfer (automatic),38.11,329.0,2,No
8607-VSR,Male,0,No,No,4,Yes,No,No,No internet service,No internet service,No internet service,No internet service,No internet service,No internet service,Month-to-month,Yes,Credit card (automatic),41.27,178.07,6,Yes
7219-WAS,Male,1,No,No,12,Yes,No,Fiber optic,No,No,No,Yes,No,No,Month-to-month,No,Credit card (automatic),92.83,1118.85,0,No
3938-TQE,Male,0,Yes,No,40,No,No phone service,DSL,Yes,No,Yes,No,Yes,Yes,Month-to-month,Yes,Mailed check,86.64,3479.03,3,No
6730-BCH,Male,0,No,No,9,Yes,Yes,No,No internet service,No internet service,No internet service,No internet service,No internet service,No internet service,Month-to-month,Yes,Bank transfer (automatic),48.07,435.98,2,Yes
3639-FMW,Male,1,No,Yes,6,Yes,No,Fiber optic,No,No,No,No,No,No,Month-to-month,No,Credit card (automatic),82.22,498.54,1,Yes
7453-VPP,Female,0,No,No,1,Yes,Yes,DSL,Yes,No,No,No,Yes,No,Two year,Yes,Credit card (automatic),99.58,88.87,1,No
5539-MNH,Female,0,No,Yes,25,Yes,Yes,Fiber optic,Yes,No,Yes,No,Yes,Yes,One year,Yes,Bank transfer (automatic),136.71,3402.97,3,No
5086-VUZ,Male,0,No,No,15,Yes,No,DSL,No,Yes,No,Yes,No,No,Month-to-month,No,Bank transfer (automatic),86.75,1289.8,3,No
7040-IAF,Male,0,No,Yes,8,No,No phone service,Fiber optic,Yes,Yes,No,Yes,No,Yes,Month-to-month,Yes,Mailed check,108.42,858.57,1,No
5758-SWK,Male,0,Yes,Yes,19,Yes,Yes,DSL,No,No,No,Yes,Yes,Yes,Month-to-month,Yes,Electronic check,110.07,2092.93,2,Yes
6014-MKR,Male,1,No,No,31,Yes,Yes,Fiber optic,No,No,Yes,No,No,Yes,Two year,Yes,Electronic check,119.58,3699.37,1,No
6974-OAU,Male,1,Yes,No,8,Yes,No,Fiber optic,No,No,No,No,No,No,Month-to-month,Yes,Electronic check,87.85,702.11,3,Yes
6014-MLR,Female,0,Yes,No,24,Yes,Yes,Fiber optic,No,No,Yes,No,No,No,Month-to-month,No,Bank transfer (automatic),102.35,2466.15,0,Yes
4159-SOH,Female,0,No,No,8,Yes,No,DSL,No,Yes,Yes,No,No,No,Month-to-month,Yes,Credit card (automatic),87.37,701.17,3,Yes
5530-JGR,Male,0,Yes,No,72,Yes,Yes,Fiber optic,No,No,No,No,No,No,One year,No,Mailed check,92.03,6627.97,2,No
3387-FIU,Female,0,No,No,33,Yes,Yes,Fiber optic,No,No,No,No,Yes,No,One year,No,Credit card (automatic),108.19,3583.74,4,Yes
3156-YUZ,Male,0,No,No,24,Yes,No,Fiber optic,Yes,No,No,No,Yes,Yes,Month-to-month,Yes,Electronic check,118.48,2838.06,5,Yes
3159-MMQ,Male,1,Yes,Yes,5,Yes,No,DSL,Yes,No,No,No,No,Yes,One year,Yes,Bank transfer (automatic),84.24,429.54,0,No
7772-QIB,Female,0,Yes,No,23,Yes,No,No,No internet service,No internet service,No internet service,No internet service,No internet service,No internet service,Month-to-month,Yes,Electronic check,39.98,930.67,2,Yes
9488-FKY,Female,0,No,Yes,41,Yes,Yes,DSL,No,No,Yes,Yes,No,Yes,One year,Yes,Credit card (automatic),106.34,4370.55,3,No
8164-FFM,Female,0,No,No,34,Yes,No,DSL,No,Yes,Yes,No,Yes,No,Month-to-month,No,Mailed check,95.75,3253.55,2,No
2677-BHC,Female,0,No,No,38,Yes,No,Fiber optic,No,Yes,No,No,No,No,Month-to-month,No,Mailed check,93.39,3550.68,5,Yes
6622-UCA,Male,0,Yes,No,10,No,No phone service,DSL,No,No,No,Yes,Yes,Yes,One year,Yes,Credit card (automatic),80.43,802.13,0,No
6650-RQT,Female,0,No,No,10,Yes,No,No,No internet service,No internet service,No internet service,No internet service,No internet service,No internet service,Month-to-month,Yes,Mailed check,38.46,371.84,3,Yes
8036-XMC,Female,0,Yes,Yes,20,Yes,No,Fiber optic,No,Yes,No,Yes,No,Yes,Two year,No,Credit card (automatic),116.11,2334.79,3,No
3048-DYM,Female,0,Yes,No,9,Yes,Yes,Fiber optic,Yes,No,No,Yes,No,Yes,Month-to-month,Yes,Bank transfer (automatic),128.63,1164.45,5,Yes
5603-KBY,Male,0,Yes,No,3,Yes,Yes,Fiber optic,No,No,Yes,Yes,Yes,Yes,Month-to-month,Yes,Electronic check,139.2,426.82,2,Yes
1220-SWS,Male,0,Yes,Yes,16,Yes,No,Fiber optic,Yes,No,No,No,Yes,Yes,Two year,Yes,Electronic check,121.16,1930.52,0,No
8192-PVS,Male,0,No,No,1,Yes,No,No,No internet service,No internet service,No internet service,No internet service,No internet service,No internet service,Month-to-month,Yes,Credit card (automatic),41.81,44.23,1,No
8209-SAB,Female,0,No,No,36,No,No phone service,No,No internet service,No internet service,No internet service,No internet service,No internet service,No internet service,Two year,Yes,Electronic check,18.5,655.43,1,No
2871-LHW,Female,0,No,Yes,35,Yes,No,Fiber optic,Yes,No,No,No,No,Yes,One year,Yes,Electronic check,107.64,3775.34,1,No
6521-BYM,Female,1,No,No,21,No,No phone service,Fiber optic,Yes,No,Yes,Yes,No,Yes,Month-to-month,No,Credit card (automatic),105.18,2200.19,2,Yes
8813-UZF,Male,0,Yes,Yes,35,Yes,No,DSL,Yes,No,No,Yes,No,Yes,Two year,Yes,Mailed check,94.95,3324.52,1,No
8016-PKG,Female,0,No,Yes,25,Yes,No,No,No internet service,No internet service,No internet service,No internet service,No internet service,No internet service,Two year,Yes,Bank transfer (automatic),39.79,991.39,0,No
2001-JYT,Female,0,Yes,No,30,No,No phone service,Fiber optic,No,No,No,No,No,Yes,One year,Yes,Credit card (automatic),78.5,2367.09,3,No
9465-XTI,Male,0,No,Yes,2,Yes,Yes,Fiber optic,No,No,No,No,Yes,No,Two year,Yes,Electronic check,109.38,217.52,4,Yes
1478-ODH,Female,0,Yes,No,54,No,No phone service,Fiber optic,No,Yes,No,Yes,No,Yes,Month-to-month,Yes,Bank transfer (automatic),99.0,5340.17,3,No
7297-DQP,Female,0,Yes,No,26,Yes,No,Fiber optic,Yes,Yes,No,No,Yes,Yes,Month-to-month,No,Electronic check,131.89,3414.7,3,Yes
9334-CYT,Female,1,Yes,No,24,No,No phone service,Fiber optic,No,No,Yes,No,No,Yes,Two year,Yes,Electronic check,84.78,2038.54,0,No
4332-TOR,Female,0,No,No,13,Yes,Yes,No,No internet service,No internet service,No internet service,No internet service,No internet service,No internet service,Month-to-month,No,Mailed check,49.04,637.66,3,Yes
1622-BMD,Male,0,No,Yes,1,Yes,Yes,Fiber optic,No,No,Yes,No,No,No,Month-to-month,No,Electronic check,103.0,108.18,2,Yes
6033-MJI,Male,0,No,No,58,Yes,No,No,No internet service,No internet service,No internet service,No internet service,No internet service,No internet service,Two year,No,Mailed check,39.45,2290.51,1,No
1066-PNI,Male,0,Yes,No,72,Yes,No,DSL,Yes,No,Yes,Yes,No,No,One year,Yes,Electronic check,95.71,6898.89,2,No
2140-KCE,Female,0,No,No,42,Yes,Yes,DSL,No,Yes,No,No,No,Yes,Month-to-month,Yes,Bank transfer (automatic),99.64,4173.27,2,No
8465-MDX,Female,0,Yes,No,62,Yes,No,DSL,Yes,Yes,No,Yes,No,No,Two year,Yes,Bank transfer (automatic),92.1,5696.13,3,No
4339-EJX,Male,0,No,No,4,Yes,Yes,DSL,Yes,No,No,No,Yes,No,Month-to-month,Yes,Electronic check,99.29,391.34,1,Yes
9264-TGB,Female,0,Yes,Yes,4,Yes,No,DSL,No,No,No,No,No,No,Month-to-month,Yes,Electronic check,67.16,279.28,1,Yes
1571-WGH,Male,0,Yes,Yes,53,Yes,No,DSL,No,Yes,No,No,No,No,Two year,Yes,Electronic check,75.21,3999.76,1,No
2174-NZS,Male,0,No,Yes,2,No,No phone service,Fiber optic,Yes,No,No,No,No,No,One year,Yes,Bank transfer (automatic),73.83,139.77,1,No
3244-WYR,Female,0,No,No,3,Yes,No,DSL,Yes,No,No,No,No,No,Month-to-month,No,Credit card (automatic),73.72,216.64,1,No
9979-LWQ,Male,0,No,Yes,43,Yes,Yes,Fiber optic,No,Yes,No,No,No,No,Month-to-month,No,Bank transfer (automatic),107.11,4619.75,2,No
5588-BYM,Male,0,Yes,No,21,Yes,Yes,No,No internet service,No internet service,No internet service,No internet service,No internet service,No internet service,One year,No,Electronic check,49.54,1034.72,3,No
1731-JWF,Male,1,No,No,13,Yes,Yes,Fiber optic,Yes,No,No,No,Yes,Yes,One year,Yes,Credit card (automatic),130.06,1694.49,1,No
3933-TES,Male,0,Yes,No,21,Yes,Yes,No,No internet service,No internet service,No internet service,No internet service,No internet service,No internet service,Month-to-month,No,Credit card (automatic),52.89,1102.81,2,Yes
8099-SOP,Male,0,Yes,Yes,53,Yes,No,Fiber optic,Yes,No,Yes,No,Yes,No,Two year,No,Mailed check,118.1,6270.12,6,No
5479-XID,Male,0,No,No,36,Yes,Yes,No,No internet service,No internet service,No internet service,No internet service,No internet service,No internet service,Month-to-month,No,Credit card (automatic),48.97,1769.5,4,No
5312-LWC,Female,0,No,No,30,Yes,Yes,Fiber optic,No,No,Yes,No,Yes,No,Two year,Yes,Electronic check,119.25,3567.53,0,No
7326-NQS,Male,0,No,No,72,Yes,Yes,No,No internet service,No internet service,No internet service,No internet service,No internet service,No internet service,Month-to-month,Yes,Electronic check,52.39,3773.58,3,No
3917-DGS,Male,0,Yes,No,19,Yes,Yes,DSL,No,Yes,No,No,Yes,No,Month-to-month,Yes,Electronic check,98.58,1871.69,3,Yes
2167-OVH,Female,1,No,Yes,1,No,No phone service,Fiber optic,No,No,No,Yes,Yes,Yes,Month-to-month,No,Electronic check,101.74,109.85,1,Yes
6810-HRP,Female,1,No,Yes,15,Yes,Yes,No,No internet service,No internet service,No internet service,No internet service,No internet service,No internet service,Two year,No,Electronic check,51.9,785.33,5,No
7738-JQM,Male,0,No,No,3,Yes,No,DSL,Yes,No,No,No,No,Yes,Two year,Yes,Mailed check,85.4,261.96,7,No
2030-JBD,Female,0,Yes,No,4,Yes,No,Fiber optic,No,Yes,No,Yes,Yes,No,One year,No,Bank transfer (automatic),119.28,483.3,4,Yes
4992-FXR,Female,0,No,Yes,8,Yes,No,Fiber optic,No,Yes,No,No,No,No,One year,No,Electronic check,93.69,761.31,1,Yes
7358-FYW,Male,0,No,No,13,Yes,Yes,Fiber optic,No,No,Yes,No,No,No,Month-to-month,Yes,Electronic check,107.77,1409.16,0,Yes
8037-BCK,Female,0,Yes,Yes,17,Yes,No,DSL,No,Yes,No,No,No,No,Month-to-month,Yes,Electronic check,75.45,1284.39,2,Yes
6308-NSZ,Male,0,No,No,5,Yes,No,No,No internet service,No internet service,No internet service,No internet service,No internet service,No internet service,One year,No,Mailed check,41.6,219.53,3,No
1687-UVX,Male,0,Yes,No,10,No,No phone service,DSL,No,No,No,No,Yes,No,Two year,Yes,Bank transfer (automatic),59.09,586.46,1,No
2894-HST,Male,0,No,No,9,Yes,No,DSL,No,Yes,No,Yes,No,No,Two year,No,Mailed check,87.69,800.44,4,No
4183-VGI,Male,0,No,Yes,12,Yes,No,Fiber optic,No,No,Yes,No,No,No,Month-to-month,No,Bank transfer (automatic),92.11,1108.64,1,Yes
4968-HXV,Female,1,Yes,No,3,Yes,No,DSL,Yes,No,Yes,No,No,Yes,One year,No,Mailed check,95.21,295.16,0,No
1378-CVM,Male,0,No,No,13,Yes,Yes,No,No internet service,No internet service,No internet service,No internet service,No internet service,No internet service,Two year,Yes,Electronic check,48.14,631.96,4,No
1615-GAP,Female,0,Yes,Yes,21,Yes,Yes,DSL,No,Yes,Yes,Yes,No,No,Two year,Yes,Mailed check,102.93,2155.11,2,No
5267-WIK,Female,0,No,No,3,Yes,Yes,No,No internet service,No internet service,No internet service,No internet service,No internet service,No internet service,Month-to-month,No,Credit card (automatic),52.5,172.33,1,Yes
6417-UAR,Male,0,No,No,19,Yes,Yes,Fiber optic,No,Yes,No,Yes,Yes,No,Month-to-month,Yes,Electronic check,126.45,2396.04,4,Yes
6603-EIQ,Male,0,Yes,Yes,36,Yes,No,Fiber optic,No,No,No,No,Yes,No,Month-to-month,Yes,Mailed check,95.68,3445.82,0,No
2412-PCT,Female,0,Yes,No,1,No,No phone service,No,No internet service,No internet service,No internet service,No internet service,No internet service,No internet service,Two year,Yes,Bank transfer (automatic),18.5,18.5,1,No
6806-CTN,Male,0,No,No,2,No,No phone service,No,No internet service,No internet service,No internet service,No internet service,No internet service,No internet service,One year,Yes,Credit card (automatic),19.74,38.33,2,No
1446-PQX,Male,0,No,No,16,Yes,No,DSL,No,Yes,Yes,Yes,No,Yes,One year,Yes,Bank transfer (automatic),107.8,1728.23,4,No
6969-RVN,Male,0,Yes,No,52,Yes,No,Fiber optic,No,No,No,No,Yes,No,Month-to-month,No,Electronic check,97.94,5084.43,5,Yes
4569-OOF,Female,0,Yes,No,72,Yes,Yes,Fiber optic,Yes,Yes,No,No,No,Yes,One year,Yes,Mailed check,126.54,9111.74,2,No
7414-RDW,Female,0,Yes,Yes,3,Yes,No,Fiber optic,No,Yes,No,No,No,No,Month-to-month,Yes,Electronic check,97.22,301.55,1,Yes
8943-OCO,Female,1,Yes,No,1,Yes,Yes,Fiber optic,No,No,Yes,Yes,Yes,No,Two year,No,Mailed check,128.13,139.61,3,No
6068-IBX,Female,0,No,Yes,7,Yes,No,Fiber optic,No,Yes,Yes,No,No,No,Two year,Yes,Mailed check,102.21,709.14,1,No
6607-TQM,Male,0,Yes,Yes,16,No,No phone service,No,No internet service,No internet service,No internet service,No internet service,No internet service,No internet service,Month-to-month,No,Bank transfer (automatic),19.58,302.98,2,No
9737-OLN,Male,0,No,No,22,Yes,Yes,Fiber optic,No,No,Yes,No,Yes,No,One year,No,Electronic check,118.44,2600.43,0,No
8265-RVG,Female,0,Yes,Yes,72,Yes,No,DSL,No,Yes,No,No,No,No,Month-to-month,No,Credit card (automatic),77.9,5599.91,2,No
6596-WYF,Female,0,Yes,No,55,Yes,No,No,No internet service,No internet service,No internet service,No internet service,No internet service,No internet service,One year,No,Credit card (automatic),37.27,2056.7,1,No
3061-HVB,Female,0,Yes,No,21,Yes,Yes,Fiber optic,No,No,No,No,Yes,No,Month-to-month,Yes,Bank transfer (automatic),105.24,2223.85,1,Yes
5435-UUV,Female,0,No,No,12,Yes,No,DSL,Yes,No,No,No,No,Yes,Month-to-month,No,Bank transfer (automatic),84.46,1008.09,1,No
8951-RZQ,Female,0,Yes,No,10,Yes,No,DSL,No,No,Yes,Yes,Yes,Yes,Month-to-month,Yes,Bank transfer (automatic),108.06,1075.05,2,Yes
8440-PZW,Male,0,No,No,22,Yes,Yes,DSL,No,No,No,No,Yes,No,Month-to-month,No,Bank transfer (automatic),89.46,1974.32,3,Yes
5225-DUG,Female,1,Yes,Yes,32,Yes,No,DSL,Yes,No,No,Yes,Yes,No,One year,Yes,Credit card (automatic),97.07,3111.77,1,No
2505-FQG,Female,0,Yes,Yes,17,Yes,No,No,No internet service,No internet service,No internet service,No internet service,No internet service,No internet service,Two year,No,Electronic check,42.58,721.95,1,No
7468-ETP,Male,0,Yes,No,10,Yes,No,DSL,No,No,No,Yes,Yes,No,Month-to-month,Yes,Electronic check,85.11,845.53,0,No
7852-JYB,Male,1,Yes,No,24,No,No phone service,Fiber optic,No,No,No,No,No,No,Two year,Yes,Electronic check,67.24,1613.18,4,No
9456-KDV,Male,0,No,Yes,21,Yes,Yes,Fiber optic,No,Yes,No,No,No,No,Two year,Yes,Electronic check,102.62,2161.1,3,No
8893-VBW,Female,1,No,No,14,Yes,No,Fiber optic,No,Yes,Yes,No,No,No,One year,No,Mailed check,105.57,1475.42,2,Yes
3925-ARG,Male,0,Yes,Yes,35,Yes,No,Fiber optic,No,Yes,Yes,No,Yes,No,Two year,Yes,Mailed check,115.91,4067.92,2,No
8104-AAX,Female,0,No,No,9,Yes,Yes,Fiber optic,No,No,No,No,No,Yes,Month-to-month,Yes,Electronic check,109.1,987.01,2,Yes
8299-DRK,Female,0,No,Yes,17,Yes,No,Fiber optic,Yes,Yes,No,No,Yes,Yes,Two year,Yes,Electronic check,127.69,2175.38,3,No
2567-AJI,Male,0,No,Yes,71,Yes,Yes,Fiber optic,No,Yes,No,Yes,No,Yes,Month-to-month,Yes,Electronic check,129.08,9170.69,3,No
4510-DFP,Female,0,Yes,No,33,Yes,Yes,No,No internet service,No internet service,No internet service,No internet service,No internet service,No internet service,One year,Yes,Bank transfer (automatic),48.93,1627.25,2,No
5897-WRJ,Female,1,Yes,No,13,Yes,No,Fiber optic,No,No,No,No,No,Yes,Month-to-month,Yes,Bank transfer (automatic),94.64,1226.49,2,Yes
5567-XQM,Male,1,No,No,20,Yes,No,Fiber optic,No,No,No,Yes,Yes,No,One year,Yes,Bank transfer (automatic),109.26,2184.26,2,No
3741-MQE,Male,0,Yes,No,14,No,No phone service,Fiber optic,No,No,No,No,Yes,No,Month-to-month,No,Mailed check,74.63,1032.22,2,Yes
9362-GJQ,Male,0,No,Yes,3,Yes,Yes,Fiber optic,No,No,No,No,Yes,No,Two year,Yes,Electronic check,107.78,316.73,2,Yes
7801-WVS,Male,0,No,No,11,Yes,No,Fiber optic,Yes,No,No,No,No,No,Month-to-month,Yes,Credit card (automatic),95.06,1040.05,2,Yes
3809-BZD,Male,0,Yes,No,50,Yes,No,Fiber optic,Yes,No,No,No,No,No,One year,Yes,Credit card (automatic),96.62,4845.74,0,No
3118-XRJ,Male,0,No,No,16,Yes,No,DSL,Yes,No,Yes,Yes,Yes,Yes,Month-to-month,No,Credit card (automatic),120.16,1919.93,3,No
8942-HFV,Male,0,No,Yes,22,Yes,No,No,No internet service,No internet service,No internet service,No internet service,No internet service,No internet service,Two year,No,Electronic check,40.97,891.98,3,No
1192-DNQ,Male,0,No,No,6,Yes,No,No,No internet service,No internet service,No internet service,No internet service,No internet service,No internet service,Month-to-month,Yes,Bank transfer (automatic),39.49,250.05,1,No
9243-RKU,Male,0,No,No,12,Yes,No,Fiber optic,No,No,Yes,No,No,No,One year,Yes,Mailed check,95.94,1149.5,0,No
3521-NIO,Male,0,No,No,67,Yes,No,Fiber optic,No,No,No,No,Yes,No,One year,No,Electronic check,96.29,6444.41,1,No
2867-JSX,Female,0,Yes,No,10,Yes,No,Fiber optic,No,No,No,Yes,No,Yes,Two year,No,Credit card (automatic),106.73,1078.48,1,No
4199-TXF,Female,0,No,Yes,8,Yes,Yes,DSL,No,No,No,Yes,No,Yes,Two year,No,Electronic check,94.89,761.55,3,No
1240-QXO,Female,1,Yes,Yes,2,Yes,Yes,Fiber optic,No,No,Yes,No,No,No,Two year,No,Electronic check,103.01,210.06,6,Yes
9274-VYW,Male,0,Yes,No,3,Yes,Yes,No,No internet service,No internet service,No internet service,No internet service,No internet service,No internet service,One year,Yes,Electronic check,52.82,152.0,5,Yes
8995-CVK,Female,0,Yes,No,22,No,No phone service,No,No internet service,No internet service,No internet service,No internet service,No internet service,No internet service,Month-to-month,Yes,Bank transfer (automatic),22.02,489.64,1,No
3173-SIJ,Female,1,No,No,27,Yes,Yes,DSL,Yes,No,No,No,No,Yes,Month-to-month,Yes,Mailed check,98.91,2680.84,3,Yes
3657-APR,Female,0,Yes,No,26,Yes,Yes,DSL,No,No,No,Yes,Yes,No,One year,Yes,Credit card (automatic),94.36,2457.26,4,No
4830-ZQF,Female,1,No,No,20,Yes,Yes,No,No internet service,No internet service,No internet service,No internet service,No internet service,No internet service,One year,No,Credit card (automatic),49.08,988.76,1,No
5493-WYO,Female,0,No,No,17,Yes,No,No,No internet service,No internet service,No internet service,No internet service,No internet service,No internet service,Two year,Yes,Electronic check,37.91,638.42,1,No
2133-XVC,Male,1,Yes,No,2,Yes,No,DSL,No,No,No,No,No,Yes,Month-to-month,Yes,Mailed check,76.68,167.07,2,Yes
2910-SYL,Male,0,Yes,No,46,Yes,No,DSL,No,Yes,Yes,No,No,Yes,Month-to-month,Yes,Electronic check,98.32,4529.59,2,No
8970-RAT,Male,0,Yes,No,18,Yes,No,DSL,Yes,No,Yes,Yes,No,Yes,Month-to-month,Yes,Electronic check,106.67,1911.81,0,No
7996-FEA,Female,0,Yes,No,4,Yes,Yes,DSL,No,Yes,No,No,Yes,No,One year,No,Bank transfer (automatic),99.2,389.19,1,No
1178-AUU,Female,0,Yes,Yes,4,Yes,No,Fiber optic,No,No,No,Yes,No,No,Two year,No,Credit card (automatic),95.44,394.89,2,No
9683-VHZ,Male,0,Yes,Yes,18,Yes,No,Fiber optic,No,No,No,No,No,No,Month-to-month,Yes,Electronic check,84.29,1515.6,4,Yes
3895-ADJ,Male,0,No,No,8,No,No phone service,No,No internet service,No internet service,No internet service,No internet service,No internet service,No internet service,Month-to-month,Yes,Electronic check,18.73,144.75,4,Yes
6823-KQY,Male,0,No,No,64,No,No phone service,No,No internet service,No internet service,No internet service,No internet service,No internet service,No internet service,Month-to-month,Yes,Electronic check,20.11,1286.09,0,No
1534-GLU,Female,0,No,No,18,Yes,Yes,No,No internet service,No internet service,No internet service,No internet service,No internet service,No internet service,Month-to-month,No,Bank transfer (automatic),52.07,933.92,1,No
4398-LOB,Male,0,Yes,No,72,Yes,Yes,No,No internet service,No internet service,No internet service,No internet service,No internet service,No internet service,Two year,No,Mailed check,52.29,3771.31,0,No
7957-MDN,Male,0,Yes,Yes,34,Yes,No,Fiber optic,No,No,No,Yes,No,No,Two year,Yes,Bank transfer (automatic),92.35,3135.93,2,No
9518-SBJ,Male,1,No,No,42,Yes,Yes,Fiber optic,Yes,No,Yes,No,Yes,Yes,Month-to-month,Yes,Electronic check,138.04,5784.38,1,No
9316-QEL,Male,0,No,No,13,Yes,No,DSL,Yes,Yes,No,No,Yes,No,Month-to-month,No,Electronic check,97.31,1250.5,0,No
2861-VIT,Male,0,Yes,Yes,4,Yes,No,DSL,Yes,No,Yes,No,No,No,Month-to-month,Yes,Bank transfer (automatic),86.58,361.02,0,No
9320-VOU,Female,0,Yes,No,30,Yes,No,Fiber optic,No,No,No,Yes,Yes,Yes,One year,Yes,Electronic check,117.22,3522.41,4,Yes
4129-FSR,Female,0,No,No,14,Yes,Yes,Fiber optic,Yes,Yes,No,Yes,Yes,No,Month-to-month,Yes,Mailed check,137.55,1917.86,3,Yes
1901-MAW,Male,0,Yes,No,72,Yes,No,No,No internet service,No internet service,No internet service,No internet service,No internet service,No internet service,Month-to-month,No,Mailed check,39.3,2834.66,1,No
7678-ZMG,Female,0,Yes,No,6,Yes,Yes,Fiber optic,Yes,No,Yes,No,No,Yes,Month-to-month,Yes,Credit card (automatic),125.88,766.91,2,Yes
4918-LZA,Male,0,Yes,Yes,25,Yes,No,DSL,No,Yes,No,No,Yes,No,Month-to-month,Yes,Electronic check,87.79,2201.64,3,Yes
8118-DMW,Male,0,No,No,51,Yes,Yes,Fiber optic,No,No,Yes,Yes,No,No,One year,No,Mailed check,112.59,5748.51,2,No
9895-YEB,Female,1,No,Yes,13,Yes,Yes,No,No internet service,No internet service,No internet service,No internet service,No internet service,No internet service,Month-to-month,Yes,Credit card (automatic),48.06,629.78,2,No
2590-ZAP,Female,1,Yes,No,72,Yes,Yes,No,No internet service,No internet service,No internet service,No internet service,No internet service,No internet service,One year,No,Bank transfer (automatic),48.77,3519.65,0,No
9997-WPN,Female,0,Yes,No,2,Yes,Yes,DSL,No,No,Yes,Yes,Yes,No,Month-to-month,Yes,Credit card (automatic),106.1,211.78,4,Yes
9092-ZCO,Female,1,No,Yes,23,Yes,Yes,DSL,Yes,No,No,No,Yes,No,One year,No,Credit card (automatic),96.02,2198.68,3,No
3460-BAI,Male,0,Yes,Yes,38,No,No phone service,Fiber optic,No,No,No,Yes,No,No,Month-to-month,Yes,Mailed check,77.42,2934.95,6,Yes
3728-WGC,Female,0,Yes,Yes,6,Yes,No,DSL,Yes,Yes,No,No,Yes,Yes,Month-to-month,Yes,Mailed check,109.29,660.58,2,Yes
8481-RKG,Male,0,Yes,No,2,Yes,No,Fiber optic,No,No,No,No,Yes,No,Two year,Yes,Electronic check,98.01,186.34,1,No
1616-ANT,Male,1,Yes,Yes,3,Yes,No,Fiber optic,No,No,Yes,No,No,No,One year,No,Bank transfer (automatic),97.85,285.22,4,Yes
3565-GJG,Male,1,No,Yes,10,Yes,No,DSL,No,No,No,No,Yes,Yes,Month-to-month,Yes,Bank transfer (automatic),90.6,914.78,2,Yes
4161-BDU,Male,0,No,Yes,7,Yes,Yes,DSL,No,Yes,Yes,Yes,Yes,Yes,One year,Yes,Mailed check,128.18,897.95,2,No
7269-QAJ,Male,0,No,No,7,Yes,Yes,No,No internet service,No internet service,No internet service,No internet service,No internet service,No internet service,Month-to-month,Yes,Electronic check,49.4,332.21,3,Yes
5078-JSL,Female,0,No,No,16,Yes,No,DSL,No,No,Yes,Yes,No,Yes,One year,Yes,Credit card (automatic),96.34,1543.16,0,No
5151-PIO,Male,0,No,No,3,Yes,Yes,DSL,No,No,No,No,No,Yes,One year,Yes,Credit card (automatic),86.19,252.06,0,No
1666-QNR,Female,0,No,No,72,Yes,Yes,DSL,Yes,Yes,No,Yes,No,No,Month-to-month,Yes,Mailed check,104.93,7549.35,2,No
2465-BDR,Male,0,Yes,No,30,Yes,No,DSL,No,No,Yes,No,No,No,Month-to-month,Yes,Bank transfer (automatic),72.57,2167.19,1,No
8366-MOY,Female,0,Yes,No,1,Yes,Yes,Fiber optic,No,Yes,Yes,No,No,Yes,Month-to-month,No,Bank transfer (automatic),125.39,115.8,3,Yes
8382-VZA,Female,0,No,Yes,30,Yes,No,DSL,No,Yes,No,No,No,Yes,Two year,No,Electronic check,86.7,2601.6,3,No
7858-JYE,Male,0,No,No,40,Yes,Yes,Fiber optic,No,No,No,No,No,No,Month-to-month,Yes,Credit card (automatic),96.16,3845.9,4,Yes
3223-KUF,Male,0,No,No,6,No,No phone service,No,No internet service,No internet service,No internet service,No internet service,No internet service,No internet service,One year,No,Bank transfer (automatic),18.5,110.84,2,No
5136-MXH,Female,0,No,No,46,Yes,No,No,No internet service,No internet service,No internet service,No internet service,No internet service,No internet service,Month-to-month,Yes,Mailed check,38.41,1758.9,2,No
5704-QXE,Male,0,Yes,No,24,Yes,Yes,DSL,No,Yes,No,No,No,No,Two year,Yes,Credit card (automatic),84.3,2026.2,1,No
5920-BYX,Male,1,Yes,No,43,Yes,No,DSL,No,No,No,Yes,No,No,Month-to-month,No,Credit card (automatic),75.3,3244.23,3,No
4720-DQQ,Female,0,Yes,No,32,Yes,No,Fiber optic,No,No,Yes,No,No,Yes,Month-to-month,Yes,Mailed check,108.65,3490.04,1,Yes
5212-RPH,Female,0,No,No,31,Yes,Yes,DSL,No,No,No,No,No,No,One year,No,Credit card (automatic),75.72,2359.79,2,No
4001-KUU,Male,0,No,No,5,Yes,Yes,Fiber optic,Yes,No,Yes,No,Yes,No,Two year,No,Credit card (automatic),124.37,633.17,3,No
1924-XJM,Male,0,Yes,No,10,No,No phone service,Fiber optic,No,No,No,No,Yes,Yes,One year,Yes,Bank transfer (automatic),86.6,856.7,2,No
1912-RJP,Male,0,No,No,19,Yes,No,DSL,No,Yes,No,No,Yes,No,One year,Yes,Credit card (automatic),85.67,1639.07,2,No
3148-MRQ,Male,0,No,No,3,Yes,No,No,No internet service,No internet service,No internet service,No internet service,No internet service,No internet service,Month-to-month,No,Bank transfer (automatic),39.44,111.86,1,Yes
3120-NQD,Female,1,Yes,No,17,Yes,No,DSL,No,No,Yes,No,No,No,Month-to-month,No,Electronic check,75.27,1273.39,6,Yes
8505-TXX,Female,1,No,Yes,15,Yes,No,DSL,No,No,Yes,No,Yes,No,Two year,No,Credit card (automatic),86.92,1300.56,2,No
5654-KLI,Male,0,No,No,7,Yes,No,No,No internet service,No internet service,No internet service,No internet service,No internet service,No internet service,Two year,Yes,Bank transfer (automatic),37.79,249.68,4,No
8246-OEW,Female,1,Yes,No,6,Yes,No,Fiber optic,Yes,No,No,No,Yes,Yes,Month-to-month,No,Electronic check,117.68,711.5,1,Yes
5626-ZTZ,Female,1,Yes,No,8,Yes,Yes,No,No internet service,No internet service,No internet service,No internet service,No internet service,No internet service,Two year,No,Electronic check,52.28,418.17,2,No
1153-NQR,Female,0,Yes,No,24,Yes,No,DSL,No,No,No,No,No,No,Month-to-month,No,Electronic check,65.6,1576.89,0,No
6599-UCB,Female,0,Yes,No,14,Yes,Yes,DSL,No,Yes,Yes,No,No,No,Two year,Yes,Credit card (automatic),97.18,1367.98,2,No
1786-QLA,Female,0,Yes,No,14,Yes,No,DSL,Yes,Yes,No,Yes,Yes,No,One year,Yes,Bank transfer (automatic),106.42,1500.68,4,No
5272-XCK,Female,0,Yes,Yes,6,Yes,Yes,DSL,No,No,Yes,Yes,No,Yes,One year,Yes,Electronic check,107.59,631.45,1,No
8216-WZC,Female,0,No,No,39,Yes,No,Fiber optic,Yes,No,No,No,No,No,One year,Yes,Electronic check,92.27,3609.89,0,No
4783-TDU,Male,0,No,Yes,31,Yes,No,Fiber optic,Yes,Yes,Yes,No,No,No,Two year,Yes,Electronic check,114.68,3562.16,3,No
4701-GNN,Male,0,No,No,15,Yes,No,Fiber optic,Yes,No,Yes,No,Yes,No,Two year,Yes,Bank transfer (automatic),119.29,1796.27,2,No
8011-PXV,Female,1,No,No,4,Yes,No,DSL,No,No,No,No,Yes,Yes,Month-to-month,Yes,Electronic check,87.17,335.12,1,Yes
7704-YJV,Female,0,No,No,32,Yes,No,Fiber optic,Yes,No,No,Yes,No,Yes,Two year,No,Mailed check,115.12,3670.21,1,No
3511-PZH,Female,0,No,No,58,Yes,No,DSL,No,No,No,No,Yes,No,Month-to-month,Yes,Credit card (automatic),78.96,4568.34,2,No
4228-GFP,Female,0,Yes,Yes,5,Yes,No,Fiber optic,No,Yes,No,Yes,No,Yes,Month-to-month,Yes,Bank transfer (automatic),116.89,597.54,1,Yes
5243-PGI,Female,0,Yes,No,24,Yes,No,Fiber optic,No,No,No,No,Yes,No,Two year,Yes,Mailed check,94.56,2270.48,3,No
3713-ZNG,Male,0,Yes,Yes,14,Yes,Yes,Fiber optic,No,No,No,No,No,No,Month-to-month,No,Credit card (automatic),96.56,1341.1,1,Yes
8328-ZYM,Female,0,No,No,3,Yes,Yes,DSL,No,No,No,Yes,No,Yes,Month-to-month,Yes,Electronic check,96.8,275.53,0,No
1723-CTD,Male,0,No,No,33,Yes,Yes,Fiber optic,Yes,Yes,Yes,No,Yes,No,Month-to-month,Yes,Electronic check,138.72,4570.44,1,Yes
3506-BNL,Male,1,No,No,2,Yes,No,No,No internet service,No internet service,No internet service,No internet service,No internet service,No internet service,One year,Yes,Bank transfer (automatic),39.1,90.82,1,No
6680-LZL,Female,0,No,Yes,31,Yes,Yes,Fiber optic,No,No,No,Yes,Yes,No,Two year,Yes,Mailed check,119.48,3712.02,1,No
7048-MNX,Female,0,No,No,9,Yes,Yes,Fiber optic,No,Yes,Yes,No,No,Yes,Month-to-month,No,Credit card (automatic),128.56,1156.11,2,Yes
3941-BLZ,Female,0,No,No,21,Yes,Yes,No,No internet service,No internet service,No internet service,No internet service,No internet service,No internet service,Two year,Yes,Electronic check,49.86,1048.29,1,No
8067-PDH,Male,0,No,No,5,Yes,No,Fiber optic,No,Yes,No,No,No,No,Two year,Yes,Mailed check,97.83,494.46,1,No
2601-JIW,Male,1,No,Yes,12,Yes,No,DSL,No,No,Yes,Yes,Yes,No,One year,No,Electronic check,96.76,1157.57,3,No
4276-WQP,Male,0,No,Yes,3,Yes,Yes,Fiber optic,Yes,No,Yes,Yes,Yes,No,Month-to-month,No,Electronic check,139.13,412.28,1,Yes
6499-BTT,Female,0,No,No,16,Yes,Yes,Fiber optic,Yes,No,Yes,No,Yes,Yes,Month-to-month,Yes,Electronic check,137.7,2203.23,1,Yes
6818-NCW,Female,0,Yes,No,6,Yes,Yes,DSL,No,Yes,No,No,No,No,One year,Yes,Electronic check,86.94,510.12,3,No
8489-DNP,Female,0,Yes,No,6,Yes,No,DSL,No,Yes,No,No,Yes,No,Two year,Yes,Electronic check,87.66,512.83,5,Yes
3721-LNF,Female,0,Yes,No,3,Yes,Yes,No,No internet service,No internet service,No internet service,No internet service,No internet service,No internet service,Month-to-month,Yes,Electronic check,50.77,147.02,5,Yes
2996-DVR,Female,0,Yes,No,37,No,No phone service,DSL,No,Yes,Yes,No,Yes,No,Two year,Yes,Electronic check,76.04,2814.88,0,No
1523-TVU,Female,0,No,Yes,26,Yes,No,Fiber optic,No,No,No,No,No,Yes,Month-to-month,Yes,Mailed check,96.99,2519.95,1,Yes
4122-HGP,Male,0,Yes,Yes,5,Yes,Yes,No,No internet service,No internet service,No internet service,No internet service,No internet service,No internet service,Two year,No,Electronic check,48.95,254.09,3,No
2797-TUK,Male,0,Yes,No,16,Yes,No,DSL,No,No,No,No,Yes,Yes,One year,Yes,Electronic check,88.91,1422.93,0,No
7500-PGE,Female,0,No,No,28,No,No phone service,DSL,No,Yes,Yes,Yes,No,Yes,Month-to-month,Yes,Electronic check,86.67,2433.95,2,No
7666-OCZ,Female,1,No,Yes,53,Yes,No,DSL,No,Yes,No,No,No,No,Month-to-month,Yes,Credit card (automatic),77.81,4124.47,0,No
1534-UEI,Male,1,No,No,2,Yes,No,Fiber optic,No,No,Yes,No,No,No,Month-to-month,No,Credit card (automatic),92.48,189.85,1,Yes
4342-CFQ,Male,0,Yes,No,12,No,No phone service,No,No internet service,No internet service,No internet service,No internet service,No internet service,No internet service,Two year,Yes,Electronic check,22.18,272.33,3,No
5500-HUY,Male,0,No,No,24,Yes,No,Fiber optic,Yes,No,No,No,No,No,One year,Yes,Credit card (automatic),92.57,2207.75,4,No
5517-HJX,Female,0,Yes,Yes,1,No,No phone service,DSL,No,Yes,No,No,No,No,One year,Yes,Mailed check,54.69,57.11,2,Yes
3940-CWN,Male,0,No,No,7,Yes,No,DSL,No,No,No,No,No,Yes,Two year,Yes,Electronic check,75.12,512.2,2,No
8670-NJL,Male,0,No,No,35,Yes,Yes,Fiber optic,No,No,No,Yes,Yes,No,Two year,No,Credit card (automatic),118.11,4122.15,3,No
1363-WNB,Male,0,No,No,11,Yes,No,DSL,No,No,Yes,Yes,Yes,Yes,Two year,No,Mailed check,109.72,1206.61,0,No
4240-JZQ,Male,0,Yes,No,3,No,No phone service,DSL,No,No,No,No,No,Yes,Month-to-month,Yes,Electronic check,55.45,170.45,3,Yes
1882-ALG,Male,0,No,Yes,25,Yes,Yes,DSL,No,No,Yes,No,Yes,Yes,Month-to-month,Yes,Bank transfer (automatic),108.69,2730.79,1,Yes
5611-JMB,Female,1,No,Yes,8,Yes,No,DSL,Yes,No,No,Yes,No,No,One year,No,Electronic check,84.28,681.95,4,No
6204-VYD,Female,1,Yes,No,31,Yes,Yes,DSL,No,No,Yes,Yes,Yes,Yes,Month-to-month,Yes,Bank transfer (automatic),118.34,3673.83,1,No
3244-SBL,Male,0,Yes,Yes,58,Yes,Yes,No,No internet service,No internet service,No internet service,No internet service,No internet service,No internet service,Month-to-month,Yes,Electronic check,47.49,2766.21,0,No
6200-JBF,Female,0,No,No,19,Yes,No,Fiber optic,No,No,No,Yes,No,No,Month-to-month,No,Electronic check,93.33,1784.49,1,Yes
5732-SKY,Female,0,Yes,No,23,Yes,Yes,Fiber optic,Yes,No,No,Yes,Yes,Yes,Month-to-month,Yes,Electronic check,137.81,3173.15,4,Yes
7795-IBH,Male,0,No,Yes,19,Yes,No,DSL,No,Yes,Yes,No,Yes,No,One year,Yes,Bank transfer (automatic),96.04,1813.84,0,No
2674-UDJ,Female,1,No,No,43,Yes,Yes,No,No internet service,No internet service,No internet service,No internet service,No internet service,No internet service,Month-to-month,No,Bank transfer (automatic),48.94,2108.7,2,No
6127-DJL,Female,1,Yes,No,7,Yes,No,DSL,Yes,No,No,No,Yes,Yes,One year,Yes,Bank transfer (automatic),101.5,712.25,3,No
6645-PVR,Male,0,Yes,No,13,Yes,Yes,No,No internet service,No internet service,No internet service,No internet service,No internet service,No internet service,Month-to-month,No,Mailed check,47.02,605.87,3,No
8124-VUL,Male,0,No,No,57,Yes,Yes,No,No internet service,No internet service,No internet service,No internet service,No internet service,No internet service,One year,Yes,Electronic check,48.63,2757.61,2,No
9669-GTX,Female,0,No,No,33,Yes,Yes,No,No internet service,No internet service,No internet service,No internet service,No internet service,No internet service,Two year,No,Credit card (automatic),49.56,1636.21,1,No
7998-GIA,Female,0,Yes,Yes,10,Yes,No,Fiber optic,No,Yes,No,No,Yes,Yes,One year,Yes,Mailed check,119.52,1193.24,2,Yes
6413-VLV,Female,1,No,No,45,Yes,Yes,Fiber optic,Yes,No,Yes,No,Yes,No,Month-to-month,Yes,Credit card (automatic),129.98,5834.45,1,No
3603-JWZ,Male,0,Yes,No,7,Yes,No,No,No internet service,No internet service,No internet service,No internet service,No internet service,No internet service,Month-to-month,Yes,Mailed check,39.48,276.45,1,Yes
8557-QSR,Female,0,No,Yes,26,Yes,No,Fiber optic,No,Yes,No,No,Yes,Yes,Month-to-month,No,Credit card (automatic),116.45,3022.53,2,Yes
6682-JXH,Female,0,Yes,Yes,72,Yes,Yes,Fiber optic,No,Yes,No,No,No,No,Month-to-month,Yes,Electronic check,104.25,7495.77,0,No
9084-XFU,Male,0,Yes,No,22,Yes,No,Fiber optic,No,Yes,No,Yes,Yes,Yes,Two year,Yes,Electronic check,130.63,2859.81,2,No
7200-GXA,Female,0,Yes,No,41,Yes,Yes,DSL,No,Yes,No,Yes,No,No,Two year,Yes,Credit card (automatic),96.74,3962.56,4,No
9119-YTL,Male,0,Yes,Yes,34,Yes,No,Fiber optic,No,Yes,Yes,No,No,No,Two year,No,Bank transfer (automatic),107.0,3626.49,4,No
6935-JJN,Female,0,No,Yes,51,Yes,No,Fiber optic,No,No,No,No,Yes,Yes,Month-to-month,No,Credit card (automatic),109.12,5574.46,2,No
2016-TJJ,Male,0,No,Yes,72,Yes,Yes,DSL,No,Yes,No,No,No,Yes,Month-to-month,Yes,Bank transfer (automatic),97.4,7021.44,1,No
9216-KWB,Female,0,No,No,1,Yes,No,Fiber optic,No,No,No,No,Yes,No,Month-to-month,No,Credit card (automatic),95.66,96.41,3,Yes
7200-THW,Female,0,No,No,1,Yes,No,Fiber optic,Yes,Yes,No,No,Yes,No,Month-to-month,No,Credit card (automatic),116.2,110.52,6,Yes
6918-GHA,Male,1,Yes,No,23,Yes,Yes,DSL,Yes,No,No,No,No,Yes,Two year,Yes,Credit card (automatic),96.29,2207.84,2,No
7401-ROA,Male,0,No,No,72,Yes,Yes,Fiber optic,Yes,Yes,No,Yes,Yes,No,Two year,Yes,Bank transfer (automatic),137.24,9868.76,6,No
3276-BTC,Male,0,No,No,17,Yes,No,DSL,Yes,No,No,No,No,Yes,Month-to-month,No,Credit card (automatic),89.09,1509.9,2,No
5530-RVR,Male,0,Yes,No,46,No,No phone service,DSL,Yes,Yes,Yes,No,No,No,Month-to-month,Yes,Mailed check,72.33,3340.01,1,No
8933-XHL,Male,0,Yes,No,37,Yes,Yes,Fiber optic,No,No,No,No,No,No,One year,Yes,Credit card (automatic),97.55,3623.99,1,No
1308-JWT,Male,0,No,Yes,18,No,No phone service,DSL,No,No,Yes,No,No,No,Month-to-month,No,Electronic check,57.25,1017.35,2,Yes
9368-KBZ,Male,0,Yes,No,18,Yes,No,Fiber optic,No,No,No,No,No,No,Month-to-month,Yes,Electronic check,85.18,1523.79,2,Yes
4235-AOM,Female,1,Yes,Yes,15,Yes,Yes,Fiber optic,No,No,Yes,No,No,Yes,One year,No,Mailed check,118.04,1768.73,1,No
6720-DJS,Female,0,No,No,8,Yes,No,No,No internet service,No internet service,No internet service,No internet service,No internet service,No internet service,Month-to-month,No,Credit card (automatic),41.88,344.46,1,No
7353-ESZ,Female,0,No,No,49,No,No phone service,DSL,No,No,No,No,No,No,Two year,Yes,Bank transfer (automatic),46.78,2292.27,3,No
4381-PAL,Female,0,No,No,6,Yes,Yes,Fiber optic,No,No,No,No,Yes,No,One year,Yes,Electronic check,107.67,632.06,5,Yes
5887-BUY,Female,0,No,No,60,Yes,No,Fiber optic,No,No,Yes,No,Yes,No,One year,Yes,Bank transfer (automatic),109.75,6585.46,3,No
2927-RYP,Female,1,Yes,Yes,12,Yes,No,DSL,Yes,Yes,No,Yes,No,No,Month-to-month,Yes,Credit card (automatic),97.11,1167.26,3,No
1004-ZVM,Female,0,No,Yes,1,Yes,No,DSL,Yes,No,No,Yes,No,Yes,Month-to-month,Yes,Mailed check,94.17,95.06,4,Yes
6378-ZHZ,Male,0,No,No,5,No,No phone service,DSL,No,Yes,No,No,No,Yes,One year,Yes,Electronic check,67.37,348.5,2,No
4326-LBK,Female,0,No,No,55,Yes,Yes,DSL,Yes,No,No,Yes,No,No,Two year,No,Bank transfer (automatic),92.21,5068.8,2,No
2131-RME,Male,0,Yes,No,4,Yes,No,DSL,No,No,No,No,No,No,Month-to-month,Yes,Bank transfer (automatic),64.42,246.0,3,Yes
6092-GZZ,Female,0,No,No,34,No,No phone service,Fiber optic,No,Yes,No,No,Yes,Yes,One year,No,Mailed check,96.39,3277.37,1,No
4159-LPW,Male,0,No,No,6,Yes,Yes,Fiber optic,Yes,Yes,Yes,No,No,Yes,One year,Yes,Electronic check,136.6,811.34,2,Yes
9445-IOE,Female,0,No,No,18,Yes,Yes,DSL,Yes,No,No,No,No,Yes,One year,No,Mailed check,95.85,1711.26,1,No
6636-KJT,Female,0,Yes,No,6,Yes,Yes,DSL,No,Yes,No,Yes,Yes,Yes,Month-to-month,Yes,Mailed check,121.4,733.58,0,Yes
3892-IUN,Female,0,Yes,Yes,11,Yes,No,Fiber optic,No,No,Yes,No,No,No,Month-to-month,Yes,Mailed check,97.23,1068.58,3,Yes
1654-JXG,Female,0,Yes,No,4,Yes,No,No,No internet service,No internet service,No internet service,No internet service,No internet service,No internet service,Two year,No,Bank transfer (automatic),38.79,147.68,3,No
6159-COP,Male,0,Yes,Yes,21,Yes,Yes,DSL,No,No,No,No,No,Yes,Month-to-month,Yes,Electronic check,87.64,1826.84,0,No
2876-FAD,Female,0,No,No,12,Yes,No,Fiber optic,No,Yes,Yes,Yes,Yes,No,Month-to-month,No,Credit card (automatic),125.6,1505.81,3,Yes
7154-LZE,Male,0,No,No,12,Yes,No,DSL,No,No,No,No,No,No,Two year,No,Bank transfer (automatic),63.89,756.47,1,No
4734-UPM,Female,0,No,No,1,Yes,No,Fiber optic,No,No,No,No,Yes,Yes,Two year,No,Mailed check,106.47,107.51,3,Yes
7380-QGH,Female,0,No,No,4,Yes,No,DSL,No,No,No,Yes,Yes,No,One year,Yes,Electronic check,88.9,369.51,5,Yes
3508-WPD,Female,0,Yes,No,31,Yes,Yes,DSL,Yes,No,Yes,No,No,Yes,Month-to-month,No,Electronic check,104.21,3234.35,3,Yes
5711-PUJ,Female,0,No,Yes,9,Yes,Yes,Fiber optic,No,Yes,No,Yes,No,No,One year,Yes,Mailed check,113.78,1019.11,3,Yes
9075-ZEP,Male,0,Yes,No,15,Yes,No,No,No internet service,No internet service,No internet service,No internet service,No internet service,No internet service,Month-to-month,No,Bank transfer (automatic),38.64,571.37,3,Yes
7496-ILE,Male,0,Yes,No,36,Yes,No,Fiber optic,No,Yes,No,No,Yes,No,Month-to-month,No,Bank transfer (automatic),107.18,3853.74,1,No
3803-VXC,Male,0,Yes,No,15,Yes,Yes,No,No internet service,No internet service,No internet service,No internet service,No internet service,No internet service,Month-to-month,Yes,Bank transfer (automatic),48.48,731.29,4,Yes
9388-BNB,Female,0,No,No,7,Yes,Yes,Fiber optic,No,No,No,Yes,No,No,One year,Yes,Mailed check,104.19,716.83,3,Yes
2868-GJM,Female,0,Yes,No,20,Yes,No,Fiber optic,No,No,Yes,Yes,No,No,Month-to-month,Yes,Electronic check,103.75,2064.64,4,Yes
3415-ZNK,Female,0,Yes,Yes,41,Yes,Yes,Fiber optic,No,No,No,No,No,No,Month-to-month,Yes,Mailed check,92.82,3804.94,0,No
9613-DUA,Female,0,No,No,23,Yes,Yes,DSL,No,No,No,No,No,No,Month-to-month,Yes,Electronic check,73.89,1713.18,1,No
2223-ESJ,Male,1,Yes,Yes,14,Yes,Yes,Fiber optic,Yes,No,No,No,Yes,Yes,Month-to-month,Yes,Credit card (automatic),130.51,1840.38,3,Yes
7520-OFO,Male,0,Yes,Yes,4,Yes,Yes,No,No internet service,No internet service,No internet service,No internet service,No internet service,No internet service,Month-to-month,Yes,Mailed check,52.3,194.28,0,No
6892-SVS,Male,1,No,Yes,8,No,No phone service,No,No internet service,No internet service,No internet service,No internet service,No internet service,No internet service,One year,Yes,Electronic check,18.87,152.8,2,No
3569-LVD,Female,0,Yes,No,72,Yes,Yes,Fiber optic,Yes,No,No,No,No,No,Month-to-month,Yes,Credit card (automatic),103.05,7412.88,0,No
4985-PHD,Male,0,No,Yes,37,Yes,Yes,Fiber optic,Yes,Yes,Yes,No,No,No,Month-to-month,No,Credit card (automatic),127.95,4720.42,2,No
8448-WLB,Female,0,No,Yes,3,Yes,Yes,DSL,No,No,Yes,Yes,No,Yes,Month-to-month,Yes,Electronic check,108.14,330.57,2,Yes
5196-CIU,Male,1,Yes,Yes,1,Yes,Yes,Fiber optic,Yes,No,No,No,No,No,Month-to-month,No,Mailed check,106.61,112.37,3,Yes
5753-KCY,Male,0,Yes,No,5,Yes,Yes,Fiber optic,No,No,No,No,Yes,No,One year,No,Credit card (automatic),105.46,526.95,1,Yes
9417-IND,Male,1,No,No,72,Yes,No,DSL,No,No,No,Yes,No,Yes,Two year,Yes,Credit card (automatic),86.59,6236.58,1,No
8422-MRO,Male,0,Yes,No,22,Yes,No,No,No internet service,No internet service,No internet service,No internet service,No internet service,No internet service,Month-to-month,No,Bank transfer (automatic),40.94,892.67,0,No
4407-LTE,Female,0,No,No,46,Yes,No,Fiber optic,No,Yes,Yes,No,No,No,Month-to-month,Yes,Mailed check,103.38,4756.71,1,No
3793-AGZ,Female,1,No,Yes,16,Yes,No,Fiber optic,No,No,Yes,No,No,No,One year,No,Electronic check,93.51,1481.62,2,Yes
8952-PXC,Male,1,No,No,44,Yes,No,DSL,No,No,No,Yes,No,No,One year,Yes,Bank transfer (automatic),77.62,3420.27,6,No
6289-VGZ,Male,0,No,Yes,1,Yes,Yes,DSL,No,Yes,Yes,Yes,Yes,No,Month-to-month,Yes,Electronic check,114.54,100.12,2,Yes
6565-FWV,Female,0,No,No,14,Yes,No,No,No internet service,No internet service,No internet service,No internet service,No internet service,No internet service,One year,Yes,Credit card (automatic),40.89,569.02,1,No
9624-IDG,Male,0,Yes,No,12,Yes,Yes,No,No internet service,No internet service,No internet service,No internet service,No internet service,No internet service,Two year,Yes,Credit card (automatic),50.02,591.23,1,No
3262-BQX,Male,0,Yes,No,72,Yes,Yes,Fiber optic,No,No,No,No,No,No,Month-to-month,No,Credit card (automatic),96.25,6933.3,4,No
4815-WOO,Male,0,No,No,9,Yes,No,Fiber optic,No,No,No,No,No,Yes,Month-to-month,No,Mailed check,95.57,850.83,1,Yes
6287-PSK,Female,0,Yes,No,14,Yes,Yes,DSL,Yes,Yes,No,Yes,No,Yes,Month-to-month,Yes,Mailed check,114.04,1590.46,1,No
5022-XQZ,Female,0,No,Yes,36,Yes,No,DSL,No,Yes,Yes,Yes,No,No,One year,No,Electronic check,92.05,3323.85,2,No
4151-YOM,Male,0,No,No,54,Yes,Yes,DSL,Yes,No,Yes,No,No,No,One year,Yes,Electronic check,97.4,5268.79,2,No
8054-DPL,Male,0,Yes,No,53,Yes,Yes,Fiber optic,Yes,Yes,Yes,Yes,Yes,No,Month-to-month,Yes,Bank transfer (automatic),148.84,7882.21,3,No
4491-CVQ,Female,0,Yes,No,13,Yes,Yes,No,No internet service,No internet service,No internet service,No internet service,No internet service,No internet service,Month-to-month,Yes,Credit card (automatic),51.05,653.27,2,Yes
7997-RYR,Female,0,No,No,72,Yes,No,Fiber optic,No,Yes,No,No,Yes,No,Two year,No,Mailed check,104.82,7544.32,1,No
6755-QLW,Female,1,No,No,27,Yes,Yes,Fiber optic,Yes,Yes,Yes,No,No,Yes,One year,Yes,Electronic check,137.39,3697.76,0,No
6588-XDL,Female,0,Yes,No,48,No,No phone service,DSL,No,Yes,No,No,Yes,Yes,Month-to-month,Yes,Bank transfer (automatic),77.8,3742.59,0,No
8865-WVU,Female,0,No,No,66,Yes,No,No,No internet service,No internet service,No internet service,No internet service,No internet service,No internet service,Month-to-month,No,Bank transfer (automatic),38.14,2504.9,2,No
7811-PEU,Female,1,Yes,No,7,Yes,No,No,No internet service,No internet service,No internet service,No internet service,No internet service,No internet service,Month-to-month,Yes,Bank transfer (automatic),38.46,263.31,2,No
4057-EMS,Female,0,Yes,No,18,Yes,Yes,DSL,No,Yes,No,No,Yes,No,Month-to-month,Yes,Credit card (automatic),95.34,1727.6,5,Yes
9605-MRN,Female,0,Yes,No,23,Yes,Yes,Fiber optic,No,No,No,No,No,No,One year,Yes,Electronic check,95.87,2196.38,1,No
5157-DDT,Male,1,Yes,No,41,Yes,No,Fiber optic,No,No,No,No,No,Yes,Month-to-month,Yes,Credit card (automatic),97.41,3989.78,2,No
9210-MLG,Male,0,No,No,13,No,No phone service,Fiber optic,No,No,No,No,Yes,No,Month-to-month,No,Electronic check,74.99,978.36,0,Yes
7571-UDB,Female,1,No,Yes,6,Yes,No,No,No internet service,No internet service,No internet service,No internet service,No internet service,No internet service,Month-to-month,No,Bank transfer (automatic),40.59,232.46,3,Yes
7468-WJJ,Male,0,No,Yes,34,Yes,No,Fiber optic,Yes,Yes,No,Yes,No,Yes,Month-to-month,Yes,Bank transfer (automatic),125.76,4285.79,1,No
1452-ZJJ,Female,0,Yes,No,23,Yes,No,DSL,No,No,Yes,Yes,Yes,Yes,One year,No,Mailed check,108.57,2508.9,0,No
2381-SUH,Male,0,No,No,58,Yes,No,DSL,Yes,No,No,No,No,No,Two year,No,Bank transfer (automatic),73.12,4249.56,2,No
7747-QGN,Female,0,No,No,27,Yes,No,Fiber optic,Yes,No,No,No,Yes,No,Two year,Yes,Electronic check,105.97,2864.72,1,No
9276-UQI,Female,1,Yes,No,1,Yes,Yes,Fiber optic,Yes,Yes,Yes,Yes,Yes,No,Two year,No,Electronic check,149.19,154.89,2,No
2168-EZY,Male,0,Yes,No,72,Yes,No,No,No internet service,No internet service,No internet service,No internet service,No internet service,No internet service,One year,No,Electronic check,39.12,2829.56,1,No
4645-THF,Male,0,No,Yes,23,Yes,Yes,No,No internet service,No internet service,No internet service,No internet service,No internet service,No internet service,Month-to-month,Yes,Electronic check,51.87,1202.2,0,No
8338-SDR,Male,0,No,No,23,Yes,Yes,No,No internet service,No internet service,No internet service,No internet service,No internet service,No internet service,Month-to-month,No,Credit card (automatic),47.72,1110.28,2,No
6111-AKQ,Male,0,No,No,60,Yes,No,DSL,Yes,No,No,Yes,No,Yes,One year,Yes,Electronic check,95.52,5744.21,2,No
4875-ZLJ,Male,0,No,No,28,Yes,Yes,DSL,Yes,No,No,No,No,No,Month-to-month,Yes,Bank transfer (automatic),85.65,2400.68,3,No
7238-FYA,Female,0,Yes,No,17,No,No phone service,DSL,No,Yes,Yes,No,Yes,No,Two year,Yes,Credit card (automatic),74.57,1258.92,1,No
5025-UPX,Female,0,Yes,Yes,3,Yes,Yes,DSL,Yes,Yes,No,Yes,No,Yes,Month-to-month,Yes,Credit card (automatic),116.5,342.84,2,Yes
4443-TFV,Female,1,Yes,No,72,Yes,No,No,No internet service,No internet service,No internet service,No internet service,No internet service,No internet service,Month-to-month,Yes,Credit card (automatic),41.51,3001.93,0,No
9347-EXU,Male,0,Yes,No,3,Yes,No,No,No internet service,No internet service,No internet service,No internet service,No internet service,No internet service,Month-to-month,No,Credit card (automatic),37.79,119.37,3,Yes
6724-SAA,Female,0,No,No,5,Yes,No,Fiber optic,No,No,No,No,No,No,Month-to-month,Yes,Mailed check,82.03,404.2,2,Yes
2410-JUC,Female,0,No,Yes,43,Yes,No,No,No internet service,No internet service,No internet service,No internet service,No internet service,No internet service,Month-to-month,Yes,Electronic check,41.99,1816.59,3,No
1551-CYM,Male,0,Yes,No,17,Yes,No,Fiber optic,No,No,Yes,No,No,No,Month-to-month,No,Mailed check,92.81,1590.91,0,No
1997-MWT,Female,0,No,No,5,Yes,No,Fiber optic,No,Yes,No,Yes,Yes,No,Month-to-month,No,Bank transfer (automatic),117.71,596.02,1,Yes
6555-LMB,Male,0,Yes,No,9,Yes,No,Fiber optic,No,Yes,No,Yes,Yes,No,One year,Yes,Electronic check,117.76,1049.66,3,Yes
5052-XWP,Male,0,Yes,Yes,72,Yes,No,Fiber optic,No,Yes,No,No,Yes,No,Month-to-month,Yes,Electronic check,109.05,7838.75,1,No
7102-FSU,Female,0,Yes,Yes,22,Yes,No,DSL,No,No,No,No,Yes,No,Month-to-month,Yes,Mailed check,76.72,1679.31,1,Yes
6616-WIQ,Female,1,Yes,Yes,13,Yes,No,DSL,No,No,No,No,No,No,One year,Yes,Electronic check,64.16,846.47,1,No
7354-XGV,Male,0,Yes,No,53,Yes,Yes,Fiber optic,Yes,No,Yes,No,No,No,Month-to-month,No,Credit card (automatic),117.84,6241.03,3,No
9894-JJT,Male,0,Yes,Yes,17,Yes,Yes,Fiber optic,No,No,No,No,Yes,Yes,Month-to-month,Yes,Electronic check,116.27,1986.18,0,Yes
3376-QOB,Female,1,Yes,No,10,Yes,Yes,No,No internet service,No internet service,No internet service,No internet service,No internet service,No internet service,Month-to-month,Yes,Credit card (automatic),50.84,520.37,6,Yes
1574-DSQ,Female,1,Yes,Yes,5,Yes,No,Fiber optic,No,No,Yes,No,No,No,Month-to-month,No,Mailed check,96.21,466.95,2,Yes
6585-UVG,Female,0,No,No,35,Yes,No,No,No internet service,No internet service,No internet service,No internet service,No internet service,No internet service,Month-to-month,Yes,Bank transfer (automatic),37.64,1329.67,2,No
6670-DHM,Female,1,Yes,No,23,Yes,Yes,No,No internet service,No internet service,No internet service,No internet service,No internet service,No internet service,Month-to-month,No,Mailed check,48.64,1122.08,3,No
4459-FYE,Female,0,No,No,3,No,No phone service,Fiber optic,No,No,Yes,No,Yes,Yes,Month-to-month,Yes,Bank transfer (automatic),96.97,293.74,2,Yes
8837-LDX,Male,1,No,No,23,Yes,No,DSL,No,No,Yes,Yes,Yes,No,Two year,Yes,Electronic check,96.04,2203.39,0,No
2992-DSX,Male,0,No,No,5,Yes,No,Fiber optic,No,No,No,No,Yes,No,One year,Yes,Credit card (automatic),99.73,486.31,3,Yes
5109-ERJ,Female,0,No,No,72,Yes,Yes,No,No internet service,No internet service,No internet service,No internet service,No internet service,No internet service,One year,Yes,Electronic check,49.73,3587.22,2,No
6176-SLR,Female,0,No,Yes,8,Yes,Yes,Fiber optic,Yes,Yes,No,Yes,Yes,No,One year,Yes,Bank transfer (automatic),137.52,1093.0,4,Yes
9720-XKC,Female,1,Yes,No,30,Yes,Yes,No,No internet service,No internet service,No internet service,No internet service,No internet service,No internet service,Month-to-month,No,Bank transfer (automatic),51.49,1543.87,3,No
6398-QAO,Female,0,No,No,27,Yes,Yes,Fiber optic,No,No,No,No,Yes,No,Month-to-month,Yes,Electronic check,105.79,2849.1,3,Yes
1919-CVS,Female,1,Yes,Yes,30,Yes,Yes,DSL,No,Yes,No,No,Yes,Yes,Month-to-month,Yes,Bank transfer (automatic),110.88,3325.7,6,Yes
2099-TAU,Male,0,Yes,No,15,Yes,Yes,DSL,No,No,Yes,No,No,Yes,One year,No,Mailed check,99.97,1497.0,6,Yes
7784-JOG,Male,0,Yes,No,2,Yes,No,Fiber optic,No,No,No,No,No,No,Month-to-month,No,Mailed check,85.25,172.62,3,Yes
3939-VRP,Female,0,Yes,No,72,Yes,No,DSL,No,Yes,No,Yes,No,No,Two year,Yes,Credit card (automatic),85.79,6180.44,5,No
8194-RGQ,Female,0,Yes,No,6,Yes,No,Fiber optic,No,Yes,Yes,No,No,No,Two year,Yes,Bank transfer (automatic),103.76,618.65,3,Yes
1988-RLH,Female,0,No,Yes,37,Yes,Yes,DSL,No,No,Yes,No,Yes,Yes,Month-to-month,Yes,Electronic check,106.89,3960.69,0,No
2502-BGD,Male,0,Yes,No,4,Yes,Yes,DSL,No,No,No,No,No,Yes,Month-to-month,No,Bank transfer (automatic),87.72,352.06,4,Yes
2425-FII,Male,1,No,No,9,Yes,Yes,DSL,No,No,Yes,Yes,No,Yes,Month-to-month,No,Credit card (automatic),105.45,941.11,1,No
8367-SCR,Male,0,Yes,No,21,Yes,No,Fiber optic,No,No,No,No,Yes,No,Month-to-month,Yes,Electronic check,96.67,2018.96,2,Yes
3436-NDG,Female,1,No,No,14,Yes,Yes,No,No internet service,No internet service,No internet service,No internet service,No internet service,No internet service,One year,Yes,Electronic check,49.99,695.06,1,No
4539-YLB,Female,0,No,No,72,Yes,No,Fiber optic,No,No,Yes,No,No,Yes,Two year,No,Mailed check,104.08,7506.0,2,No
7378-NVW,Male,0,No,No,48,Yes,No,No,No internet service,No internet service,No internet service,No internet service,No internet service,No internet service,Month-to-month,No,Electronic check,39.41,1890.34,2,No
5911-TFW,Male,0,Yes,No,64,Yes,Yes,Fiber optic,No,Yes,No,Yes,Yes,No,Two year,No,Electronic check,126.33,8092.33,3,No
5163-OXY,Female,0,No,No,26,Yes,Yes,Fiber optic,No,Yes,No,No,No,No,Two year,Yes,Credit card (automatic),103.25,2691.32,1,No
6816-LJE,Male,0,Yes,Yes,7,Yes,No,Fiber optic,Yes,No,No,No,No,No,One year,Yes,Electronic check,92.2,658.72,2,No
6739-RJF,Male,1,No,No,19,Yes,Yes,DSL,Yes,Yes,No,No,No,No,Month-to-month,Yes,Electronic check,92.86,1751.92,1,No
7523-LGR,Male,0,No,No,37,Yes,Yes,DSL,No,No,No,Yes,No,No,One year,No,Bank transfer (automatic),87.06,3227.7,1,No
7606-LZQ,Female,1,Yes,Yes,2,Yes,Yes,No,No internet service,No internet service,No internet service,No internet service,No internet service,No internet service,One year,Yes,Electronic check,47.95,104.62,2,No
6315-GIS,Female,1,Yes,No,50,No,No phone service,Fiber optic,No,Yes,No,Yes,Yes,Yes,Month-to-month,No,Electronic check,110.66,5544.39,4,Yes
8419-WGW,Male,0,Yes,No,25,Yes,No,Fiber optic,Yes,No,Yes,No,No,Yes,One year,No,Bank transfer (automatic),115.13,2878.99,4,No
1709-RFM,Male,0,No,Yes,33,Yes,Yes,Fiber optic,No,No,No,Yes,No,Yes,Two year,Yes,Mailed check,117.21,3856.66,4,No
4250-BLO,Female,0,No,No,30,Yes,Yes,Fiber optic,No,No,Yes,Yes,No,Yes,One year,Yes,Electronic check,127.51,3812.42,2,No
2101-FRE,Female,0,Yes,No,48,Yes,Yes,DSL,No,Yes,No,No,No,No,Month-to-month,No,Mailed check,86.34,4132.25,1,No
9177-CCV,Male,0,Yes,No,3,Yes,No,DSL,Yes,Yes,No,No,No,No,Month-to-month,No,Electronic check,82.57,239.03,4,Yes
9021-JSC,Male,0,Yes,Yes,12,Yes,No,DSL,No,Yes,Yes,No,Yes,Yes,Month-to-month,Yes,Bank transfer (automatic),109.65,1302.72,1,Yes
1508-LPQ,Male,0,Yes,No,18,Yes,No,DSL,No,No,Yes,No,Yes,Yes,Two year,No,Mailed check,99.91,1792.79,5,No
6495-BDJ,Female,0,No,No,20,Yes,Yes,DSL,No,No,No,Yes,Yes,No,Month-to-month,Yes,Mailed check,99.64,1998.92,3,Yes
8398-XQT,Male,0,No,Yes,72,Yes,No,Fiber optic,No,No,Yes,No,Yes,Yes,Month-to-month,No,Bank transfer (automatic),118.09,8506.61,5,No
8890-EJI,Male,0,No,No,2,Yes,Yes,DSL,No,No,Yes,No,Yes,Yes,Month-to-month,Yes,Electronic check,109.74,227.63,4,Yes
4557-DXC,Male,0,No,No,51,Yes,Yes,DSL,No,Yes,Yes,No,No,No,One year,No,Bank transfer (automatic),96.73,4930.77,0,No
5354-DYE,Male,1,No,No,21,Yes,No,Fiber optic,Yes,No,No,No,No,Yes,Month-to-month,Yes,Electronic check,108.97,2298.4,4,Yes
1687-VCX,Male,1,No,No,21,Yes,Yes,Fiber optic,No,No,No,No,Yes,Yes,Two year,No,Mailed check,117.81,2476.48,3,No
7763-YHM,Female,0,No,Yes,10,Yes,Yes,Fiber optic,No,No,No,Yes,Yes,Yes,One year,Yes,Bank transfer (automatic),128.01,1275.58,2,No
4395-NNM,Male,1,No,No,26,Yes,No,DSL,No,No,Yes,No,No,No,Month-to-month,Yes,Bank transfer (automatic),76.74,1982.17,2,No
6904-DHQ,Male,0,No,No,26,Yes,No,Fiber optic,No,Yes,Yes,No,Yes,Yes,Month-to-month,Yes,Mailed check,129.5,3359.19,3,Yes
1354-QIB,Female,0,No,No,6,Yes,Yes,Fiber optic,No,Yes,No,Yes,No,No,Two year,No,Electronic check,112.54,672.73,1,No
4832-MTB,Female,0,Yes,No,29,Yes,No,Fiber optic,No,No,Yes,No,Yes,No,Month-to-month,No,Electronic check,105.73,3061.01,3,Yes
3581-OKW,Male,1,No,No,8,No,No phone service,DSL,No,No,No,No,Yes,Yes,Month-to-month,Yes,Mailed check,69.94,552.61,3,Yes
9418-ZLX,Male,1,No,No,30,Yes,No,Fiber optic,No,No,Yes,No,No,No,Month-to-month,Yes,Bank transfer (automatic),94.31,2819.94,1,No
2036-IYU,Male,0,Yes,No,24,Yes,Yes,Fiber optic,No,Yes,No,Yes,Yes,No,One year,No,Electronic check,127.8,3073.6,6,Yes
9684-LMX,Female,0,No,No,32,Yes,Yes,No,No internet service,No internet service,No internet service,No internet service,No internet service,No internet service,Month-to-month,Yes,Credit card (automatic),52.88,1691.64,1,No
6065-AYH,Female,0,Yes,Yes,1,Yes,No,Fiber optic,Yes,No,No,No,No,No,Month-to-month,No,Credit card (automatic),97.27,103.34,4,Yes
4957-PMC,Female,0,No,No,4,Yes,Yes,No,No internet service,No internet service,No internet service,No internet service,No internet service,No internet service,Month-to-month,No,Mailed check,48.39,195.04,2,Yes
5354-XEZ,Female,0,No,No,46,No,No phone service,No,No internet service,No internet service,No internet service,No internet service,No internet service,No internet service,One year,No,Mailed check,18.5,843.25,2,No
9714-GUX,Male,0,Yes,Yes,12,Yes,Yes,DSL,No,No,No,Yes,No,No,Month-to-month,Yes,Electronic check,86.26,1046.46,4,Yes
4945-TBC,Female,0,No,No,46,Yes,Yes,Fiber optic,No,Yes,No,No,No,No,Month-to-month,Yes,Electronic check,102.19,4687.06,4,Yes
3590-KMG,Male,0,No,No,2,Yes,No,DSL,No,Yes,Yes,No,Yes,No,One year,Yes,Electronic check,96.22,202.6,2,Yes
5076-BFI,Female,0,No,No,37,Yes,No,Fiber optic,No,No,No,Yes,Yes,Yes,One year,Yes,Mailed check,117.04,4337.23,2,No
7559-TYB,Male,0,Yes,Yes,3,Yes,Yes,DSL,No,No,No,No,No,No,Month-to-month,Yes,Credit card (automatic),72.06,229.94,2,Yes
7065-PYL,Male,0,Yes,Yes,16,Yes,No,DSL,No,Yes,No,No,No,No,Two year,Yes,Bank transfer (automatic),76.75,1221.22,2,No
2574-QMK,Male,1,No,No,70,Yes,No,No,No internet service,No internet service,No internet service,No internet service,No internet service,No internet service,Month-to-month,No,Mailed check,42.0,2928.81,1,No
9060-WNF,Female,0,Yes,No,3,Yes,No,Fiber optic,Yes,Yes,Yes,Yes,No,No,Month-to-month,Yes,Electronic check,123.36,374.08,2,Yes
2189-BVT,Male,0,No,No,11,Yes,No,No,No internet service,No internet service,No internet service,No internet service,No internet service,No internet service,Two year,Yes,Bank transfer (automatic),39.77,441.16,3,No
8768-OQH,Male,0,No,Yes,19,Yes,No,DSL,No,Yes,No,No,Yes,No,Month-to-month,No,Bank transfer (automatic),87.85,1679.04,2,No
9240-TAV,Male,0,No,No,58,Yes,Yes,DSL,Yes,No,No,Yes,No,No,Month-to-month,Yes,Mailed check,94.27,5465.8,0,No
8406-EGR,Female,0,Yes,No,11,No,No phone service,DSL,No,No,Yes,Yes,No,No,Two year,No,Bank transfer (automatic),67.13,741.35,5,No
6285-VUE,Male,0,Yes,No,42,Yes,Yes,Fiber optic,No,No,Yes,No,No,No,One year,No,Bank transfer (automatic),105.49,4434.08,1,No
8645-SJO,Female,0,No,No,32,Yes,No,No,No internet service,No internet service,No internet service,No internet service,No internet service,No internet service,One year,Yes,Bank transfer (automatic),39.09,1238.14,1,No
5777-PLR,Male,0,Yes,Yes,10,Yes,Yes,Fiber optic,No,Yes,No,Yes,No,Yes,Month-to-month,Yes,Electronic check,128.9,1278.61,3,Yes
9278-APV,Female,0,No,No,11,Yes,No,DSL,No,Yes,Yes,No,No,No,Month-to-month,Yes,Credit card (automatic),82.91,906.77,2,Yes
8525-CBB,Male,1,No,No,6,Yes,No,Fiber optic,No,No,No,No,Yes,No,Two year,Yes,Credit card (automatic),94.66,556.34,3,No
2932-IPE,Male,0,No,No,30,Yes,No,Fiber optic,Yes,No,Yes,No,No,No,Two year,No,Electronic check,107.75,3231.63,4,No
4446-UGM,Male,0,Yes,No,21,Yes,Yes,DSL,Yes,No,No,No,No,Yes,Month-to-month,Yes,Bank transfer (automatic),98.33,2079.05,2,Yes
3707-XZM,Male,0,Yes,No,5,Yes,Yes,Fiber optic,No,No,No,Yes,No,Yes,Month-to-month,No,Mailed check,119.22,596.2,0,Yes
1922-ZGJ,Female,0,Yes,Yes,25,Yes,Yes,Fiber optic,Yes,No,No,No,No,No,Month-to-month,No,Bank transfer (automatic),107.71,2705.41,1,No
1564-FEW,Male,1,Yes,No,18,Yes,Yes,No,No internet service,No internet service,No internet service,No internet service,No internet service,No internet service,Month-to-month,No,Mailed check,50.68,901.11,2,No
7881-UOZ,Male,0,No,No,3,Yes,No,DSL,No,No,No,No,No,No,Month-to-month,Yes,Credit card (automatic),64.64,186.24,1,Yes
1350-SIV,Male,0,Yes,No,72,Yes,No,Fiber optic,No,Yes,No,No,No,Yes,Month-to-month,Yes,Credit card (automatic),109.86,7909.53,3,No
5732-ZSG,Female,0,No,No,46,Yes,No,Fiber optic,No,No,No,Yes,No,No,Month-to-month,No,Electronic check,95.61,4398.78,5,Yes
8170-XTK,Female,1,No,No,2,Yes,Yes,Fiber optic,No,Yes,No,No,No,Yes,Two year,No,Electronic check,119.91,243.74,0,No
7240-FZK,Female,0,Yes,Yes,67,Yes,No,No,No internet service,No internet service,No internet service,No internet service,No internet service,No internet service,Month-to-month,No,Electronic check,38.51,2571.77,2,No
8718-FNB,Male,0,No,No,63,Yes,No,Fiber optic,No,No,No,No,No,Yes,One year,Yes,Electronic check,99.39,6253.15,3,No
5042-ORA,Female,0,No,No,2,Yes,Yes,Fiber optic,No,No,Yes,No,Yes,Yes,Two year,Yes,Mailed check,128.78,263.8,2,No
9638-CCG,Female,1,Yes,No,6,No,No phone service,No,No internet service,No internet service,No internet service,No internet service,No internet service,No internet service,Month-to-month,Yes,Electronic check,18.5,116.74,0,No
3944-YKF,Female,0,Yes,No,31,Yes,No,Fiber optic,Yes,No,Yes,No,No,Yes,Month-to-month,No,Bank transfer (automatic),118.62,3688.06,1,Yes
9787-CSB,Male,0,No,No,69,Yes,Yes,Fiber optic,Yes,No,No,No,Yes,No,Month-to-month,No,Bank transfer (automatic),114.77,7909.05,0,No
5305-LJE,Female,0,No,No,44,Yes,Yes,Fiber optic,No,No,Yes,No,No,Yes,One year,Yes,Electronic check,119.82,5280.56,1,No
3824-BBF,Male,0,No,No,9,Yes,Yes,No,No internet service,No internet service,No internet service,No internet service,No internet service,No internet service,Month-to-month,Yes,Bank transfer (automatic),52.91,476.72,3,No
5284-JRL,Female,0,Yes,No,1,Yes,No,DSL,No,Yes,No,No,Yes,No,One year,No,Bank transfer (automatic),88.94,83.48,4,Yes
1501-UQO,Female,0,Yes,No,17,Yes,Yes,Fiber optic,No,No,No,Yes,No,Yes,Month-to-month,No,Credit card (automatic),115.48,1974.78,2,Yes
4055-QCJ,Male,0,Yes,No,3,Yes,No,DSL,No,No,Yes,No,No,No,Month-to-month,No,Electronic check,75.07,230.3,1,Yes
6820-UMZ,Male,1,Yes,No,8,Yes,Yes,DSL,No,No,Yes,Yes,No,No,Month-to-month,Yes,Bank transfer (automatic),95.52,768.08,1,No
8397-LZH,Male,0,No,No,26,Yes,Yes,No,No internet service,No internet service,No internet service,No internet service,No internet service,No internet service,Two year,Yes,Credit card (automatic),51.32,1337.3,3,No
5366-PAP,Female,0,No,Yes,18,Yes,Yes,DSL,No,Yes,No,No,No,No,One year,Yes,Electronic check,83.71,1513.18,4,Yes
9450-TOM,Male,0,No,No,12,Yes,No,DSL,No,Yes,Yes,No,Yes,No,Month-to-month,No,Electronic check,99.62,1199.26,2,Yes
9399-WKU,Male,0,Yes,No,67,Yes,No,Fiber optic,Yes,No,No,No,No,No,Month-to-month,Yes,Electronic check,97.14,6521.72,0,No
9001-VFZ,Female,0,Yes,No,6,Yes,No,Fiber optic,Yes,No,No,No,No,No,One year,Yes,Bank transfer (automatic),93.76,560.43,0,No
9186-FNY,Male,0,No,No,17,Yes,No,No,No internet service,No internet service,No internet service,No internet service,No internet service,No internet service,One year,No,Credit card (automatic),39.27,680.95,1,No
5551-HAU,Male,0,No,No,22,Yes,Yes,No,No internet service,No internet service,No internet service,No internet service,No internet service,No internet service,Two year,No,Electronic check,47.11,1040.12,0,No
9677-UHS,Female,0,No,Yes,10,No,No phone service,DSL,No,Yes,Yes,Yes,Yes,Yes,Month-to-month,No,Electronic check,101.35,1004.25,2,Yes
2982-UXT,Female,1,Yes,No,31,No,No phone service,DSL,No,No,Yes,No,No,Yes,Two year,No,Electronic check,69.29,2142.71,0,No
3311-ZNR,Female,1,No,No,51,Yes,Yes,DSL,No,No,Yes,Yes,Yes,No,Month-to-month,Yes,Electronic check,105.32,5372.47,0,No
1604-PIO,Male,0,No,No,20,Yes,Yes,Fiber optic,No,No,No,No,No,No,Two year,No,Credit card (automatic),97.78,1943.62,2,No
6785-JVP,Female,0,No,No,39,Yes,No,Fiber optic,No,No,No,No,Yes,No,Two year,Yes,Credit card (automatic),99.77,3896.85,4,No
8532-VEV,Male,0,No,Yes,2,Yes,Yes,DSL,Yes,Yes,Yes,No,Yes,Yes,Two year,Yes,Mailed check,128.65,261.37,5,No
1838-WIH,Female,1,No,Yes,5,Yes,Yes,Fiber optic,No,Yes,No,No,No,No,Two year,No,Credit card (automatic),102.7,515.58,3,No
1847-FPF,Female,0,No,Yes,16,Yes,No,DSL,Yes,No,No,No,No,Yes,One year,No,Mailed check,88.85,1426.66,1,No
5468-AYI,Female,0,No,Yes,64,Yes,Yes,No,No internet service,No internet service,No internet service,No internet service,No internet service,No internet service,Two year,No,Bank transfer (automatic),49.74,3196.15,5,No
4320-XMZ,Male,0,Yes,No,19,Yes,Yes,No,No internet service,No internet service,No internet service,No internet service,No internet service,No internet service,One year,Yes,Mailed check,47.06,885.04,1,No
2564-SQK,Male,0,No,No,15,Yes,Yes,DSL,No,No,No,No,No,Yes,Month-to-month,Yes,Electronic check,89.05,1347.58,2,Yes
8131-HWE,Male,0,Yes,Yes,23,Yes,Yes,Fiber optic,No,Yes,No,No,Yes,No,Month-to-month,Yes,Bank transfer (automatic),119.09,2725.35,3,Yes
7697-GJD,Male,0,Yes,No,4,Yes,Yes,DSL,Yes,No,No,No,No,No,Month-to-month,Yes,Credit card (automatic),83.6,339.56,3,Yes
1282-ZNB,Male,0,No,No,27,Yes,No,Fiber optic,No,Yes,No,No,No,Yes,Month-to-month,No,Bank transfer (automatic),107.49,2908.56,3,Yes
3970-AWJ,Female,0,No,No,3,Yes,Yes,Fiber optic,No,No,Yes,No,No,Yes,One year,Yes,Bank transfer (automatic),119.28,354.06,0,Yes
1947-YVC,Female,0,No,No,22,Yes,No,DSL,No,Yes,Yes,No,No,Yes,Month-to-month,Yes,Mailed check,97.55,2159.16,0,No
9828-ZFU,Female,0,Yes,Yes,32,Yes,No,Fiber optic,No,No,Yes,No,No,No,One year,Yes,Credit card (automatic),92.73,2957.99,2,No
4670-BLV,Female,0,No,No,14,Yes,No,No,No internet service,No internet service,No internet service,No internet service,No internet service,No internet service,Month-to-month,No,Credit card (automatic),38.32,548.29,0,No
1804-TGX,Male,0,No,No,61,Yes,No,DSL,No,Yes,Yes,Yes,No,Yes,One year,Yes,Mailed check,107.48,6549.69,2,No
2235-AAQ,Male,0,No,Yes,5,Yes,Yes,Fiber optic,No,No,No,No,No,No,One year,No,Credit card (automatic),93.71,472.7,1,Yes
7906-AUT,Male,0,No,Yes,5,Yes,No,No,No internet service,No internet service,No internet service,No internet service,No internet service,No internet service,Month-to-month,Yes,Electronic check,39.03,187.5,3,Yes
4549-IOC,Female,0,No,No,19,Yes,No,Fiber optic,No,No,Yes,No,Yes,Yes,Month-to-month,No,Mailed check,121.89,2325.7,0,Yes
5141-WKX,Female,1,No,No,68,Yes,No,Fiber optic,Yes,Yes,No,No,No,No,Month-to-month,No,Electronic check,103.56,7031.36,4,No
6077-LMZ,Male,0,Yes,No,13,Yes,No,DSL,No,No,No,Yes,No,No,Month-to-month,Yes,Credit card (automatic),74.5,971.48,4,Yes
3892-AXJ,Female,0,Yes,No,66,Yes,No,No,No internet service,No internet service,No internet service,No internet service,No internet service,No internet service,Two year,Yes,Electronic check,39.65,2629.26,2,No
4618-XDP,Female,0,Yes,No,30,Yes,No,Fiber optic,Yes,Yes,No,No,Yes,Yes,Month-to-month,No,Credit card (automatic),127.4,3810.05,1,Yes
3063-QSV,Male,1,Yes,No,39,No,No phone service,No,No internet service,No internet service,No internet service,No internet service,No internet service,No internet service,Month-to-month,Yes,Credit card (automatic),21.51,852.91,1,No
2294-YBK,Female,0,Yes,Yes,70,Yes,No,No,No internet service,No internet service,No internet service,No internet service,No internet service,No internet service,One year,Yes,Electronic check,39.39,2755.62,0,No
9014-ZSD,Male,0,No,Yes,22,Yes,No,Fiber optic,No,Yes,No,No,Yes,No,Month-to-month,No,Credit card (automatic),105.86,2316.02,5,Yes
2322-ECM,Female,0,Yes,No,26,No,No phone service,Fiber optic,Yes,No,Yes,No,Yes,No,Month-to-month,Yes,Mailed check,98.65,2579.47,1,No
3441-KRB,Male,0,Yes,No,22,Yes,Yes,Fiber optic,No,No,No,Yes,No,Yes,Two year,Yes,Credit card (automatic),118.96,2618.41,2,No
9488-JRW,Female,0,Yes,Yes,39,Yes,No,No,No internet service,No internet service,No internet service,No internet service,No internet service,No internet service,Month-to-month,No,Mailed check,39.99,1556.65,2,No
4787-GQZ,Male,0,No,No,8,Yes,Yes,No,No internet service,No internet service,No internet service,No internet service,No internet service,No internet service,Two year,No,Mailed check,52.04,424.5,1,No
3208-EPO,Male,0,No,Yes,39,Yes,Yes,No,No internet service,No internet service,No internet service,No internet service,No internet service,No internet service,Month-to-month,No,Bank transfer (automatic),52.91,2049.32,5,No
8169-IGD,Female,0,Yes,No,32,No,No phone service,DSL,No,No,No,No,No,No,Month-to-month,No,Electronic check,44.6,1430.38,1,No
9867-MAX,Female,0,Yes,Yes,24,Yes,No,Fiber optic,No,Yes,No,No,Yes,Yes,One year,No,Credit card (automatic),117.07,2813.62,2,No
1546-PVD,Male,0,No,No,1,Yes,Yes,DSL,Yes,No,No,Yes,No,No,Month-to-month,Yes,Credit card (automatic),96.53,100.21,2,No
3040-WYP,Male,0,No,No,38,Yes,No,No,No internet service,No internet service,No internet service,No internet service,No internet service,No internet service,Month-to-month,Yes,Electronic check,41.56,1581.41,5,No
2849-SAE,Male,0,No,No,4,Yes,Yes,DSL,No,No,No,No,No,Yes,Month-to-month,No,Electronic check,88.33,349.42,2,Yes
5402-VXK,Male,0,No,No,72,Yes,Yes,No,No internet service,No internet service,No internet service,No internet service,No internet service,No internet service,One year,Yes,Bank transfer (automatic),48.47,3499.56,2,No
2132-TEU,Male,1,No,No,3,Yes,Yes,No,No internet service,No internet service,No internet service,No internet service,No internet service,No internet service,Two year,No,Mailed check,50.55,162.54,2,No
6795-DDT,Female,0,No,Yes,32,Yes,No,DSL,Yes,No,No,Yes,No,Yes,Month-to-month,Yes,Electronic check,95.98,3060.3,4,No
8633-RPI,Female,0,Yes,No,12,Yes,No,Fiber optic,No,No,No,No,No,Yes,Month-to-month,No,Credit card (automatic),99.37,1200.59,3,Yes
6009-VBU,Female,0,No,No,34,Yes,No,DSL,Yes,Yes,No,Yes,No,No,One year,Yes,Credit card (automatic),93.03,3173.59,0,No
3431-LGO,Female,0,No,No,19,Yes,No,Fiber optic,Yes,No,Yes,Yes,No,Yes,Month-to-month,Yes,Electronic check,127.83,2438.95,0,Yes
2308-VZU,Female,0,Yes,Yes,25,Yes,No,DSL,No,No,No,No,Yes,No,Month-to-month,No,Electronic check,78.92,1967.52,0,No
8503-SIN,Male,0,Yes,Yes,2,Yes,No,DSL,No,No,No,No,No,Yes,Two year,No,Credit card (automatic),74.6,142.15,5,No
7704-EBT,Female,0,No,No,72,Yes,Yes,Fiber optic,Yes,No,Yes,Yes,Yes,No,One year,No,Mailed check,139.12,10012.5,2,No
5271-NNA,Female,0,Yes,No,1,Yes,No,DSL,No,Yes,No,No,No,Yes,Two year,Yes,Credit card (automatic),87.08,82.97,2,No
6218-ZGZ,Male,1,No,Yes,71,Yes,No,Fiber optic,No,Yes,Yes,No,No,Yes,One year,No,Bank transfer (automatic),119.34,8473.16,2,No
3542-STB,Male,0,No,Yes,21,No,No phone service,Fiber optic,No,No,No,No,No,Yes,Month-to-month,Yes,Mailed check,79.0,1645.89,2,Yes
1754-ISE,Female,0,Yes,Yes,8,Yes,No,Fiber optic,No,Yes,Yes,No,Yes,No,Month-to-month,No,Credit card (automatic),114.01,912.63,4,Yes
8823-DLG,Female,0,Yes,Yes,26,Yes,Yes,DSL,No,Yes,No,No,No,No,Month-to-month,Yes,Credit card (automatic),86.93,2258.87,3,Yes
9461-WLC,Male,0,No,Yes,28,No,No phone service,DSL,Yes,No,No,No,No,Yes,Month-to-month,No,Mailed check,65.88,1834.09,2,No
9697-JJK,Female,0,Yes,No,33,Yes,Yes,DSL,No,No,No,No,Yes,No,Month-to-month,Yes,Electronic check,86.62,2859.59,7,Yes
9553-IQA,Male,0,Yes,No,1,Yes,No,Fiber optic,No,No,Yes,No,No,No,Month-to-month,No,Bank transfer (automatic),96.22,99.94,1,Yes
5067-DRI,Female,0,Yes,No,72,Yes,No,DSL,No,Yes,No,No,No,No,Month-to-month,Yes,Credit card (automatic),74.02,5324.04,4,No
8281-NYO,Female,0,No,No,25,Yes,Yes,No,No internet service,No internet service,No internet service,No internet service,No internet service,No internet service,Month-to-month,No,Electronic check,50.3,1249.6,1,Yes
7533-XJO,Female,0,No,Yes,12,Yes,No,Fiber optic,No,No,No,No,No,No,One year,Yes,Credit card (automatic),83.47,986.97,3,Yes
4932-DRR,Female,0,No,Yes,22,Yes,No,DSL,Yes,No,Yes,No,No,Yes,Month-to-month,Yes,Credit card (automatic),97.42,2143.53,2,No
6560-QLG,Male,0,Yes,No,5,Yes,No,DSL,No,Yes,No,No,No,No,Two year,No,Electronic check,76.52,369.08,0,No
1719-KNC,Male,0,Yes,No,8,Yes,No,Fiber optic,No,No,Yes,No,No,No,Two year,No,Bank transfer (automatic),95.62,765.14,1,No
5157-JFM,Female,0,Yes,No,3,No,No phone service,No,No internet service,No internet service,No internet service,No internet service,No internet service,No internet service,Month-to-month,No,Mailed check,21.68,73.06,2,No
7713-PYY,Female,0,No,Yes,53,Yes,Yes,Fiber optic,No,No,Yes,No,Yes,Yes,One year,No,Electronic check,130.61,6931.9,2,No
8141-MDW,Female,0,Yes,No,8,Yes,No,DSL,Yes,No,No,No,No,Yes,One year,Yes,Electronic check,85.72,671.47,3,No
4936-TEH,Female,0,No,No,34,Yes,Yes,Fiber optic,Yes,Yes,Yes,No,Yes,Yes,Month-to-month,No,Bank transfer (automatic),146.35,4973.08,4,Yes
8265-LEV,Male,0,No,No,9,Yes,No,No,No internet service,No internet service,No internet service,No internet service,No internet service,No internet service,Month-to-month,No,Electronic check,38.61,353.56,0,No
5652-IJA,Male,0,Yes,No,4,Yes,Yes,DSL,No,Yes,No,No,Yes,No,One year,No,Credit card (automatic),98.81,384.58,1,No
5674-RLC,Female,0,No,No,3,No,No phone service,No,No internet service,No internet service,No internet service,No internet service,No internet service,No internet service,Month-to-month,Yes,Mailed check,20.42,60.51,0,No
5569-YIZ,Male,0,Yes,No,50,Yes,Yes,Fiber optic,Yes,No,No,No,No,No,Month-to-month,Yes,Electronic check,107.8,5397.0,1,No
5675-YSM,Male,0,Yes,No,4,Yes,Yes,Fiber optic,No,Yes,No,Yes,Yes,Yes,Month-to-month,No,Mailed check,136.13,533.79,3,Yes
6419-CWW,Female,0,No,No,3,Yes,Yes,Fiber optic,No,No,Yes,No,Yes,No,Two year,Yes,Mailed check,118.97,362.96,3,No
2468-VIL,Female,0,Yes,No,1,Yes,No,DSL,Yes,No,No,No,No,No,Month-to-month,No,Electronic check,74.22,88.49,1,Yes
7719-LOB,Female,0,Yes,No,12,Yes,No,Fiber optic,No,No,No,No,No,No,One year,Yes,Mailed check,87.53,1042.29,2,No
6073-MNE,Male,0,No,Yes,72,Yes,No,Fiber optic,No,No,No,Yes,No,No,Month-to-month,Yes,Credit card (automatic),97.43,7009.88,1,No
9249-JLJ,Male,0,Yes,Yes,60,Yes,No,DSL,Yes,No,No,No,Yes,Yes,One year,Yes,Electronic check,101.65,6084.27,3,No
1767-XKY,Male,1,No,No,4,Yes,No,No,No internet service,No internet service,No internet service,No internet service,No internet service,No internet service,Month-to-month,No,Electronic check,39.67,155.21,2,Yes
8329-EGF,Male,0,Yes,No,1,Yes,No,DSL,No,Yes,No,Yes,No,No,Month-to-month,No,Credit card (automatic),87.21,86.66,7,Yes
1885-WCM,Female,0,Yes,No,35,Yes,No,Fiber optic,Yes,No,No,No,Yes,No,Month-to-month,No,Mailed check,105.27,3678.43,0,No
3073-YXU,Female,0,No,Yes,10,No,No phone service,DSL,Yes,No,Yes,No,Yes,No,Month-to-month,Yes,Credit card (automatic),78.66,791.83,3,Yes
6317-KZQ,Female,1,Yes,No,45,Yes,Yes,Fiber optic,No,No,Yes,No,No,No,One year,No,Mailed check,103.27,4635.87,2,No
3032-DBK,Male,1,No,Yes,7,Yes,Yes,Fiber optic,No,No,Yes,No,No,No,Month-to-month,Yes,Electronic check,103.34,728.29,1,Yes
8129-RUD,Female,0,Yes,No,17,Yes,Yes,No,No internet service,No internet service,No internet service,No internet service,No internet service,No internet service,Month-to-month,No,Electronic check,52.5,902.6,2,Yes
1615-TNL,Female,0,Yes,No,1,Yes,Yes,DSL,No,Yes,No,Yes,Yes,No,One year,No,Bank transfer (automatic),107.9,106.55,0,No
8866-RKH,Male,0,Yes,Yes,57,Yes,Yes,Fiber optic,Yes,No,Yes,No,Yes,No,Month-to-month,Yes,Mailed check,129.06,7347.86,4,No
5920-OIS,Female,0,Yes,Yes,5,Yes,Yes,Fiber optic,No,No,No,No,No,Yes,One year,No,Credit card (automatic),108.19,552.21,1,No
5376-SEK,Male,0,Yes,No,9,Yes,No,DSL,Yes,No,No,No,No,Yes,Month-to-month,No,Credit card (automatic),84.3,762.33,0,No
7862-HSW,Male,0,Yes,No,17,Yes,No,No,No internet service,No internet service,No internet service,No internet service,No internet service,No internet service,Month-to-month,Yes,Electronic check,37.96,644.12,4,Yes
9159-ZSR,Female,0,No,No,8,Yes,No,DSL,No,No,No,No,No,Yes,Month-to-month,Yes,Bank transfer (automatic),77.24,623.89,2,Yes
7825-GIA,Female,0,Yes,No,2,Yes,No,DSL,No,Yes,Yes,Yes,No,No,Two year,No,Electronic check,93.58,195.06,3,No
9146-ESA,Male,0,Yes,No,1,No,No phone service,DSL,No,No,No,Yes,Yes,Yes,One year,Yes,Mailed check,78.68,78.49,1,No
9558-PWG,Female,1,Yes,No,72,Yes,No,Fiber optic,Yes,Yes,No,Yes,Yes,Yes,Month-to-month,Yes,Electronic check,137.32,9901.44,2,No
4935-LHE,Female,0,No,Yes,10,Yes,No,No,No internet service,No internet service,No internet service,No internet service,No internet service,No internet service,One year,Yes,Mailed check,42.44,417.81,3,No
7875-UEQ,Male,0,Yes,No,11,Yes,Yes,Fiber optic,No,No,Yes,Yes,Yes,Yes,Month-to-month,No,Credit card (automatic),139.71,1532.41,1,Yes
6401-EVO,Female,0,Yes,No,65,Yes,No,Fiber optic,No,No,No,No,Yes,No,Month-to-month,No,Credit card (automatic),99.21,6444.12,3,No
6738-WAK,Male,1,No,Yes,46,Yes,No,DSL,Yes,No,No,Yes,Yes,No,Two year,Yes,Bank transfer (automatic),97.21,4464.62,5,No
9989-ZPM,Male,0,Yes,No,30,Yes,Yes,Fiber optic,No,No,No,No,No,Yes,Two year,Yes,Bank transfer (automatic),109.42,3294.34,1,No
7694-AZP,Male,0,Yes,No,27,Yes,Yes,DSL,Yes,No,Yes,No,Yes,Yes,Two year,Yes,Credit card (automatic),119.44,3221.72,0,No
1752-FBQ,Male,0,Yes,No,41,Yes,Yes,Fiber optic,No,No,No,Yes,No,Yes,One year,Yes,Electronic check,114.53,4683.57,2,No
7789-NRF,Female,0,Yes,No,5,Yes,No,Fiber optic,No,No,No,No,No,Yes,Month-to-month,Yes,Mailed check,96.8,487.32,1,Yes
1105-XRI,Female,0,No,No,28,Yes,Yes,DSL,No,Yes,No,No,No,No,Month-to-month,Yes,Electronic check,86.49,2422.45,3,Yes
2095-JQW,Female,0,Yes,No,3,Yes,No,Fiber optic,No,No,Yes,Yes,No,No,Two year,Yes,Electronic check,104.4,321.45,2,No
5541-ZFN,Male,0,Yes,Yes,4,No,No phone service,No,No internet service,No internet service,No internet service,No internet service,No internet service,No internet service,One year,No,Bank transfer (automatic),22.26,100.62,4,No
5869-ZGL,Female,0,Yes,No,7,Yes,No,No,No internet service,No internet service,No internet service,No internet service,No internet service,No internet service,Month-to-month,No,Electronic check,37.43,270.93,4,Yes
4981-VSW,Male,0,No,Yes,31,Yes,No,DSL,Yes,No,No,No,No,Yes,Month-to-month,Yes,Credit card (automatic),86.76,2675.21,1,No
1943-GHR,Male,0,Yes,No,56,Yes,No,DSL,No,No,Yes,No,No,No,Month-to-month,No,Mailed check,74.5,4182.55,1,No
1600-MUI,Female,0,No,No,30,Yes,No,Fiber optic,Yes,No,No,Yes,No,Yes,Month-to-month,No,Mailed check,117.65,3533.89,1,No
2524-WIO,Female,0,Yes,No,14,Yes,Yes,No,No internet service,No internet service,No internet service,No internet service,No internet service,No internet service,One year,Yes,Mailed check,47.59,674.38,5,Yes
4123-BYM,Male,0,No,No,19,No,No phone service,Fiber optic,No,No,Yes,No,Yes,Yes,One year,No,Electronic check,100.97,1907.02,3,No
9417-SZB,Male,0,No,No,32,Yes,No,No,No internet service,No internet service,No internet service,No internet service,No internet service,No internet service,Month-to-month,Yes,Credit card (automatic),38.81,1244.18,2,No
5898-FCJ,Male,0,Yes,No,24,No,No phone service,Fiber optic,No,No,No,No,No,Yes,Month-to-month,No,Bank transfer (automatic),79.13,1904.32,6,Yes
8610-FWP,Male,1,Yes,No,19,Yes,No,DSL,Yes,Yes,No,No,Yes,No,Month-to-month,Yes,Electronic check,94.09,1798.65,2,No
9895-QSC,Female,0,Yes,No,7,Yes,Yes,DSL,No,No,No,Yes,No,Yes,Month-to-month,Yes,Bank transfer (automatic),96.32,670.48,2,Yes
4281-GIT,Female,0,Yes,Yes,24,No,No phone service,No,No internet service,No internet service,No internet service,No internet service,No internet service,No internet service,Month-to-month,Yes,Electronic check,18.56,457.56,1,No
6579-ECK,Female,0,Yes,No,1,Yes,Yes,DSL,No,No,No,No,No,Yes,Month-to-month,No,Bank transfer (automatic),86.73,96.91,2,Yes
1120-DEA,Male,0,Yes,Yes,21,Yes,No,DSL,No,No,No,No,No,Yes,One year,No,Mailed check,75.41,1570.89,1,No
4675-RLM,Male,0,Yes,No,43,No,No phone service,Fiber optic,No,Yes,No,No,No,No,Month-to-month,Yes,Mailed check,72.27,3111.47,2,No
6249-EMP,Female,0,Yes,No,5,Yes,Yes,DSL,No,No,Yes,Yes,No,Yes,Month-to-month,Yes,Bank transfer (automatic),105.48,537.6,1,Yes
4170-VDK,Female,0,No,No,4,Yes,No,No,No internet service,No internet service,No internet service,No internet service,No internet service,No internet service,One year,Yes,Credit card (automatic),38.88,145.85,2,No
1028-CPV,Female,0,Yes,Yes,72,Yes,Yes,Fiber optic,No,No,Yes,No,No,Yes,Two year,Yes,Mailed check,119.83,8629.92,3,No
3024-KPJ,Male,1,Yes,No,47,Yes,Yes,Fiber optic,Yes,No,No,No,No,No,Month-to-month,No,Bank transfer (automatic),103.73,4874.4,1,No
6791-SBX,Male,0,No,No,9,Yes,No,No,No internet service,No internet service,No internet service,No internet service,No internet service,No internet service,Month-to-month,Yes,Mailed check,37.57,352.17,2,No
2238-BFS,Male,0,No,No,6,No,No phone service,No,No internet service,No internet service,No internet service,No internet service,No internet service,No internet service,Two year,No,Mailed check,19.65,103.95,3,No
8399-ZCZ,Female,0,No,No,11,Yes,Yes,DSL,Yes,No,No,No,No,Yes,Month-to-month,No,Credit card (automatic),99.42,1099.59,3,Yes
2460-CVZ,Female,0,No,No,15,Yes,No,No,No internet service,No internet service,No internet service,No internet service,No internet service,No internet service,Month-to-month,Yes,Mailed check,40.81,607.24,0,No
2416-FWU,Female,0,No,Yes,44,No,No phone service,Fiber optic,Yes,Yes,No,Yes,No,Yes,Month-to-month,No,Mailed check,106.57,4674.98,1,No
2428-JFW,Female,0,Yes,No,7,Yes,No,DSL,Yes,Yes,Yes,No,Yes,No,One year,Yes,Electronic check,109.52,772.79,3,No
4071-LDM,Female,0,No,Yes,32,Yes,No,No,No internet service,No internet service,No internet service,No internet service,No internet service,No internet service,Month-to-month,Yes,Credit card (automatic),39.36,1246.47,1,No
2040-HZT,Female,0,No,Yes,67,Yes,No,DSL,No,Yes,Yes,Yes,Yes,No,Month-to-month,Yes,Bank transfer (automatic),109.33,7324.53,3,No
1075-GLB,Male,0,No,Yes,12,Yes,No,No,No internet service,No internet service,No internet service,No internet service,No internet service,No internet service,Month-to-month,Yes,Bank transfer (automatic),40.1,471.71,1,No
3349-VWE,Female,0,Yes,No,1,Yes,Yes,Fiber optic,No,No,No,No,Yes,Yes,Two year,Yes,Mailed check,121.23,124.58,3,Yes
1392-UKE,Female,0,No,No,44,Yes,Yes,DSL,No,No,Yes,No,Yes,No,Month-to-month,No,Electronic check,98.32,4325.41,3,No
9802-QBX,Male,0,No,Yes,31,Yes,Yes,DSL,No,Yes,No,Yes,No,No,Month-to-month,Yes,Bank transfer (automatic),95.95,2986.32,2,No
4998-AGN,Male,0,Yes,No,5,Yes,No,Fiber optic,Yes,No,No,No,Yes,Yes,Month-to-month,Yes,Electronic check,121.35,596.51,4,Yes
6796-SKW,Male,0,No,No,23,Yes,No,Fiber optic,No,No,No,Yes,No,No,Two year,Yes,Bank transfer (automatic),97.97,2252.87,3,No
2400-BHI,Male,1,Yes,Yes,44,Yes,Yes,No,No internet service,No internet service,No internet service,No internet service,No internet service,No internet service,Two year,No,Credit card (automatic),52.39,2299.44,2,No
3786-BGE,Male,0,No,No,5,Yes,No,Fiber optic,Yes,No,No,No,Yes,Yes,Month-to-month,Yes,Credit card (automatic),116.74,595.2,3,Yes
3739-MUT,Male,0,No,No,7,Yes,No,Fiber optic,No,No,Yes,No,Yes,No,Two year,Yes,Bank transfer (automatic),105.19,746.4,1,No
8422-FTR,Female,1,Yes,No,6,Yes,No,DSL,No,No,Yes,No,No,No,Two year,No,Mailed check,77.84,460.66,3,No
4457-YZF,Female,0,No,Yes,72,Yes,No,Fiber optic,Yes,No,No,No,No,No,Two year,Yes,Electronic check,94.52,6819.19,2,No
9184-CAA,Female,0,No,Yes,7,Yes,No,Fiber optic,No,No,No,No,No,Yes,Two year,No,Credit card (automatic),95.18,675.59,2,No
1818-EMS,Female,0,Yes,No,8,Yes,No,DSL,Yes,No,No,No,No,No,Two year,Yes,Credit card (automatic),72.81,592.2,2,No
8727-YYS,Male,0,Yes,No,2,Yes,No,Fiber optic,Yes,No,No,Yes,Yes,No,Month-to-month,No,Mailed check,114.27,222.62,2,Yes
7475-EBV,Male,0,No,No,72,Yes,No,No,No internet service,No internet service,No internet service,No internet service,No internet service,No internet service,Two year,Yes,Bank transfer (automatic),39.07,2824.64,4,No
5792-OVC,Female,0,Yes,No,8,Yes,No,Fiber optic,Yes,No,No,No,No,Yes,Month-to-month,No,Mailed check,104.02,831.3,1,Yes
3868-TEX,Male,0,Yes,No,33,Yes,No,DSL,No,Yes,No,No,No,No,Month-to-month,No,Bank transfer (automatic),73.74,2429.51,4,Yes
2781-AHX,Male,0,No,Yes,1,Yes,Yes,Fiber optic,No,Yes,No,No,No,No,Month-to-month,No,Electronic check,105.66,97.02,1,Yes
1211-PRT,Female,0,No,Yes,39,Yes,No,Fiber optic,No,No,Yes,No,No,Yes,Month-to-month,Yes,Credit card (automatic),104.37,4084.54,4,Yes
1331-MMJ,Female,0,Yes,Yes,35,Yes,No,No,No internet service,No internet service,No internet service,No internet service,No internet service,No internet service,Month-to-month,Yes,Credit card (automatic),38.14,1348.92,1,No
9742-YNX,Female,1,Yes,Yes,3,Yes,No,No,No internet service,No internet service,No internet service,No internet service,No internet service,No internet service,Month-to-month,Yes,Electronic check,42.31,126.83,2,No
5975-OLI,Female,1,No,Yes,4,Yes,No,DSL,No,No,Yes,No,No,Yes,Month-to-month,Yes,Mailed check,85.6,356.81,1,Yes
6095-RWR,Female,0,No,No,9,No,No phone service,No,No internet service,No internet service,No internet service,No internet service,No internet service,No internet service,One year,Yes,Mailed check,20.01,191.02,2,No
8135-ROD,Female,0,No,Yes,11,Yes,No,Fiber optic,Yes,No,No,No,No,Yes,Month-to-month,Yes,Mailed check,104.49,1137.43,1,Yes
8492-VPI,Female,0,Yes,No,39,Yes,No,Fiber optic,No,No,No,Yes,No,No,One year,No,Mailed check,95.66,3738.06,0,No
4401-XRQ,Female,0,No,Yes,2,Yes,Yes,Fiber optic,Yes,No,No,Yes,Yes,Yes,Month-to-month,Yes,Mailed check,138.96,289.92,5,Yes
5241-GDZ,Male,0,Yes,No,27,Yes,No,Fiber optic,No,No,No,No,Yes,No,Two year,Yes,Mailed check,97.77,2639.36,2,No
5155-WPC,Female,0,No,No,7,Yes,Yes,No,No internet service,No internet service,No internet service,No internet service,No internet service,No internet service,Two year,Yes,Credit card (automatic),49.02,352.26,3,No
7617-RWU,Male,0,Yes,Yes,13,Yes,Yes,Fiber optic,Yes,Yes,Yes,No,Yes,No,Month-to-month,No,Electronic check,135.97,1757.82,2,Yes
9624-AYU,Female,0,No,No,1,Yes,Yes,Fiber optic,Yes,Yes,No,No,No,Yes,Two year,Yes,Electronic check,128.05,140.94,1,No
9592-WYK,Male,1,No,No,9,Yes,Yes,DSL,No,No,Yes,Yes,Yes,No,Month-to-month,No,Mailed check,106.29,966.95,0,No
3233-NTS,Female,0,No,No,5,Yes,No,No,No internet service,No internet service,No internet service,No internet service,No internet service,No internet service,Month-to-month,Yes,Mailed check,41.94,201.72,1,No
8860-GXM,Female,0,Yes,Yes,18,Yes,No,Fiber optic,No,Yes,Yes,No,Yes,No,Month-to-month,No,Bank transfer (automatic),117.75,2107.28,2,Yes
3513-WNA,Female,0,No,No,5,Yes,No,No,No internet service,No internet service,No internet service,No internet service,No internet service,No internet service,One year,Yes,Electronic check,40.48,200.63,1,No
8910-HRI,Female,0,No,Yes,46,Yes,Yes,Fiber optic,Yes,Yes,No,Yes,Yes,Yes,Month-to-month,No,Electronic check,147.62,6793.08,2,No
2951-VQS,Female,0,No,No,54,Yes,No,DSL,No,No,No,No,No,No,One year,Yes,Credit card (automatic),63.62,3430.74,4,No
8799-EBT,Male,0,No,Yes,47,No,No phone service,Fiber optic,No,Yes,No,No,No,No,Month-to-month,Yes,Mailed check,75.91,3561.75,1,No
8875-JJX,Female,1,Yes,No,72,Yes,No,Fiber optic,No,No,Yes,Yes,No,No,Month-to-month,Yes,Electronic check,104.92,7539.47,1,No
6972-KPZ,Female,0,Yes,No,62,Yes,Yes,Fiber optic,Yes,Yes,No,Yes,Yes,Yes,Month-to-month,Yes,Credit card (automatic),149.44,9250.35,2,No
9636-QPG,Female,0,Yes,No,9,Yes,No,Fiber optic,No,No,No,No,No,Yes,Two year,Yes,Credit card (automatic),98.08,872.19,0,No
8906-ZPH,Male,0,Yes,No,10,Yes,No,DSL,No,Yes,No,Yes,No,Yes,Month-to-month,No,Electronic check,96.65,974.1,4,Yes
3850-QUR,Male,0,Yes,No,20,No,No phone service,No,No internet service,No internet service,No internet service,No internet service,No internet service,No internet service,Month-to-month,Yes,Credit card (automatic),18.84,388.94,2,No
9106-DPQ,Male,1,No,No,13,Yes,Yes,DSL,No,No,No,Yes,Yes,No,Month-to-month,Yes,Mailed check,97.44,1255.58,5,Yes
7952-FXT,Male,0,No,No,72,Yes,No,No,No internet service,No internet service,No internet service,No internet service,No internet service,No internet service,Month-to-month,No,Electronic check,40.3,2908.04,3,No
2672-UFC,Male,1,No,No,11,Yes,No,No,No internet service,No internet service,No internet service,No internet service,No internet service,No internet service,Month-to-month,Yes,Mailed check,37.02,399.77,4,Yes
7085-GAW,Male,0,No,No,34,Yes,Yes,Fiber optic,No,No,No,No,No,No,One year,No,Credit card (automatic),95.0,3219.09,1,No
5864-EFM,Female,0,Yes,No,22,Yes,No,DSL,No,Yes,No,No,Yes,No,Month-to-month,Yes,Electronic check,88.62,1946.53,1,Yes
9428-ZYN,Female,0,No,No,72,Yes,No,DSL,No,Yes,No,Yes,No,Yes,Two year,No,Electronic check,97.64,7037.65,1,No
4253-GNZ,Female,1,Yes,Yes,35,Yes,No,DSL,No,Yes,Yes,No,No,No,Month-to-month,No,Mailed check,82.22,2879.09,4,No
8710-XJQ,Male,1,Yes,No,10,Yes,Yes,Fiber optic,Yes,No,No,No,Yes,No,One year,Yes,Bank transfer (automatic),119.58,1185.06,1,Yes
4513-PXM,Female,0,Yes,Yes,6,Yes,No,DSL,Yes,Yes,Yes,No,No,No,Month-to-month,Yes,Electronic check,96.73,569.7,0,Yes
6822-VYT,Female,0,No,Yes,49,Yes,Yes,Fiber optic,No,No,No,Yes,Yes,No,Month-to-month,No,Bank transfer (automatic),115.42,5649.39,1,No
9529-NRE,Male,0,No,No,61,Yes,No,No,No internet service,No internet service,No internet service,No internet service,No internet service,No internet service,Month-to-month,Yes,Bank transfer (automatic),40.15,2454.06,2,No
9328-CHT,Female,0,Yes,Yes,45,Yes,No,Fiber optic,Yes,Yes,No,No,No,No,Month-to-month,No,Credit card (automatic),102.69,4615.03,4,No
6993-VSU,Female,0,Yes,No,34,Yes,No,DSL,No,No,Yes,No,No,No,Month-to-month,No,Electronic check,74.06,2506.21,1,No
3907-CKK,Female,0,No,No,10,Yes,No,No,No internet service,No internet service,No internet service,No internet service,No internet service,No internet service,One year,No,Bank transfer (automatic),37.25,375.55,3,No
4870-QPG,Male,0,No,No,18,Yes,Yes,DSL,No,Yes,No,No,No,No,Month-to-month,Yes,Credit card (automatic),85.4,1551.83,2,Yes
6085-WSL,Male,0,No,No,62,Yes,Yes,Fiber optic,No,Yes,Yes,No,Yes,No,Month-to-month,No,Electronic check,124.48,7724.89,2,No
1938-EEO,Female,0,Yes,No,4,Yes,Yes,DSL,No,No,No,No,No,Yes,One year,No,Mailed check,89.39,358.27,2,No
5636-RKZ,Female,0,No,Yes,18,Yes,No,Fiber optic,No,Yes,No,Yes,Yes,No,Month-to-month,Yes,Mailed check,116.38,2083.96,2,Yes
4435-BTO,Male,1,Yes,No,11,Yes,Yes,Fiber optic,No,No,No,Yes,Yes,Yes,Month-to-month,No,Mailed check,131.17,1455.71,3,Yes
9405-RFW,Male,0,Yes,Yes,29,No,No phone service,DSL,No,No,No,No,No,Yes,Month-to-month,No,Electronic check,56.94,1654.32,0,No
1058-ZSK,Male,0,Yes,No,26,Yes,No,Fiber optic,No,No,No,Yes,No,No,Two year,Yes,Electronic check,93.04,2404.24,8,Yes
3971-XBH,Male,0,No,Yes,21,Yes,No,DSL,No,Yes,No,Yes,No,Yes,Two year,Yes,Credit card (automatic),95.57,1998.13,0,No
4345-WRN,Female,0,Yes,Yes,9,Yes,No,Fiber optic,No,No,No,Yes,No,No,Two year,No,Mailed check,95.32,848.89,3,No
7261-JCI,Male,0,No,Yes,5,Yes,Yes,Fiber optic,No,Yes,No,No,No,No,Month-to-month,Yes,Electronic check,102.68,513.5,5,Yes
4554-KLL,Female,0,Yes,Yes,39,Yes,No,No,No internet service,No internet service,No internet service,No internet service,No internet service,No internet service,Two year,No,Mailed check,38.08,1470.17,2,No
8095-KGY,Male,0,Yes,No,72,Yes,Yes,DSL,Yes,No,No,Yes,No,Yes,Month-to-month,No,Electronic check,109.53,7878.69,3,No
9212-JKO,Female,0,No,No,5,Yes,Yes,DSL,Yes,Yes,No,Yes,Yes,No,Month-to-month,No,Electronic check,115.09,569.49,1,No
6330-PVU,Male,1,Yes,No,2,Yes,Yes,No,No internet service,No internet service,No internet service,No internet service,No internet service,No internet service,Month-to-month,Yes,Credit card (automatic),50.28,88.37,2,Yes
4771-TLR,Male,0,No,Yes,35,Yes,Yes,Fiber optic,Yes,No,No,No,Yes,No,Two year,Yes,Mailed check,116.98,4108.86,5,No
2174-MED,Male,0,No,No,11,Yes,Yes,Fiber optic,No,No,Yes,No,No,Yes,Two year,Yes,Electronic check,114.01,1261.15,2,Yes
9712-YSC,Female,0,No,Yes,6,Yes,Yes,No,No internet service,No internet service,No internet service,No internet service,No internet service,No internet service,Month-to-month,No,Credit card (automatic),50.89,310.63,2,No
8111-SQQ,Female,0,Yes,No,19,No,No phone service,Fiber optic,No,Yes,No,Yes,No,Yes,Two year,No,Electronic check,98.09,1868.15,2,No
8262-BFV,Female,0,No,No,29,Yes,Yes,DSL,No,No,Yes,No,No,No,Month-to-month,Yes,Electronic check,83.13,2423.11,2,Yes
3765-CLD,Female,0,No,No,7,Yes,Yes,No,No internet service,No internet service,No internet service,No internet service,No internet service,No internet service,Two year,Yes,Electronic check,49.79,354.34,1,No
4083-MBB,Male,1,No,No,72,Yes,No,No,No internet service,No internet service,No internet service,No internet service,No internet service,No internet service,Month-to-month,No,Credit card (automatic),42.51,3065.98,3,No
2422-WQG,Male,0,No,No,10,Yes,No,DSL,No,No,Yes,No,No,Yes,One year,Yes,Mailed check,89.96,890.57,1,No
3269-NLQ,Male,0,Yes,No,10,Yes,Yes,Fiber optic,No,No,No,Yes,No,Yes,Month-to-month,No,Electronic check,119.35,1197.5,2,Yes
6463-FRX,Female,0,No,No,14,Yes,Yes,Fiber optic,No,No,Yes,No,No,No,One year,Yes,Mailed check,102.43,1429.62,4,Yes
9420-XXF,Male,0,No,Yes,35,Yes,No,DSL,No,No,No,Yes,No,No,Month-to-month,No,Electronic check,77.73,2734.68,1,No
2313-HOO,Male,0,Yes,No,52,Yes,Yes,Fiber optic,Yes,Yes,Yes,No,No,Yes,One year,Yes,Credit card (automatic),139.58,7264.51,0,No
4285-VXA,Male,0,No,No,10,Yes,No,Fiber optic,No,No,No,No,No,Yes,Month-to-month,Yes,Electronic check,95.94,947.4,1,Yes
3321-LLY,Female,0,No,Yes,4,Yes,No,Fiber optic,No,Yes,No,Yes,Yes,No,Month-to-month,No,Bank transfer (automatic),116.36,455.63,3,Yes
2386-HGW,Female,0,No,No,8,Yes,Yes,DSL,No,No,No,No,Yes,No,Month-to-month,Yes,Credit card (automatic),86.4,689.15,0,No
8637-JCT,Male,0,No,No,3,Yes,No,DSL,No,Yes,No,Yes,No,Yes,Month-to-month,Yes,Electronic check,98.78,281.73,2,Yes
4867-RNR,Female,0,Yes,No,25,Yes,No,DSL,No,No,Yes,No,No,No,Month-to-month,Yes,Electronic check,77.79,1947.28,5,Yes
4803-XHJ,Female,0,Yes,No,34,No,No phone service,Fiber optic,No,No,No,No,No,Yes,Month-to-month,Yes,Mailed check,75.74,2574.36,2,No
3165-MUH,Male,0,Yes,No,15,Yes,Yes,DSL,Yes,Yes,Yes,Yes,Yes,No,One year,Yes,Bank transfer (automatic),129.92,1936.64,1,No
9067-DEA,Male,0,Yes,Yes,72,Yes,No,Fiber optic,No,Yes,Yes,Yes,No,Yes,One year,No,Electronic check,129.94,9357.99,1,No
6424-BHG,Female,0,Yes,No,33,Yes,No,DSL,No,Yes,No,No,Yes,Yes,One year,No,Electronic check,98.95,3270.67,0,No
5782-ZYE,Female,0,No,No,12,Yes,No,DSL,No,No,Yes,No,Yes,Yes,Month-to-month,No,Bank transfer (automatic),100.91,1219.23,6,Yes
4078-HGG,Male,0,No,No,3,Yes,Yes,DSL,No,No,No,No,Yes,No,One year,No,Credit card (automatic),86.5,268.99,0,No
3523-NUR,Male,0,Yes,No,18,Yes,No,Fiber optic,No,No,No,No,No,No,One year,No,Mailed check,86.41,1559.27,4,Yes
5581-DJR,Male,0,Yes,No,18,Yes,No,No,No internet service,No internet service,No internet service,No internet service,No internet service,No internet service,Two year,Yes,Mailed check,40.12,718.58,3,No
2387-PYG,Male,0,No,No,20,Yes,No,DSL,Yes,No,Yes,No,No,Yes,One year,Yes,Credit card (automatic),98.32,1954.11,0,No
2220-CLO,Male,0,Yes,No,29,Yes,Yes,Fiber optic,No,No,Yes,Yes,No,No,Month-to-month,Yes,Mailed check,112.56,3271.32,2,Yes
7035-SPK,Male,0,No,No,8,Yes,Yes,No,No internet service,No internet service,No internet service,No internet service,No internet service,No internet service,Two year,Yes,Electronic check,47.83,375.33,1,No
1834-WGW,Male,0,Yes,No,1,Yes,Yes,Fiber optic,No,Yes,No,No,No,No,One year,Yes,Mailed check,102.97,102.54,1,Yes
2724-GNB,Female,0,Yes,No,42,Yes,Yes,Fiber optic,No,No,No,Yes,No,No,Month-to-month,No,Electronic check,107.45,4521.18,0,No
6993-SZI,Female,1,No,No,44,Yes,No,Fiber optic,Yes,Yes,Yes,No,No,Yes,Month-to-month,Yes,Credit card (automatic),128.05,5635.48,2,No
1209-IPM,Male,0,No,No,61,Yes,Yes,DSL,No,Yes,No,No,No,No,One year,Yes,Electronic check,84.99,5196.64,4,No
1233-YTN,Female,1,Yes,No,72,Yes,Yes,No,No internet service,No internet service,No internet service,No internet service,No internet service,No internet service,Month-to-month,Yes,Credit card (automatic),47.47,3432.66,5,No
4110-WOP,Female,0,No,No,5,Yes,No,No,No internet service,No internet service,No internet service,No internet service,No internet service,No internet service,Two year,No,Credit card (automatic),40.32,190.28,3,No
6193-DSS,Male,0,Yes,No,11,Yes,No,DSL,No,Yes,No,No,No,Yes,Month-to-month,Yes,Credit card (automatic),85.05,940.01,2,No
9475-UON,Male,0,Yes,No,48,Yes,Yes,Fiber optic,No,No,Yes,No,Yes,Yes,Month-to-month,No,Electronic check,127.45,6104.61,2,Yes
6024-PJS,Male,0,No,Yes,68,No,No phone service,DSL,No,No,Yes,No,Yes,No,Month-to-month,Yes,Mailed check,69.81,4734.89,1,No
6917-VCE,Female,0,No,No,1,Yes,Yes,Fiber optic,No,Yes,No,Yes,Yes,Yes,Month-to-month,Yes,Mailed check,140.36,137.99,2,Yes
9296-RKP,Male,0,Yes,No,13,Yes,Yes,DSL,No,Yes,No,No,Yes,Yes,Month-to-month,No,Electronic check,106.64,1389.11,3,Yes
4845-KHL,Male,0,No,Yes,4,Yes,No,DSL,No,No,No,Yes,No,Yes,One year,No,Mailed check,88.73,369.02,4,Yes
1378-BIO,Female,0,Yes,No,39,Yes,Yes,Fiber optic,No,Yes,No,No,No,Yes,Two year,Yes,Electronic check,117.69,4597.47,1,No
8937-AJB,Male,0,No,No,35,Yes,Yes,No,No internet service,No internet service,No internet service,No internet service,No internet service,No internet service,One year,Yes,Electronic check,48.84,1705.49,1,No
1235-WHE,Female,0,No,No,36,No,No phone service,DSL,No,No,Yes,No,Yes,Yes,Month-to-month,Yes,Mailed check,78.51,2818.14,1,No
2888-OFL,Female,1,Yes,No,13,Yes,No,No,No internet service,No internet service,No internet service,No internet service,No internet service,No internet service,Month-to-month,Yes,Credit card (automatic),38.86,506.09,2,No
6246-HMS,Male,0,Yes,No,14,Yes,Yes,DSL,No,No,Yes,No,No,Yes,Month-to-month,No,Mailed check,97.72,1377.8,1,No
4551-AKT,Male,0,No,Yes,8,Yes,Yes,Fiber optic,No,Yes,Yes,No,Yes,No,Month-to-month,Yes,Electronic check,126.38,996.78,1,Yes
9701-HEQ,Male,1,No,No,12,Yes,No,No,No internet service,No internet service,No internet service,No internet service,No internet service,No internet service,One year,Yes,Mailed check,39.24,464.4,0,No
8777-IXW,Female,0,No,No,72,Yes,Yes,DSL,No,No,No,Yes,Yes,No,Month-to-month,No,Electronic check,99.31,7141.6,0,No
2777-GOU,Male,0,No,No,2,Yes,Yes,DSL,Yes,No,No,No,Yes,Yes,Month-to-month,No,Credit card (automatic),106.64,216.93,1,Yes
2777-YCW,Female,0,Yes,Yes,10,Yes,No,Fiber optic,No,Yes,No,No,No,Yes,Month-to-month,Yes,Credit card (automatic),107.01,1069.14,3,Yes
3989-XBN,Male,0,No,Yes,40,Yes,No,Fiber optic,No,No,Yes,Yes,No,No,Month-to-month,Yes,Electronic check,103.99,4161.03,1,No
6127-GKC,Male,1,No,Yes,13,Yes,No,No,No internet service,No internet service,No internet service,No internet service,No internet service,No internet service,Month-to-month,Yes,Electronic check,37.11,479.75,5,Yes
5656-NFH,Male,0,Yes,Yes,72,Yes,Yes,Fiber optic,No,No,No,No,No,No,One year,No,Electronic check,93.43,6725.23,3,No
3869-EHB,Male,0,No,No,11,Yes,Yes,Fiber optic,No,No,No,Yes,No,Yes,Month-to-month,Yes,Credit card (automatic),116.93,1287.4,5,Yes
8246-LQA,Female,0,Yes,Yes,48,Yes,Yes,Fiber optic,No,No,Yes,No,Yes,No,One year,No,Electronic check,117.84,5659.87,2,No
4758-NTV,Male,0,Yes,No,43,Yes,No,Fiber optic,No,Yes,No,No,Yes,No,Month-to-month,Yes,Electronic check,108.86,4681.54,2,Yes
2824-QMU,Male,0,No,No,1,Yes,No,Fiber optic,No,Yes,No,No,No,Yes,One year,Yes,Bank transfer (automatic),109.01,115.09,1,No
2721-UEJ,Male,0,No,Yes,13,Yes,Yes,Fiber optic,Yes,Yes,No,No,Yes,No,One year,No,Electronic check,128.12,1652.37,2,Yes
4845-XSY,Male,0,No,No,9,Yes,No,Fiber optic,No,No,Yes,No,No,Yes,Two year,No,Credit card (automatic),107.0,962.32,1,No
1064-TYO,Female,0,Yes,Yes,17,No,No phone service,No,No internet service,No internet service,No internet service,No internet service,No internet service,No internet service,Two year,No,Credit card (automatic),19.82,336.24,0,No
1968-QIC,Female,0,Yes,Yes,16,Yes,No,DSL,No,Yes,Yes,No,Yes,No,One year,Yes,Electronic check,99.28,1576.08,2,No
6002-LJY,Male,1,Yes,No,59,Yes,Yes,Fiber optic,No,Yes,No,No,No,No,One year,Yes,Mailed check,107.38,6337.18,1,No
9880-QYK,Female,0,Yes,Yes,6,Yes,No,DSL,No,No,No,No,No,No,One year,Yes,Credit card (automatic),63.05,389.75,3,No
2469-VDG,Male,0,No,No,6,Yes,No,Fiber optic,Yes,Yes,No,No,No,No,Month-to-month,No,Electronic check,104.65,635.71,1,Yes
1823-HAX,Female,0,Yes,Yes,3,Yes,No,Fiber optic,Yes,No,No,No,Yes,Yes,One year,Yes,Mailed check,120.8,354.3,0,No
5213-DLX,Male,1,No,No,34,Yes,No,Fiber optic,No,No,Yes,No,Yes,No,Two year,Yes,Mailed check,107.88,3655.0,4,No
3892-TFK,Female,0,No,No,63,No,No phone service,No,No internet service,No internet service,No internet service,No internet service,No internet service,No internet service,One year,Yes,Credit card (automatic),19.08,1214.28,0,No
3902-DTP,Female,0,No,Yes,12,Yes,No,No,No internet service,No internet service,No internet service,No internet service,No internet service,No internet service,Month-to-month,Yes,Mailed check,39.56,487.72,1,No
4718-VKX,Female,0,No,No,2,Yes,No,DSL,No,Yes,No,No,Yes,No,One year,Yes,Electronic check,89.77,169.02,4,Yes
4641-GLG,Female,0,No,Yes,5,Yes,No,DSL,No,Yes,Yes,Yes,No,Yes,Month-to-month,Yes,Electronic check,108.64,552.41,4,Yes
6114-WGJ,Female,0,No,Yes,3,Yes,No,DSL,No,No,No,No,No,Yes,Month-to-month,Yes,Electronic check,77.66,219.22,2,Yes
5335-ZHI,Male,0,Yes,No,23,Yes,Yes,Fiber optic,Yes,No,No,Yes,No,No,Month-to-month,No,Credit card (automatic),117.91,2712.53,1,No
6494-DYX,Female,0,No,No,9,Yes,No,No,No internet service,No internet service,No internet service,No internet service,No internet service,No internet service,Month-to-month,Yes,Bank transfer (automatic),41.69,377.71,2,Yes
8595-QBM,Male,0,No,Yes,57,Yes,No,DSL,Yes,Yes,No,No,No,No,One year,Yes,Mailed check,83.3,4751.36,2,No
9817-OHO,Male,0,Yes,No,5,Yes,Yes,Fiber optic,No,Yes,Yes,Yes,No,No,Month-to-month,No,Credit card (automatic),123.48,629.92,0,Yes
2568-TJL,Male,0,No,No,67,Yes,Yes,Fiber optic,No,No,No,No,Yes,No,Two year,Yes,Bank transfer (automatic),108.62,7286.84,5,No
2736-WHP,Male,1,No,No,11,Yes,Yes,Fiber optic,No,Yes,No,No,No,Yes,Month-to-month,Yes,Electronic check,114.42,1255.61,1,Yes
8002-YMW,Male,0,No,No,51,Yes,Yes,Fiber optic,No,Yes,No,Yes,No,No,One year,Yes,Bank transfer (automatic),117.89,6012.59,3,No
2054-EPZ,Male,0,Yes,No,72,No,No phone service,No,No internet service,No internet service,No internet service,No internet service,No internet service,No internet service,Month-to-month,No,Electronic check,21.2,1529.85,2,No
5458-VEM,Male,0,No,No,72,Yes,No,DSL,No,No,Yes,No,No,No,Month-to-month,Yes,Bank transfer (automatic),72.9,5260.41,2,No
1667-KYS,Male,1,Yes,No,41,Yes,No,Fiber optic,Yes,No,Yes,Yes,No,No,Month-to-month,Yes,Mailed check,117.73,4815.48,3,No
9290-OGG,Male,0,Yes,No,3,Yes,No,Fiber optic,No,No,Yes,No,No,No,Month-to-month,Yes,Bank transfer (automatic),97.67,283.85,3,Yes
9613-CMG,Male,1,No,No,2,Yes,No,No,No internet service,No internet service,No internet service,No internet service,No internet service,No internet service,One year,Yes,Mailed check,37.11,63.16,1,No
4620-WRV,Male,0,No,No,34,No,No phone service,DSL,Yes,No,No,Yes,Yes,No,One year,Yes,Credit card (automatic),76.06,2576.28,3,No
1391-QTA,Female,0,No,Yes,57,Yes,No,No,No internet service,No internet service,No internet service,No internet service,No internet service,No internet service,Two year,No,Mailed check,37.57,2147.66,2,No
3384-JLP,Male,0,No,No,5,No,No phone service,DSL,Yes,Yes,No,Yes,Yes,No,Month-to-month,No,Electronic check,84.84,421.07,0,No
6501-PHW,Male,0,No,No,71,Yes,No,Fiber optic,No,Yes,Yes,No,No,Yes,Two year,Yes,Electronic check,118.51,8419.67,3,No
2531-JQR,Male,0,No,No,24,Yes,No,DSL,Yes,No,Yes,No,No,No,Month-to-month,Yes,Mailed check,83.27,1995.14,0,No
7163-PQP,Female,1,Yes,No,4,Yes,No,DSL,No,No,No,No,Yes,Yes,Month-to-month,No,Electronic check,87.52,358.03,2,Yes
3423-XHF,Female,0,Yes,No,5,No,No phone service,Fiber optic,No,No,No,No,No,Yes,Month-to-month,Yes,Bank transfer (automatic),74.42,377.7,4,Yes
3908-IDZ,Male,0,No,Yes,2,Yes,Yes,Fiber optic,No,No,No,No,No,No,Month-to-month,Yes,Electronic check,95.38,178.72,2,Yes
4883-LWQ,Female,0,Yes,No,4,Yes,Yes,Fiber optic,No,No,No,No,Yes,No,Month-to-month,Yes,Mailed check,106.59,419.65,1,Yes
7222-IGJ,Female,1,Yes,Yes,33,Yes,Yes,No,No internet service,No internet service,No internet service,No internet service,No internet service,No internet service,Month-to-month,No,Bank transfer (automatic),52.04,1715.48,0,No
3735-LYG,Male,0,No,No,7,Yes,Yes,DSL,No,No,No,No,No,No,One year,No,Mailed check,77.57,546.46,0,No
9593-OFZ,Male,0,No,No,21,Yes,Yes,Fiber optic,Yes,Yes,Yes,Yes,Yes,No,Month-to-month,Yes,Electronic check,144.8,3043.01,4,Yes
9427-KTC,Female,0,Yes,Yes,32,Yes,No,DSL,No,No,No,No,Yes,No,Month-to-month,Yes,Electronic check,78.72,2516.77,2,No
1225-FXV,Female,0,No,Yes,57,Yes,No,Fiber optic,Yes,No,Yes,No,No,Yes,Month-to-month,Yes,Credit card (automatic),114.19,6498.15,5,No
2341-ERP,Male,0,Yes,Yes,23,Yes,No,DSL,No,Yes,No,No,Yes,Yes,Two year,No,Bank transfer (automatic),100.49,2310.01,1,No
4928-ZTV,Male,0,Yes,No,22,Yes,No,DSL,No,Yes,Yes,Yes,Yes,Yes,Month-to-month,Yes,Credit card (automatic),117.73,2604.42,1,No
7558-KJX,Male,1,Yes,Yes,61,Yes,No,Fiber optic,Yes,Yes,No,No,Yes,No,One year,No,Electronic check,118.43,7220.62,0,No
9795-FTE,Male,0,Yes,Yes,9,Yes,Yes,DSL,No,Yes,Yes,No,No,No,Month-to-month,No,Credit card (automatic),97.14,886.42,3,Yes
3838-IZP,Male,0,No,No,6,Yes,No,Fiber optic,No,Yes,No,Yes,Yes,Yes,One year,Yes,Mailed check,130.6,782.5,1,No
8605-NVH,Male,0,Yes,No,52,Yes,No,No,No internet service,No internet service,No internet service,No internet service,No internet service,No internet service,Month-to-month,Yes,Electronic check,38.21,1972.63,2,No
3835-SNG,Female,0,No,No,2,Yes,No,DSL,No,No,No,No,No,No,Two year,No,Mailed check,63.81,136.76,2,No
7833-BKV,Male,0,No,No,6,Yes,Yes,No,No internet service,No internet service,No internet service,No internet service,No internet service,No internet service,Two year,No,Electronic check,49.21,293.71,4,No
2963-BRG,Male,0,Yes,Yes,14,Yes,No,DSL,No,Yes,Yes,No,Yes,No,Month-to-month,Yes,Electronic check,95.66,1352.02,2,Yes
1889-QVW,Female,0,Yes,Yes,12,Yes,Yes,No,No internet service,No internet service,No internet service,No internet service,No internet service,No internet service,One year,Yes,Electronic check,49.72,602.08,3,No
7967-GVY,Male,1,Yes,No,31,No,No phone service,Fiber optic,No,Yes,No,Yes,No,Yes,Month-to-month,No,Electronic check,97.24,3027.5,4,Yes
9101-TBQ,Male,0,No,No,3,Yes,No,No,No internet service,No internet service,No internet service,No internet service,No internet service,No internet service,One year,No,Electronic check,37.81,124.1,6,Yes
2067-LQJ,Female,0,Yes,No,17,Yes,No,Fiber optic,Yes,No,No,No,No,No,Month-to-month,Yes,Electronic check,92.11,1555.33,0,No
5607-RML,Female,0,No,No,42,Yes,No,Fiber optic,No,No,No,No,Yes,Yes,Month-to-month,No,Bank transfer (automatic),108.39,4561.8,2,No
5538-QDW,Male,1,Yes,No,29,Yes,No,Fiber optic,Yes,Yes,No,Yes,Yes,Yes,Month-to-month,Yes,Bank transfer (automatic),141.36,4104.41,2,No
6791-JKF,Female,0,No,Yes,25,Yes,Yes,Fiber optic,No,No,No,No,No,Yes,Month-to-month,No,Electronic check,108.92,2715.14,2,Yes
1837-IOB,Male,0,No,No,7,Yes,Yes,DSL,No,No,No,Yes,Yes,No,One year,Yes,Electronic check,99.47,705.22,0,No
1356-QHH,Male,1,No,No,13,Yes,No,Fiber optic,No,No,No,No,No,No,One year,No,Bank transfer (automatic),85.51,1106.8,3,Yes
5647-SCR,Female,0,No,No,5,Yes,Yes,DSL,Yes,No,Yes,Yes,No,No,Month-to-month,Yes,Electronic check,106.34,517.94,3,Yes
7642-SOF,Male,0,No,No,18,Yes,No,No,No internet service,No internet service,No internet service,No internet service,No internet service,No internet service,Month-to-month,Yes,Electronic check,40.91,724.6,4,Yes
5879-HPR,Male,0,No,Yes,22,Yes,No,No,No internet service,No internet service,No internet service,No internet service,No internet service,No internet service,Month-to-month,No,Electronic check,39.88,871.35,0,No
3739-PKG,Male,0,No,No,25,Yes,No,DSL,No,No,No,No,No,No,One year,Yes,Bank transfer (automatic),63.41,1580.38,1,No
5784-QLM,Male,0,No,No,53,Yes,No,DSL,Yes,Yes,Yes,No,No,No,One year,Yes,Credit card (automatic),92.55,4909.15,6,No
1877-WAQ,Female,1,No,No,2,Yes,No,Fiber optic,No,No,No,Yes,Yes,Yes,Month-to-month,Yes,Mailed check,120.57,243.77,2,Yes
1292-TXW,Female,1,Yes,No,13,Yes,Yes,DSL,No,No,No,No,No,Yes,Month-to-month,No,Mailed check,89.19,1171.01,0,No
9728-GJQ,Male,0,Yes,No,23,Yes,Yes,DSL,No,Yes,No,No,Yes,No,One year,Yes,Mailed check,95.77,2199.86,2,No
3374-AGZ,Male,0,Yes,No,22,Yes,Yes,Fiber optic,Yes,Yes,Yes,No,Yes,Yes,One year,Yes,Mailed check,150.56,3314.68,3,No
4863-KIL,Male,0,No,No,1,Yes,Yes,DSL,No,No,No,No,No,No,Month-to-month,No,Credit card (automatic),77.17,85.04,3,Yes
9226-DDY,Male,0,Yes,No,6,Yes,Yes,Fiber optic,No,No,No,No,No,Yes,Two year,No,Bank transfer (automatic),109.65,669.93,4,Yes
2558-SJE,Male,0,No,No,47,No,No phone service,DSL,No,No,No,Yes,Yes,No,One year,Yes,Electronic check,65.01,3048.89,2,No
5439-PAL,Female,0,Yes,No,19,Yes,No,No,No internet service,No internet service,No internet service,No internet service,No internet service,No internet service,One year,No,Credit card (automatic),38.73,749.61,1,No
6409-GKM,Female,0,Yes,No,14,Yes,No,DSL,Yes,No,Yes,No,No,No,One year,Yes,Electronic check,84.54,1190.5,3,No
8710-BGO,Female,0,Yes,No,58,Yes,No,Fiber optic,No,Yes,Yes,No,No,No,Two year,No,Electronic check,102.66,5956.88,0,No
4384-KBG,Male,1,Yes,No,2,No,No phone service,Fiber optic,No,No,Yes,No,Yes,Yes,Month-to-month,No,Mailed check,97.27,194.55,2,Yes
1028-BPG,Male,0,No,Yes,64,Yes,Yes,DSL,No,Yes,No,No,Yes,Yes,Month-to-month,Yes,Mailed check,106.3,6812.45,4,No
8756-EQU,Male,0,Yes,Yes,1,Yes,No,DSL,No,No,Yes,Yes,Yes,No,Month-to-month,Yes,Electronic check,98.36,95.42,3,Yes
6755-SGF,Female,1,Yes,No,21,No,No phone service,DSL,No,No,No,No,Yes,No,Month-to-month,No,Electronic check,57.38,1191.53,1,No
9071-MEB,Male,1,No,No,21,Yes,Yes,DSL,No,No,No,No,No,No,Month-to-month,Yes,Credit card (automatic),75.56,1580.96,1,No
4581-KXF,Female,0,Yes,No,26,Yes,No,DSL,No,Yes,Yes,No,Yes,Yes,Month-to-month,Yes,Electronic check,110.59,2869.33,1,Yes
1572-ZGY,Male,0,Yes,No,1,No,No phone service,Fiber optic,Yes,No,No,No,No,No,Month-to-month,Yes,Credit card (automatic),72.5,67.91,2,Yes
1614-SFK,Male,0,No,Yes,19,Yes,No,Fiber optic,No,No,Yes,Yes,No,No,Month-to-month,Yes,Bank transfer (automatic),102.65,1940.8,2,Yes
4740-KGB,Male,0,Yes,Yes,4,Yes,No,DSL,No,No,Yes,No,No,Yes,Month-to-month,Yes,Electronic check,84.15,321.79,1,Yes
6906-DZF,Male,0,Yes,No,5,Yes,No,DSL,Yes,No,Yes,No,No,Yes,Two year,No,Mailed check,94.87,475.67,4,No
4696-YEG,Female,1,Yes,No,7,Yes,No,Fiber optic,No,No,No,No,Yes,Yes,Two year,Yes,Electronic check,108.66,769.51,4,Yes
4808-ASF,Male,1,No,No,24,Yes,Yes,Fiber optic,No,Yes,Yes,Yes,No,No,One year,Yes,Electronic check,123.17,2955.1,2,No
3577-JKA,Male,0,Yes,No,13,Yes,Yes,DSL,No,Yes,No,No,No,No,Month-to-month,Yes,Bank transfer (automatic),86.53,1113.78,2,Yes
7592-MET,Female,0,Yes,Yes,3,Yes,No,DSL,No,No,Yes,No,No,Yes,Month-to-month,No,Electronic check,87.28,246.98,2,Yes
9128-TCR,Female,0,Yes,No,9,Yes,Yes,DSL,Yes,Yes,No,No,Yes,No,Two year,Yes,Credit card (automatic),109.33,970.57,1,No
9168-NQW,Female,0,Yes,No,2,Yes,No,No,No internet service,No internet service,No internet service,No internet service,No internet service,No internet service,Month-to-month,No,Mailed check,40.32,92.44,3,Yes
1604-DEZ,Male,0,Yes,No,28,Yes,No,DSL,No,No,No,No,Yes,No,One year,Yes,Electronic check,78.82,2213.41,2,No
5916-QVY,Male,1,Yes,No,21,No,No phone service,DSL,No,No,Yes,No,No,Yes,Month-to-month,Yes,Electronic check,69.25,1444.02,1,No
9705-WVE,Male,0,No,No,14,Yes,No,Fiber optic,No,Yes,No,Yes,Yes,No,Two year,No,Bank transfer (automatic),118.32,1650.48,5,No
2699-FTU,Male,0,Yes,Yes,66,Yes,Yes,No,No internet service,No internet service,No internet service,No internet service,No internet service,No internet service,One year,Yes,Credit card (automatic),51.21,3383.74,0,No
1716-VEW,Female,0,No,No,19,Yes,Yes,Fiber optic,No,No,No,No,Yes,No,Month-to-month,No,Mailed check,105.39,1994.11,3,Yes
1665-WGT,Female,0,No,Yes,55,Yes,No,DSL,No,No,Yes,No,No,No,One year,Yes,Mailed check,74.78,4102.87,2,No
2079-DQU,Female,1,No,Yes,22,Yes,No,DSL,No,No,Yes,No,Yes,No,Month-to-month,No,Electronic check,85.04,1868.59,2,Yes
2069-PNP,Female,0,No,Yes,12,Yes,Yes,No,No internet service,No internet service,No internet service,No internet service,No internet service,No internet service,Month-to-month,No,Bank transfer (automatic),47.93,589.77,1,No
2363-HXC,Female,0,No,No,20,Yes,No,No,No internet service,No internet service,No internet service,No internet service,No internet service,No internet service,Two year,Yes,Mailed check,38.27,760.44,4,No
8233-OVJ,Male,1,No,No,5,Yes,No,No,No internet service,No internet service,No internet service,No internet service,No internet service,No internet service,Two year,Yes,Bank transfer (automatic),38.57,189.57,4,No
6781-NQM,Male,0,Yes,No,29,Yes,Yes,Fiber optic,No,Yes,Yes,No,No,No,Month-to-month,No,Electronic check,116.62,3370.02,1,Yes
9780-YNX,Male,0,Yes,No,72,Yes,Yes,Fiber optic,No,Yes,Yes,No,Yes,No,Month-to-month,No,Electronic check,129.58,9329.36,3,No
9002-OSQ,Female,0,Yes,Yes,8,Yes,No,DSL,No,Yes,No,No,Yes,Yes,Two year,Yes,Credit card (automatic),96.5,779.76,3,No
5798-NLL,Female,0,Yes,No,10,Yes,No,Fiber optic,No,Yes,No,No,Yes,No,Two year,Yes,Credit card (automatic),106.82,1067.04,2,No
3986-QHQ,Male,0,No,No,14,Yes,No,Fiber optic,No,No,No,No,No,No,One year,No,Credit card (automatic),87.29,1235.22,3,No
4412-YWT,Male,0,No,No,17,Yes,No,Fiber optic,No,Yes,No,Yes,Yes,Yes,Month-to-month,Yes,Mailed check,128.42,2189.58,0,Yes
5543-KYY,Male,0,Yes,Yes,32,Yes,Yes,DSL,No,No,No,No,No,Yes,Month-to-month,Yes,Electronic check,89.34,2858.3,1,No
5833-JJK,Male,0,No,Yes,4,Yes,Yes,No,No internet service,No internet service,No internet service,No internet service,No internet service,No internet service,Month-to-month,No,Credit card (automatic),49.64,195.04,2,Yes
5987-FDX,Male,1,Yes,No,10,Yes,Yes,Fiber optic,No,No,No,No,No,Yes,Two year,Yes,Credit card (automatic),107.96,1085.22,2,No
3934-WZY,Male,0,No,Yes,20,Yes,No,No,No internet service,No internet service,No internet service,No internet service,No internet service,No internet service,One year,No,Credit card (automatic),41.9,824.63,2,No
9940-EFA,Female,1,No,Yes,23,Yes,Yes,Fiber optic,No,Yes,Yes,Yes,No,Yes,Two year,Yes,Mailed check,138.87,3207.44,0,No
9625-VIX,Male,0,Yes,No,20,Yes,Yes,DSL,No,No,Yes,Yes,Yes,No,Two year,Yes,Bank transfer (automatic),106.98,2142.77,3,No
8292-OZH,Female,0,No,Yes,15,No,No phone service,Fiber optic,No,No,No,No,No,No,One year,Yes,Electronic check,62.68,946.44,1,No
3098-XPF,Male,0,No,Yes,32,Yes,No,No,No internet service,No internet service,No internet service,No internet service,No internet service,No internet service,Month-to-month,Yes,Credit card (automatic),40.16,1298.41,2,No
9444-FVC,Female,0,No,No,6,Yes,Yes,DSL,No,No,No,No,Yes,Yes,Month-to-month,Yes,Bank transfer (automatic),98.52,599.08,3,Yes
4264-NDZ,Female,0,Yes,No,9,Yes,Yes,Fiber optic,No,Yes,No,No,No,Yes,One year,Yes,Bank transfer (automatic),117.81,1046.05,2,No
3763-FKL,Female,0,No,No,15,Yes,Yes,No,No internet service,No internet service,No internet service,No internet service,No internet service,No internet service,Month-to-month,No,Bank transfer (automatic),49.4,738.69,1,No
4241-RGG,Male,1,No,No,30,Yes,No,DSL,Yes,No,Yes,Yes,No,Yes,Month-to-month,Yes,Bank transfer (automatic),109.96,3287.67,1,No
6411-TAM,Male,1,No,Yes,3,Yes,No,DSL,No,No,No,No,Yes,Yes,Month-to-month,Yes,Electronic check,88.28,259.78,6,Yes
5409-XXI,Male,0,Yes,No,4,Yes,No,Fiber optic,No,No,Yes,No,No,No,Month-to-month,Yes,Bank transfer (automatic),92.2,381.8,1,Yes
6406-WIJ,Male,0,Yes,Yes,39,Yes,No,Fiber optic,No,No,No,No,Yes,No,Month-to-month,Yes,Mailed check,98.89,3851.29,2,No
7843-BFO,Female,0,No,Yes,8,Yes,No,Fiber optic,No,No,No,No,No,No,Two year,No,Electronic check,87.83,692.22,1,No
2079-KOM,Male,0,Yes,Yes,72,Yes,Yes,Fiber optic,No,Yes,No,No,No,No,Month-to-month,Yes,Electronic check,105.01,7574.38,1,No
9795-JFO,Male,1,Yes,Yes,72,Yes,No,No,No internet service,No internet service,No internet service,No internet service,No internet service,No internet service,Month-to-month,Yes,Credit card (automatic),38.55,2767.3,2,No
7214-ORR,Male,0,Yes,No,29,Yes,No,DSL,No,No,Yes,Yes,Yes,Yes,Two year,No,Bank transfer (automatic),106.67,3095.23,3,No
9791-BHT,Female,0,Yes,Yes,32,Yes,Yes,DSL,No,No,No,No,No,No,Month-to-month,Yes,Electronic check,77.69,2476.6,1,No
8833-GFJ,Female,0,Yes,Yes,27,Yes,No,DSL,No,No,No,No,No,No,One year,No,Electronic check,63.89,1732.44,0,No
5864-SBU,Male,0,Yes,No,5,Yes,No,Fiber optic,No,No,No,No,No,Yes,Month-to-month,No,Mailed check,95.37,472.15,3,Yes
8740-WUX,Male,0,Yes,Yes,18,Yes,No,DSL,No,Yes,Yes,No,No,No,Month-to-month,Yes,Bank transfer (automatic),87.42,1575.62,1,No
1789-TRA,Male,0,No,Yes,40,Yes,Yes,DSL,Yes,Yes,No,No,Yes,No,One year,No,Electronic check,107.0,4283.56,2,No
2309-AXN,Male,0,No,No,38,Yes,Yes,No,No internet service,No internet service,No internet service,No internet service,No internet service,No internet service,Month-to-month,Yes,Mailed check,51.34,1942.85,2,No
4363-EKX,Female,0,Yes,No,58,Yes,No,DSL,No,No,No,No,No,No,Month-to-month,Yes,Electronic check,62.65,3634.28,2,No
4003-WMP,Male,0,No,Yes,58,Yes,No,Fiber optic,No,No,Yes,Yes,Yes,Yes,Month-to-month,Yes,Credit card (automatic),127.63,7409.4,1,No
8959-MXV,Male,0,Yes,Yes,8,Yes,No,Fiber optic,Yes,No,No,No,Yes,Yes,Two year,No,Bank transfer (automatic),116.16,932.8,3,No
8705-BPF,Female,1,Yes,No,32,Yes,Yes,DSL,No,Yes,No,No,No,No,One year,Yes,Mailed check,85.74,2740.84,1,No
1946-CKE,Male,1,Yes,No,27,Yes,Yes,DSL,No,No,No,Yes,No,No,Two year,No,Electronic check,87.36,2347.71,2,No
5944-ZVG,Male,1,No,Yes,55,Yes,No,No,No internet service,No internet service,No internet service,No internet service,No internet service,No internet service,Two year,Yes,Mailed check,42.38,2344.37,3,No
2308-KCT,Male,1,No,Yes,6,Yes,Yes,No,No internet service,No internet service,No internet service,No internet service,No internet service,No internet service,Month-to-month,Yes,Credit card (automatic),52.32,325.81,3,Yes
4258-JNL,Female,0,Yes,Yes,34,Yes,No,No,No internet service,No internet service,No internet service,No internet service,No internet service,No internet service,Month-to-month,No,Electronic check,39.29,1342.29,1,No
7574-JJZ,Female,0,No,Yes,14,No,No phone service,Fiber optic,Yes,Yes,Yes,No,No,No,One year,Yes,Credit card (automatic),94.22,1326.99,4,Yes
5480-XZJ,Male,0,No,Yes,13,Yes,Yes,Fiber optic,Yes,Yes,No,Yes,Yes,No,Two year,No,Electronic check,139.97,1831.06,1,No
4201-QXG,Male,1,Yes,No,1,Yes,Yes,No,No internet service,No internet service,No internet service,No internet service,No internet service,No internet service,Month-to-month,No,Electronic check,51.4,56.31,0,Yes
1966-TIV,Female,0,No,Yes,72,Yes,Yes,Fiber optic,No,No,No,No,Yes,No,Month-to-month,Yes,Electronic check,104.8,7550.9,3,No
1109-QAI,Female,0,Yes,No,29,Yes,Yes,No,No internet service,No internet service,No internet service,No internet service,No internet service,No internet service,Two year,Yes,Electronic check,47.71,1374.73,4,No
6684-SDH,Female,1,No,No,23,No,No phone service,DSL,No,No,No,No,Yes,Yes,Month-to-month,No,Credit card (automatic),70.19,1620.11,1,No
1556-DII,Male,0,No,Yes,8,Yes,Yes,Fiber optic,No,Yes,No,No,Yes,No,Two year,Yes,Electronic check,119.65,967.16,3,Yes
3047-VRL,Female,0,No,No,27,Yes,No,Fiber optic,Yes,No,No,No,Yes,No,One year,No,Credit card (automatic),108.96,2954.82,0,No
1873-KGI,Female,0,No,No,72,Yes,No,No,No internet service,No internet service,No internet service,No internet service,No internet service,No internet service,Two year,Yes,Electronic check,40.54,2922.2,1,No
9837-SPO,Female,0,No,Yes,5,Yes,Yes,No,No internet service,No internet service,No internet service,No internet service,No internet service,No internet service,Month-to-month,Yes,Electronic check,47.93,247.92,2,Yes
3511-EPA,Male,0,Yes,Yes,72,Yes,Yes,DSL,Yes,No,No,Yes,Yes,No,Month-to-month,No,Mailed check,104.61,7528.01,0,No
1370-EGS,Female,0,Yes,No,14,Yes,Yes,DSL,No,Yes,No,Yes,Yes,No,One year,Yes,Electronic check,109.41,1538.38,2,No
4196-QZV,Male,0,No,Yes,72,Yes,No,Fiber optic,No,No,No,Yes,No,No,Month-to-month,Yes,Bank transfer (automatic),97.21,7008.01,0,No
9572-ABO,Male,0,Yes,No,26,Yes,Yes,Fiber optic,No,No,No,No,No,No,Two year,Yes,Electronic check,93.09,2415.67,0,No
7843-RKY,Male,0,Yes,Yes,10,Yes,Yes,Fiber optic,Yes,No,Yes,No,No,Yes,Month-to-month,No,Mailed check,129.16,1279.73,2,Yes
2667-EDM,Male,0,Yes,No,12,Yes,No,DSL,No,No,No,No,Yes,No,One year,No,Electronic check,78.2,932.17,2,No
2996-RXB,Female,1,Yes,Yes,9,No,No phone service,No,No internet service,No internet service,No internet service,No internet service,No internet service,No internet service,Month-to-month,Yes,Credit card (automatic),22.5,211.25,1,No
4247-AZS,Male,0,Yes,No,11,Yes,No,Fiber optic,No,No,No,No,No,Yes,Month-to-month,Yes,Electronic check,98.06,1091.29,2,Yes
2224-CYG,Male,1,No,Yes,26,Yes,Yes,No,No internet service,No internet service,No internet service,No internet service,No internet service,No internet service,Month-to-month,Yes,Mailed check,52.19,1350.74,1,No
8804-JAJ,Male,0,Yes,No,1,Yes,Yes,No,No internet service,No internet service,No internet service,No internet service,No internet service,No internet service,Two year,Yes,Electronic check,51.92,65.12,4,Yes
3440-OOC,Female,0,No,No,72,Yes,No,No,No internet service,No internet service,No internet service,No internet service,No internet service,No internet service,Two year,No,Electronic check,38.35,2760.89,1,No
1440-EIZ,Female,0,Yes,No,37,Yes,No,Fiber optic,Yes,Yes,No,No,No,No,Month-to-month,Yes,Electronic check,102.92,3822.83,3,Yes
3367-IWG,Female,0,No,No,71,Yes,No,Fiber optic,No,No,No,No,No,No,Month-to-month,No,Credit card (automatic),84.72,6017.98,4,No
5663-WLY,Female,0,Yes,No,32,Yes,Yes,No,No internet service,No internet service,No internet service,No internet service,No internet service,No internet service,One year,Yes,Bank transfer (automatic),48.28,1534.69,1,No
4034-IFW,Male,0,No,No,17,Yes,Yes,Fiber optic,No,Yes,No,Yes,No,No,Month-to-month,Yes,Electronic check,113.47,1936.39,2,Yes
4262-IQA,Male,0,Yes,No,6,Yes,Yes,Fiber optic,Yes,No,No,No,No,No,Month-to-month,Yes,Electronic check,105.89,630.48,3,Yes
6938-FEB,Male,1,No,Yes,19,Yes,No,No,No internet service,No internet service,No internet service,No internet service,No internet service,No internet service,Two year,No,Credit card (automatic),38.27,729.84,4,No
5264-ZND,Female,0,Yes,No,32,Yes,Yes,DSL,No,No,No,Yes,Yes,No,Month-to-month,Yes,Electronic check,97.79,3122.16,4,Yes
6539-UOH,Female,1,No,No,49,Yes,No,No,No internet service,No internet service,No internet service,No internet service,No internet service,No internet service,Two year,No,Electronic check,39.15,1925.0,1,No
2689-DPU,Female,0,Yes,No,10,Yes,No,Fiber optic,Yes,No,Yes,No,No,Yes,One year,Yes,Credit card (automatic),115.0,1137.61,0,No
5541-PVL,Male,0,Yes,No,18,Yes,No,DSL,Yes,No,Yes,Yes,No,Yes,Month-to-month,Yes,Mailed check,109.19,1967.24,0,No
1818-HFJ,Male,0,Yes,Yes,25,Yes,Yes,Fiber optic,No,Yes,Yes,No,Yes,Yes,Month-to-month,Yes,Mailed check,138.58,3452.59,4,Yes
2124-RJJ,Male,1,No,No,23,Yes,Yes,Fiber optic,No,No,No,Yes,No,Yes,Two year,Yes,Bank transfer (automatic),114.89,2654.84,2,No
2702-RAG,Female,0,Yes,No,2,Yes,No,DSL,No,Yes,Yes,Yes,No,No,One year,No,Credit card (automatic),92.24,174.17,1,No
8232-ODT,Female,0,No,No,17,Yes,Yes,Fiber optic,No,No,No,Yes,Yes,Yes,Month-to-month,Yes,Bank transfer (automatic),131.23,2226.91,3,Yes
7523-NPA,Male,0,No,No,42,Yes,No,No,No internet service,No internet service,No internet service,No internet service,No internet service,No internet service,Two year,Yes,Mailed check,37.63,1572.95,3,No
3401-GJV,Female,0,Yes,No,41,Yes,Yes,No,No internet service,No internet service,No internet service,No internet service,No internet service,No internet service,Month-to-month,No,Credit card (automatic),49.23,2025.04,4,No
9974-QWP,Male,0,No,No,18,Yes,Yes,Fiber optic,No,Yes,No,No,No,No,Month-to-month,Yes,Mailed check,107.34,1919.07,0,Yes
3956-NKJ,Male,0,Yes,No,72,Yes,No,DSL,Yes,No,No,No,No,No,Two year,No,Credit card (automatic),76.36,5488.78,1,No
6087-CQO,Female,1,No,No,44,Yes,No,Fiber optic,Yes,Yes,Yes,No,No,No,Two year,Yes,Credit card (automatic),116.71,5139.67,4,No
7458-REF,Male,1,No,No,34,Yes,Yes,DSL,No,No,No,No,No,Yes,One year,No,Mailed check,87.35,2961.78,5,No
8709-QKT,Male,0,No,Yes,19,Yes,No,No,No internet service,No internet service,No internet service,No internet service,No internet service,No internet service,One year,No,Electronic check,38.29,733.66,2,No
1968-BEA,Male,0,Yes,No,23,Yes,No,Fiber optic,No,No,Yes,Yes,No,No,Month-to-month,Yes,Mailed check,107.51,2462.73,1,Yes
4203-DVZ,Male,0,No,Yes,7,Yes,No,DSL,No,Yes,No,No,Yes,No,Month-to-month,No,Electronic check,85.43,602.71,3,Yes
9984-CIV,Male,0,Yes,No,20,Yes,No,Fiber optic,Yes,Yes,No,No,No,Yes,One year,Yes,Electronic check,115.35,2306.05,1,No
8382-LJB,Female,0,Yes,No,19,Yes,No,DSL,Yes,Yes,Yes,Yes,No,No,Two year,No,Credit card (automatic),107.11,2020.82,0,No
9234-JVF,Male,0,Yes,No,6,Yes,No,DSL,No,Yes,No,No,No,Yes,One year,No,Electronic check,85.49,516.27,2,No
4201-BJP,Female,0,Yes,Yes,72,Yes,Yes,DSL,No,Yes,No,No,Yes,Yes,Two year,No,Credit card (automatic),111.82,8051.65,1,No
1583-PRM,Male,0,No,No,8,Yes,Yes,DSL,No,No,Yes,No,Yes,Yes,One year,No,Electronic check,110.15,875.67,2,Yes
8694-ULH,Female,1,Yes,Yes,3,Yes,No,Fiber optic,No,No,No,No,No,No,Month-to-month,No,Mailed check,84.15,261.49,4,Yes
4401-NER,Female,0,No,No,16,Yes,Yes,No,No internet service,No internet service,No internet service,No internet service,No internet service,No internet service,One year,Yes,Electronic check,47.07,751.12,2,No
6285-KUK,Female,0,No,No,29,Yes,No,DSL,No,No,No,Yes,No,Yes,One year,No,Mailed check,85.47,2479.86,0,No
4347-TUR,Male,0,No,No,6,Yes,No,No,No internet service,No internet service,No internet service,No internet service,No internet service,No internet service,Month-to-month,No,Bank transfer (automatic),40.33,255.61,1,Yes
3889-BZI,Female,0,No,No,6,Yes,No,DSL,No,No,No,No,Yes,Yes,Two year,No,Credit card (automatic),87.68,531.39,2,No
6234-JWD,Male,0,No,Yes,8,No,No phone service,DSL,No,Yes,No,Yes,No,No,Two year,No,Credit card (automatic),62.2,484.04,2,No
8612-FND,Male,0,Yes,No,10,Yes,No,Fiber optic,No,Yes,No,No,No,No,One year,Yes,Electronic check,93.27,942.69,0,No
7745-OPG,Female,0,No,Yes,8,Yes,Yes,Fiber optic,Yes,Yes,No,Yes,Yes,Yes,Month-to-month,Yes,Mailed check,149.29,1184.5,2,Yes
5240-SSQ,Female,0,Yes,No,16,Yes,No,DSL,No,No,No,No,No,No,Month-to-month,Yes,Electronic check,66.66,1071.68,1,No
2861-KPY,Male,0,Yes,No,1,Yes,No,Fiber optic,Yes,No,No,No,Yes,No,Month-to-month,Yes,Electronic check,108.31,119.16,2,Yes
2098-GZX,Male,0,Yes,No,3,Yes,No,Fiber optic,No,No,No,No,No,Yes,Two year,No,Credit card (automatic),95.88,299.36,3,Yes
6909-YSZ,Male,0,No,No,33,Yes,No,Fiber optic,Yes,No,No,Yes,No,No,One year,Yes,Electronic check,103.26,3397.3,1,No
8593-IDW,Female,0,Yes,No,14,Yes,No,DSL,No,No,No,No,Yes,No,One year,Yes,Credit card (automatic),78.31,1095.59,4,No
7668-YBB,Male,0,Yes,No,12,Yes,No,DSL,Yes,No,No,No,Yes,Yes,Month-to-month,Yes,Credit card (automatic),98.09,1175.2,1,No
3191-IMC,Male,0,Yes,No,1,Yes,No,DSL,Yes,No,No,No,No,Yes,One year,Yes,Mailed check,88.63,87.9,4,No
9872-MUV,Male,0,Yes,Yes,9,Yes,No,DSL,No,No,Yes,No,Yes,Yes,Two year,Yes,Electronic check,97.47,865.86,3,Yes
5922-IPB,Male,0,No,No,44,Yes,No,No,No internet service,No internet service,No internet service,No internet service,No internet service,No internet service,Month-to-month,Yes,Electronic check,41.95,1851.46,0,No
4167-VHZ,Male,0,No,Yes,11,Yes,Yes,DSL,Yes,No,No,No,No,Yes,One year,No,Bank transfer (automatic),98.81,1089.89,0,No
4227-EIA,Male,0,No,No,72,Yes,Yes,Fiber optic,Yes,No,Yes,No,No,Yes,Two year,Yes,Credit card (automatic),125.61,9052.61,2,No
3024-JWD,Male,0,Yes,No,13,Yes,Yes,No,No internet service,No internet service,No internet service,No internet service,No internet service,No internet service,Two year,Yes,Mailed check,49.61,657.86,2,No
5477-JOK,Male,0,Yes,No,16,Yes,Yes,No,No internet service,No internet service,No internet service,No internet service,No internet service,No internet service,Month-to-month,Yes,Credit card (automatic),47.29,751.95,3,Yes
3317-FLM,Male,0,Yes,No,41,Yes,No,DSL,Yes,No,No,No,Yes,No,Two year,Yes,Mailed check,85.11,3495.49,3,No
3511-CBK,Male,0,No,Yes,72,No,No phone service,No,No internet service,No internet service,No internet service,No internet service,No internet service,No internet service,One year,Yes,Credit card (automatic),19.79,1426.24,4,No
8848-CRT,Male,0,Yes,No,12,Yes,No,No,No internet service,No internet service,No internet service,No internet service,No internet service,No internet service,Month-to-month,No,Credit card (automatic),38.77,478.56,1,No
2293-BQV,Male,0,Yes,No,4,Yes,No,Fiber optic,Yes,No,No,No,Yes,Yes,One year,Yes,Bank transfer (automatic),118.1,481.07,2,Yes
4175-JZR,Female,0,Yes,No,19,No,No phone service,Fiber optic,Yes,No,Yes,No,No,No,Month-to-month,No,Credit card (automatic),83.83,1584.28,0,No
9444-SHH,Male,0,Yes,Yes,23,Yes,No,Fiber optic,Yes,No,No,No,Yes,Yes,Month-to-month,Yes,Mailed check,116.86,2681.85,6,Yes
9414-CCL,Male,1,Yes,No,72,No,No phone service,No,No internet service,No internet service,No internet service,No internet service,No internet service,No internet service,One year,Yes,Electronic check,18.5,1332.08,4,No
9190-VQD,Male,0,No,Yes,14,Yes,No,Fiber optic,No,No,No,No,No,No,Two year,Yes,Bank transfer (automatic),84.05,1168.66,1,No
6773-SIU,Male,0,No,No,3,Yes,No,DSL,Yes,No,No,No,No,No,Month-to-month,No,Bank transfer (automatic),72.5,214.39,2,Yes
8844-KTC,Male,0,Yes,No,27,No,No phone service,No,No internet service,No internet service,No internet service,No internet service,No internet service,No internet service,Month-to-month,Yes,Bank transfer (automatic),20.64,557.34,3,Yes
4758-NKT,Female,0,Yes,No,1,Yes,No,DSL,Yes,No,No,No,Yes,Yes,One year,Yes,Electronic check,97.0,110.18,0,No
7791-DLH,Male,0,Yes,Yes,14,Yes,Yes,Fiber optic,No,No,No,No,No,No,Two year,No,Electronic check,92.44,1281.34,5,Yes
1869-OLP,Female,0,No,No,14,No,No phone service,Fiber optic,No,No,Yes,No,No,No,Month-to-month,Yes,Credit card (automatic),72.92,1030.32,2,Yes
9627-TDK,Male,0,No,No,8,Yes,No,Fiber optic,No,No,Yes,No,No,Yes,Month-to-month,Yes,Bank transfer (automatic),104.09,831.82,3,Yes
7524-IDL,Female,1,No,No,72,Yes,No,Fiber optic,No,Yes,No,No,No,Yes,Month-to-month,Yes,Mailed check,106.17,7655.71,2,No
1076-PZF,Female,0,Yes,No,13,Yes,No,DSL,No,No,No,No,No,Yes,Month-to-month,Yes,Bank transfer (automatic),79.08,1014.47,1,Yes
9297-MGZ,Male,0,No,No,57,Yes,No,DSL,No,No,No,Yes,Yes,Yes,Month-to-month,No,Credit card (automatic),98.01,5588.48,1,No
4346-XSQ,Female,0,No,Yes,19,Yes,Yes,DSL,No,No,Yes,No,Yes,No,Month-to-month,Yes,Credit card (automatic),99.38,1892.71,1,Yes
4148-MZU,Female,0,No,No,43,Yes,Yes,No,No internet service,No internet service,No internet service,No internet service,No internet service,No internet service,Two year,Yes,Credit card (automatic),51.1,2210.03,3,No
3625-JVM,Male,1,Yes,No,16,Yes,Yes,Fiber optic,Yes,No,No,No,Yes,No,Month-to-month,Yes,Mailed check,117.39,1879.75,3,Yes
8737-IAN,Female,0,No,No,72,Yes,No,DSL,Yes,Yes,No,Yes,No,Yes,Month-to-month,Yes,Credit card (automatic),106.26,7660.74,1,No
1892-PTO,Female,0,No,No,26,Yes,No,Fiber optic,Yes,No,No,No,Yes,No,Month-to-month,Yes,Credit card (automatic),109.29,2855.83,0,No
3399-AQX,Female,0,Yes,Yes,5,Yes,Yes,Fiber optic,No,No,No,No,No,No,Month-to-month,Yes,Electronic check,92.12,455.11,1,Yes
8325-MOP,Male,0,Yes,No,1,Yes,Yes,DSL,Yes,No,No,No,Yes,No,Two year,Yes,Electronic check,97.98,112.77,0,No
9847-BQK,Male,0,No,No,67,Yes,No,No,No internet service,No internet service,No internet service,No internet service,No internet service,No internet service,Month-to-month,Yes,Bank transfer (automatic),40.5,2703.78,0,No
8923-CLT,Male,0,No,No,30,Yes,No,Fiber optic,Yes,No,Yes,Yes,No,Yes,Two year,Yes,Credit card (automatic),125.75,3778.05,3,No
8631-UQK,Male,0,No,No,3,Yes,Yes,Fiber optic,Yes,Yes,No,Yes,No,No,One year,Yes,Mailed check,122.4,371.75,3,Yes
1560-SVA,Female,0,Yes,No,35,Yes,No,Fiber optic,Yes,No,No,No,Yes,Yes,Month-to-month,No,Bank transfer (automatic),117.52,4102.11,2,No
2821-LOR,Male,0,No,No,7,Yes,No,Fiber optic,Yes,Yes,No,No,No,Yes,Month-to-month,Yes,Bank transfer (automatic),114.45,788.83,0,Yes
6374-WNA,Female,0,Yes,No,42,Yes,No,Fiber optic,Yes,Yes,No,No,Yes,Yes,Month-to-month,Yes,Mailed check,131.59,5529.84,4,Yes
3877-OGO,Male,0,No,No,24,Yes,Yes,Fiber optic,No,No,No,No,No,No,One year,Yes,Mailed check,92.06,2206.96,3,No
5083-JNF,Male,1,Yes,Yes,4,Yes,No,No,No internet service,No internet service,No internet service,No internet service,No internet service,No internet service,Month-to-month,Yes,Electronic check,39.52,145.6,0,Yes
1941-XYV,Female,1,Yes,No,2,Yes,No,Fiber optic,No,No,Yes,No,No,No,Month-to-month,No,Credit card (automatic),96.4,200.36,1,Yes
1939-KYT,Female,0,Yes,Yes,16,Yes,No,DSL,No,No,Yes,No,No,No,Two year,Yes,Electronic check,73.86,1169.97,2,No
9853-TAH,Male,0,No,No,70,Yes,No,Fiber optic,Yes,No,No,Yes,No,Yes,Month-to-month,Yes,Electronic check,115.65,8104.86,2,No
6985-YWE,Male,0,Yes,No,21,Yes,Yes,Fiber optic,Yes,Yes,Yes,No,No,Yes,One year,Yes,Electronic check,139.92,2926.37,0,No
4126-YHP,Male,1,No,No,36,Yes,Yes,Fiber optic,Yes,Yes,No,Yes,No,No,Month-to-month,No,Mailed check,122.41,4413.19,2,No
6295-MTO,Male,1,No,No,16,Yes,No,DSL,No,No,Yes,No,Yes,No,Month-to-month,No,Electronic check,87.76,1415.26,1,Yes
3709-CFV,Male,0,Yes,Yes,13,Yes,No,DSL,No,Yes,No,No,Yes,Yes,One year,Yes,Credit card (automatic),99.62,1305.69,1,No
9529-CJQ,Female,0,Yes,No,44,Yes,No,DSL,No,No,No,No,Yes,Yes,Month-to-month,No,Electronic check,87.38,3852.22,3,No
6606-OAY,Male,0,Yes,No,16,Yes,No,DSL,No,No,Yes,No,Yes,Yes,Month-to-month,Yes,Credit card (automatic),100.86,1604.41,2,No
5890-KQE,Female,1,Yes,No,4,Yes,No,Fiber optic,No,Yes,No,No,No,Yes,Month-to-month,Yes,Credit card (automatic),106.68,425.93,2,Yes
3130-YXO,Male,0,No,No,9,Yes,No,DSL,No,Yes,No,Yes,No,Yes,Month-to-month,No,Electronic check,97.85,876.28,0,Yes
2506-OEW,Male,0,No,No,21,Yes,Yes,DSL,Yes,No,No,No,No,No,Month-to-month,Yes,Bank transfer (automatic),83.21,1746.14,1,No
4229-TEC,Female,1,Yes,Yes,13,Yes,No,No,No internet service,No internet service,No internet service,No internet service,No internet service,No internet service,Month-to-month,Yes,Electronic check,37.15,490.33,2,Yes
7265-IGZ,Male,0,No,Yes,12,Yes,No,No,No internet service,No internet service,No internet service,No internet service,No internet service,No internet service,One year,Yes,Electronic check,37.87,465.15,2,No
3689-WWU,Female,0,Yes,No,28,Yes,No,Fiber optic,No,No,Yes,Yes,No,Yes,Month-to-month,Yes,Mailed check,115.33,3233.96,3,Yes
7152-MST,Female,0,No,No,26,Yes,Yes,DSL,No,No,No,Yes,No,Yes,Two year,No,Electronic check,98.41,2544.08,1,No
6328-FDA,Male,0,No,No,10,Yes,Yes,No,No internet service,No internet service,No internet service,No internet service,No internet service,No internet service,Two year,No,Mailed check,50.09,489.71,3,No
6310-SIM,Female,0,Yes,No,12,Yes,Yes,Fiber optic,No,Yes,Yes,No,No,Yes,Two year,Yes,Electronic check,126.31,1510.95,1,Yes
6799-WMO,Male,0,No,No,35,Yes,Yes,Fiber optic,No,No,No,No,No,No,Month-to-month,Yes,Mailed check,96.53,3390.8,1,No
2645-DAX,Male,0,No,Yes,64,Yes,No,No,No internet service,No internet service,No internet service,No internet service,No internet service,No internet service,Two year,Yes,Electronic check,37.42,2398.03,1,No
6874-IJD,Male,0,Yes,Yes,10,Yes,Yes,Fiber optic,No,Yes,Yes,Yes,Yes,No,Month-to-month,No,Electronic check,134.79,1356.98,4,Yes
5243-IML,Male,0,No,No,9,Yes,Yes,DSL,No,No,No,No,Yes,Yes,One year,Yes,Electronic check,101.22,909.76,3,Yes
8819-RLP,Male,1,Yes,Yes,8,Yes,Yes,No,No internet service,No internet service,No internet service,No internet service,No internet service,No internet service,Two year,No,Bank transfer (automatic),49.17,406.32,1,No
4923-YLU,Male,0,Yes,No,4,Yes,No,No,No internet service,No internet service,No internet service,No internet service,No internet service,No internet service,Month-to-month,No,Electronic check,38.61,147.77,1,No
6912-KIR,Male,0,No,No,12,Yes,No,No,No internet service,No internet service,No internet service,No internet service,No internet service,No internet service,Month-to-month,Yes,Bank transfer (automatic),38.97,478.52,1,No
2725-YCT,Female,1,No,Yes,19,Yes,No,No,No internet service,No internet service,No internet service,No internet service,No internet service,No internet service,Month-to-month,No,Electronic check,37.91,710.48,2,Yes
5784-NAQ,Male,0,No,Yes,20,Yes,Yes,Fiber optic,Yes,No,Yes,No,No,No,One year,Yes,Mailed check,114.45,2295.77,3,No
9808-CSW,Female,0,No,No,30,Yes,No,No,No internet service,No internet service,No internet service,No internet service,No internet service,No internet service,One year,No,Electronic check,42.04,1266.73,1,No
5616-VRP,Male,0,Yes,Yes,2,Yes,Yes,No,No internet service,No internet service,No internet service,No internet service,No internet service,No internet service,One year,No,Electronic check,50.93,90.22,0,No
9480-BNN,Male,0,No,No,21,Yes,No,Fiber optic,No,No,No,No,No,Yes,Two year,Yes,Credit card (automatic),97.72,2062.35,1,No
1256-ZZY,Female,0,No,Yes,8,Yes,Yes,Fiber optic,Yes,No,No,No,No,No,One year,Yes,Mailed check,102.29,828.15,1,No
2423-OZO,Female,0,No,Yes,7,No,No phone service,Fiber optic,No,No,Yes,No,Yes,No,One year,Yes,Electronic check,89.43,637.02,0,No
2195-PNX,Female,1,No,No,39,Yes,Yes,DSL,No,No,No,No,No,Yes,Month-to-month,No,Credit card (automatic),89.3,3475.51,6,Yes
7766-WOS,Female,0,No,No,5,Yes,Yes,Fiber optic,No,No,No,No,Yes,Yes,One year,Yes,Bank transfer (automatic),121.19,595.25,3,Yes
2306-JCW,Male,0,Yes,No,10,Yes,No,DSL,No,No,Yes,No,Yes,Yes,Month-to-month,Yes,Bank transfer (automatic),98.93,988.11,5,Yes
1496-HWD,Male,0,Yes,No,26,Yes,Yes,Fiber optic,Yes,No,No,Yes,Yes,No,Month-to-month,No,Electronic check,125.41,3271.41,1,No
1909-UJA,Female,0,No,No,26,Yes,Yes,DSL,No,No,Yes,No,Yes,No,Month-to-month,Yes,Bank transfer (automatic),96.37,2514.6,5,Yes
9515-AQZ,Male,0,No,Yes,2,Yes,Yes,Fiber optic,Yes,Yes,No,No,Yes,No,Two year,No,Credit card (automatic),126.31,258.31,0,No
2695-TOM,Female,0,No,No,2,Yes,No,DSL,No,No,Yes,No,No,No,One year,Yes,Credit card (automatic),76.44,167.42,4,Yes
2019-BSX,Female,0,Yes,No,27,Yes,Yes,Fiber optic,Yes,No,No,No,Yes,Yes,One year,Yes,Credit card (automatic),130.08,3516.64,0,No
6868-XKV,Female,0,Yes,No,72,Yes,Yes,Fiber optic,No,No,No,No,No,No,Month-to-month,Yes,Electronic check,97.06,7000.31,1,No
3825-IIT,Female,1,Yes,Yes,72,Yes,Yes,Fiber optic,No,No,No,No,Yes,Yes,One year,Yes,Electronic check,118.61,8538.59,2,No
8195-AQL,Female,0,No,No,72,Yes,No,No,No internet service,No internet service,No internet service,No internet service,No internet service,No internet service,Month-to-month,Yes,Mailed check,42.49,3068.04,2,No
2789-ROF,Male,0,Yes,No,11,Yes,No,Fiber optic,No,Yes,No,Yes,Yes,No,Month-to-month,Yes,Mailed check,118.48,1308.84,3,Yes
5838-QFH,Female,0,No,Yes,7,Yes,No,DSL,No,No,No,No,Yes,No,Month-to-month,Yes,Mailed check,78.95,539.08,5,Yes
5299-UNL,Female,0,No,No,3,Yes,Yes,DSL,No,No,Yes,Yes,No,No,Month-to-month,Yes,Credit card (automatic),93.43,276.48,1,Yes
6494-JVT,Male,0,Yes,No,10,No,No phone service,DSL,No,No,No,Yes,No,No,Two year,No,Mailed check,57.76,587.29,0,No
4406-GZI,Female,0,Yes,Yes,9,Yes,No,DSL,No,No,No,No,No,Yes,One year,Yes,Credit card (automatic),78.57,703.46,2,No
8433-JPG,Female,1,Yes,No,22,Yes,Yes,No,No internet service,No internet service,No internet service,No internet service,No internet service,No internet service,Two year,No,Mailed check,48.82,1067.83,1,No
7811-EWC,Male,0,Yes,No,12,No,No phone service,Fiber optic,Yes,Yes,No,No,No,Yes,Two year,No,Mailed check,96.28,1141.15,1,No
6873-KOU,Male,1,Yes,No,7,Yes,No,DSL,No,No,No,No,No,No,Month-to-month,Yes,Credit card (automatic),65.64,449.13,1,Yes
6939-EXL,Male,0,No,No,24,Yes,No,DSL,No,No,No,No,Yes,No,One year,Yes,Electronic check,74.6,1780.13,2,No
2774-IGJ,Male,0,No,No,10,Yes,Yes,Fiber optic,No,No,No,No,Yes,Yes,One year,No,Electronic check,120.71,1220.02,2,Yes
9283-WMH,Male,0,Yes,No,11,Yes,No,DSL,No,Yes,No,Yes,No,No,Month-to-month,No,Credit card (automatic),84.77,921.45,0,No
6931-VXS,Female,0,No,No,23,Yes,No,DSL,No,No,No,No,No,No,One year,Yes,Mailed check,66.57,1530.79,2,No
5537-ZAP,Female,0,No,Yes,4,Yes,Yes,No,No internet service,No internet service,No internet service,No internet service,No internet service,No internet service,Two year,No,Bank transfer (automatic),48.83,203.6,4,No
9469-QYR,Female,0,Yes,Yes,38,Yes,Yes,Fiber optic,No,No,Yes,No,No,No,One year,Yes,Electronic check,107.2,4073.38,3,No
3922-RGR,Male,0,No,No,72,Yes,Yes,No,No internet service,No internet service,No internet service,No internet service,No internet service,No internet service,Month-to-month,No,Mailed check,50.9,3662.18,4,No
7981-GWV,Male,0,Yes,No,17,Yes,Yes,DSL,Yes,Yes,No,Yes,Yes,Yes,One year,Yes,Mailed check,128.67,2199.54,2,No
1364-IGI,Male,0,Yes,No,21,Yes,No,Fiber optic,Yes,No,No,No,Yes,Yes,One year,Yes,Bank transfer (automatic),118.53,2501.07,4,Yes
8436-ZCC,Male,1,No,No,13,Yes,No,No,No internet service,No internet service,No internet service,No internet service,No internet service,No internet service,Two year,No,Electronic check,37.96,503.8,6,No
9160-UTB,Male,0,Yes,No,72,Yes,No,Fiber optic,No,No,Yes,Yes,No,Yes,Month-to-month,Yes,Credit card (automatic),114.73,8260.22,2,No
4960-COX,Male,0,Yes,No,4,Yes,No,Fiber optic,Yes,Yes,Yes,No,No,No,Month-to-month,No,Mailed check,112.04,450.23,2,Yes
1773-MUA,Female,0,Yes,No,42,Yes,No,Fiber optic,Yes,No,Yes,No,Yes,No,Month-to-month,No,Electronic check,116.93,4901.49,1,No
7943-TSA,Male,1,No,No,27,Yes,No,Fiber optic,Yes,No,No,No,Yes,Yes,One year,Yes,Bank transfer (automatic),121.75,3297.92,3,No
5507-UVB,Female,1,Yes,No,40,Yes,Yes,No,No internet service,No internet service,No internet service,No internet service,No internet service,No internet service,Month-to-month,Yes,Mailed check,47.31,1882.93,1,No
5287-ONS,Female,0,No,No,72,Yes,No,No,No internet service,No internet service,No internet service,No internet service,No internet service,No internet service,Month-to-month,Yes,Electronic check,42.97,3084.13,2,No
9298-OFT,Female,1,No,No,18,Yes,No,Fiber optic,Yes,Yes,Yes,No,No,Yes,Month-to-month,Yes,Electronic check,129.71,2348.86,1,Yes
8012-TBF,Male,0,Yes,No,9,Yes,Yes,Fiber optic,No,Yes,No,No,No,Yes,One year,No,Bank transfer (automatic),119.81,1073.92,0,No
6329-WSI,Male,0,Yes,No,38,Yes,No,DSL,No,Yes,Yes,No,No,Yes,One year,No,Electronic check,96.72,3689.17,4,No
3015-UXF,Male,0,Yes,No,47,Yes,No,Fiber optic,Yes,Yes,No,No,No,Yes,One year,No,Mailed check,116.84,5504.62,1,No
2613-ZXM,Male,0,Yes,No,29,Yes,No,Fiber optic,No,No,No,Yes,Yes,Yes,Month-to-month,No,Credit card (automatic),120.38,3503.13,1,No
9978-UZS,Male,0,Yes,No,48,Yes,Yes,DSL,No,No,No,No,No,Yes,Month-to-month,No,Electronic check,86.37,4158.07,4,No
7681-MNX,Female,0,Yes,No,33,Yes,Yes,Fiber optic,Yes,Yes,No,Yes,No,Yes,Month-to-month,No,Credit card (automatic),134.24,4433.01,1,No
6392-DLM,Female,0,Yes,No,72,Yes,Yes,DSL,Yes,No,No,No,Yes,No,Two year,No,Credit card (automatic),96.96,6967.47,1,No
6692-DJY,Male,0,Yes,No,22,Yes,No,Fiber optic,No,Yes,No,No,No,Yes,One year,Yes,Bank transfer (automatic),107.86,2384.11,1,No
6086-COB,Female,0,No,No,12,Yes,No,No,No internet service,No internet service,No internet service,No internet service,No internet service,No internet service,One year,Yes,Bank transfer (automatic),40.07,495.14,5,No
4160-QFZ,Female,0,Yes,Yes,29,Yes,Yes,DSL,Yes,Yes,No,No,No,No,Month-to-month,No,Mailed check,94.17,2739.83,3,No
9903-CYR,Male,0,No,No,2,Yes,No,Fiber optic,No,No,No,No,No,Yes,Month-to-month,Yes,Bank transfer (automatic),99.67,203.85,1,Yes
2717-APG,Female,0,Yes,Yes,18,Yes,No,DSL,No,No,No,No,No,No,One year,Yes,Credit card (automatic),67.81,1211.74,1,No
4574-DIE,Female,0,No,Yes,38,Yes,Yes,DSL,Yes,No,No,Yes,Yes,No,Month-to-month,No,Electronic check,105.17,4009.6,2,No
8986-OHF,Male,1,No,No,5,Yes,No,Fiber optic,No,No,No,No,No,Yes,Month-to-month,No,Credit card (automatic),99.63,484.93,3,Yes
6769-FNQ,Female,0,Yes,No,13,Yes,No,DSL,No,Yes,No,No,Yes,No,Two year,No,Electronic check,84.41,1094.55,0,No
4240-SEW,Male,0,No,No,11,Yes,Yes,DSL,Yes,Yes,No,No,No,No,Month-to-month,Yes,Electronic check,97.71,1070.71,1,Yes
6854-GST,Male,0,Yes,No,11,Yes,No,Fiber optic,Yes,Yes,Yes,No,No,Yes,Two year,No,Bank transfer (automatic),129.45,1434.56,4,Yes
2785-GXB,Male,0,No,No,27,Yes,No,Fiber optic,No,No,No,No,No,No,One year,Yes,Credit card (automatic),87.17,2341.86,5,Yes
8727-MHF,Female,0,No,Yes,18,Yes,Yes,Fiber optic,No,No,No,Yes,Yes,Yes,Month-to-month,Yes,Credit card (automatic),129.06,2312.98,4,Yes
3597-IDK,Female,0,Yes,No,40,Yes,No,DSL,No,No,Yes,No,No,No,One year,Yes,Electronic check,74.37,2967.93,2,No
1324-YQT,Female,0,No,Yes,2,Yes,Yes,No,No internet service,No internet service,No internet service,No internet service,No internet service,No internet service,One year,No,Credit card (automatic),48.36,93.77,2,No
1986-OYO,Male,0,No,Yes,16,Yes,No,DSL,No,No,Yes,No,No,No,One year,Yes,Credit card (automatic),72.16,1156.78,1,No
1906-MZV,Female,0,Yes,No,1,Yes,Yes,Fiber optic,No,Yes,Yes,No,Yes,No,Two year,Yes,Bank transfer (automatic),127.82,138.99,3,Yes
9027-XIJ,Female,0,No,No,7,Yes,No,Fiber optic,Yes,No,No,No,No,Yes,One year,Yes,Electronic check,104.67,730.58,0,No
8939-QNX,Male,0,No,No,38,Yes,No,No,No internet service,No internet service,No internet service,No internet service,No internet service,No internet service,Month-to-month,Yes,Mailed check,42.23,1597.81,3,No
4081-IYC,Male,0,Yes,Yes,3,Yes,Yes,Fiber optic,No,No,Yes,No,Yes,No,One year,No,Mailed check,118.78,343.5,4,Yes
3933-WNZ,Male,0,No,Yes,3,Yes,Yes,No,No internet service,No internet service,No internet service,No internet service,No internet service,No internet service,Month-to-month,Yes,Mailed check,50.97,146.98,0,No
6006-BXN,Female,0,Yes,Yes,13,No,No phone service,DSL,Yes,Yes,No,No,No,No,One year,Yes,Bank transfer (automatic),65.93,855.09,3,No
6830-DRX,Male,0,No,Yes,38,Yes,Yes,Fiber optic,No,No,Yes,No,Yes,No,One year,Yes,Electronic check,118.76,4519.51,3,No
2690-EFG,Female,0,Yes,No,26,Yes,Yes,Fiber optic,Yes,No,Yes,No,No,No,One year,Yes,Electronic check,113.94,2957.92,2,No
4006-OZA,Male,0,No,No,39,Yes,No,DSL,Yes,No,No,Yes,No,No,Month-to-month,Yes,Credit card (automatic),83.51,3265.1,3,No
7007-DYA,Male,0,No,Yes,2,Yes,No,DSL,No,No,Yes,No,No,No,Month-to-month,Yes,Electronic check,73.81,142.6,1,Yes
5490-JQD,Male,0,No,Yes,21,Yes,No,Fiber optic,No,Yes,No,No,No,Yes,Month-to-month,No,Electronic check,109.29,2280.2,1,Yes
3670-ZPU,Male,1,No,No,16,Yes,No,Fiber optic,Yes,No,No,Yes,No,Yes,Two year,No,Credit card (automatic),114.68,1824.0,2,No
8432-KKF,Female,0,Yes,No,57,Yes,No,DSL,No,No,Yes,No,Yes,Yes,Two year,Yes,Bank transfer (automatic),99.97,5689.69,1,No
5725-FMV,Female,0,Yes,Yes,34,Yes,Yes,DSL,Yes,No,Yes,No,No,Yes,Month-to-month,Yes,Mailed check,109.77,3728.22,2,No
9759-VEO,Female,0,No,No,14,Yes,No,No,No internet service,No internet service,No internet service,No internet service,No internet service,No internet service,Month-to-month,Yes,Electronic check,42.2,577.3,5,Yes
8002-RTN,Male,0,Yes,No,21,Yes,No,DSL,Yes,No,No,Yes,Yes,Yes,Month-to-month,Yes,Credit card (automatic),107.41,2265.58,0,No
9831-OZE,Female,0,Yes,No,14,Yes,Yes,DSL,Yes,Yes,No,No,No,Yes,Month-to-month,No,Bank transfer (automatic),108.13,1505.82,4,Yes
5537-DBG,Male,1,No,No,15,Yes,Yes,Fiber optic,No,No,No,No,Yes,No,Month-to-month,Yes,Electronic check,106.8,1610.02,2,Yes
3985-PJR,Male,0,No,No,26,Yes,No,Fiber optic,Yes,Yes,No,No,Yes,Yes,Month-to-month,Yes,Credit card (automatic),129.4,3367.94,1,No
4988-MAA,Female,0,Yes,No,7,No,No phone service,Fiber optic,Yes,Yes,No,No,No,No,Month-to-month,No,Electronic check,85.89,612.41,0,Yes
1037-YZM,Male,0,No,No,11,Yes,Yes,No,No internet service,No internet service,No internet service,No internet service,No internet service,No internet service,Month-to-month,No,Credit card (automatic),51.12,559.2,3,Yes
2832-YQP,Male,0,No,No,9,Yes,No,No,No internet service,No internet service,No internet service,No internet service,No internet service,No internet service,Month-to-month,Yes,Credit card (automatic),38.63,352.74,1,No
1432-OXA,Female,0,No,No,41,Yes,Yes,No,No internet service,No internet service,No internet service,No internet service,No internet service,No internet service,Month-to-month,No,Mailed check,51.5,2107.63,0,No
7411-EXF,Female,1,No,No,72,Yes,Yes,Fiber optic,No,No,No,Yes,No,No,Month-to-month,Yes,Electronic check,107.42,7742.07,0,No
6720-AYA,Male,0,Yes,No,14,Yes,Yes,Fiber optic,No,Yes,No,No,No,Yes,Month-to-month,Yes,Mailed check,116.04,1621.93,1,Yes
1671-JJC,Female,0,No,No,3,Yes,No,DSL,Yes,Yes,No,No,Yes,No,Month-to-month,Yes,Mailed check,96.19,301.27,2,Yes
3096-SKR,Male,0,Yes,No,3,Yes,Yes,Fiber optic,Yes,No,Yes,No,No,Yes,Two year,Yes,Credit card (automatic),124.47,386.76,3,No
6121-IXQ,Female,0,No,Yes,13,No,No phone service,DSL,Yes,No,No,Yes,No,No,Month-to-month,Yes,Electronic check,66.46,877.74,1,No
5515-QQL,Male,0,No,No,13,No,No phone service,DSL,Yes,Yes,No,Yes,No,Yes,Two year,Yes,Bank transfer (automatic),86.04,1124.66,6,No
6563-TRC,Male,1,Yes,No,4,Yes,No,DSL,No,Yes,No,Yes,Yes,Yes,Month-to-month,No,Credit card (automatic),109.5,430.14,2,Yes
7200-RDQ,Male,0,No,No,42,Yes,Yes,Fiber optic,No,No,Yes,Yes,No,No,Month-to-month,Yes,Mailed check,114.29,4810.13,3,No
8345-ENJ,Female,0,No,Yes,18,Yes,No,DSL,Yes,No,Yes,No,Yes,No,Two year,Yes,Electronic check,97.17,1740.06,3,No
5512-PKW,Female,0,No,No,3,Yes,Yes,DSL,No,No,No,No,Yes,No,Month-to-month,Yes,Electronic check,88.65,273.3,1,Yes
4219-FXV,Male,0,Yes,No,3,Yes,Yes,Fiber optic,No,Yes,Yes,No,No,No,One year,No,Electronic check,113.19,353.71,0,Yes
5183-XIV,Female,0,No,No,15,Yes,Yes,Fiber optic,Yes,Yes,No,No,No,No,Month-to-month,No,Credit card (automatic),112.1,1678.14,1,Yes
6323-QYO,Female,0,No,No,4,Yes,Yes,Fiber optic,Yes,Yes,No,Yes,No,No,Two year,Yes,Bank transfer (automatic),125.58,487.81,1,No
8773-SVJ,Female,1,No,No,21,Yes,No,DSL,Yes,No,No,Yes,No,Yes,Month-to-month,Yes,Bank transfer (automatic),96.22,2030.26,2,No
3108-ZLN,Male,0,No,No,13,Yes,Yes,No,No internet service,No internet service,No internet service,No internet service,No internet service,No internet service,Month-to-month,Yes,Electronic check,50.47,666.29,2,Yes
6279-IMC,Female,0,No,No,64,Yes,No,Fiber optic,No,No,No,No,Yes,No,Month-to-month,Yes,Bank transfer (automatic),99.33,6348.61,3,No
4900-NUJ,Female,1,No,No,14,Yes,No,Fiber optic,No,No,Yes,No,No,Yes,Two year,Yes,Credit card (automatic),105.83,1482.47,1,No
8939-TWY,Female,0,Yes,No,24,Yes,Yes,Fiber optic,No,No,Yes,No,No,No,One year,Yes,Electronic check,107.82,2585.06,0,No
8838-KPT,Male,0,No,No,42,Yes,Yes,Fiber optic,Yes,No,No,No,Yes,No,Two year,Yes,Electronic check,117.11,4903.91,3,No
2845-WQM,Male,1,No,No,10,Yes,Yes,Fiber optic,No,No,No,No,Yes,No,Two year,Yes,Credit card (automatic),108.39,1091.33,1,No
8069-CIF,Male,0,No,No,18,Yes,Yes,DSL,No,No,Yes,Yes,No,Yes,Two year,Yes,Mailed check,109.08,1958.12,1,No
8573-UKP,Female,0,Yes,No,4,Yes,Yes,Fiber optic,Yes,No,Yes,No,No,No,Month-to-month,No,Bank transfer (automatic),113.97,469.22,0,Yes
3162-ENQ,Male,0,Yes,No,15,Yes,No,DSL,No,Yes,Yes,No,No,Yes,Month-to-month,Yes,Electronic check,94.09,1421.06,2,Yes
8714-DPP,Female,0,Yes,No,12,Yes,No,Fiber optic,Yes,No,Yes,No,No,No,Month-to-month,No,Electronic check,103.72,1253.81,0,No
9148-ZYD,Female,0,No,No,14,Yes,No,Fiber optic,No,Yes,No,No,No,Yes,Month-to-month,Yes,Electronic check,106.46,1497.94,1,Yes
5242-ZQM,Male,0,Yes,No,3,Yes,Yes,No,No internet service,No internet service,No internet service,No internet service,No internet service,No internet service,Two year,No,Electronic check,51.86,156.38,2,No
8833-VWZ,Female,0,Yes,No,13,Yes,No,DSL,Yes,No,No,Yes,No,No,Month-to-month,Yes,Bank transfer (automatic),84.87,1094.28,1,No
1667-ALD,Male,0,No,No,52,Yes,No,Fiber optic,No,No,No,No,Yes,No,One year,Yes,Electronic check,96.57,5022.6,2,No
9080-HFU,Female,0,Yes,Yes,70,Yes,No,No,No internet service,No internet service,No internet service,No internet service,No internet service,No internet service,One year,Yes,Electronic check,41.91,2922.51,2,No
7604-KPP,Female,0,No,Yes,7,Yes,No,DSL,Yes,Yes,No,Yes,No,No,Month-to-month,Yes,Electronic check,96.95,692.35,2,Yes
2025-JLH,Female,0,No,Yes,9,No,No phone service,DSL,Yes,No,No,No,Yes,No,One year,No,Credit card (automatic),68.84,608.73,3,No
6546-JMY,Female,0,No,Yes,1,Yes,No,Fiber optic,No,No,Yes,No,No,No,Month-to-month,Yes,Mailed check,96.03,81.85,4,Yes
3022-XCT,Female,0,Yes,No,4,No,No phone service,DSL,No,No,No,No,No,Yes,Month-to-month,No,Mailed check,54.18,202.15,4,Yes
2298-GIS,Male,0,Yes,No,11,Yes,Yes,No,No internet service,No internet service,No internet service,No internet service,No internet service,No internet service,One year,Yes,Electronic check,49.12,549.95,2,No
7709-HVR,Male,0,Yes,No,29,Yes,No,Fiber optic,No,Yes,Yes,No,Yes,No,Month-to-month,Yes,Mailed check,117.29,3398.77,2,Yes
3620-WBR,Male,1,No,No,9,Yes,No,DSL,No,No,Yes,Yes,No,No,Month-to-month,Yes,Credit card (automatic),83.77,743.99,1,No
3289-KAN,Male,1,Yes,No,2,Yes,Yes,Fiber optic,No,No,Yes,No,No,No,Month-to-month,No,Mailed check,104.53,217.2,2,Yes
8690-AGP,Female,0,Yes,Yes,33,Yes,Yes,DSL,Yes,No,No,Yes,No,No,One year,Yes,Electronic check,92.65,3058.17,3,No
3666-PSQ,Female,1,No,Yes,16,Yes,Yes,No,No internet service,No internet service,No internet service,No internet service,No internet service,No internet service,Month-to-month,Yes,Bank transfer (automatic),47.18,757.24,3,Yes
8641-FKQ,Male,0,Yes,No,19,Yes,No,DSL,Yes,No,No,Yes,No,No,Month-to-month,Yes,Electronic check,85.39,1624.12,3,No
1840-RQL,Male,0,No,Yes,10,Yes,Yes,Fiber optic,Yes,Yes,Yes,Yes,No,No,One year,Yes,Bank transfer (automatic),136.36,1375.49,1,No
5118-VVE,Female,0,No,No,24,No,No phone service,DSL,No,Yes,No,No,Yes,No,Two year,Yes,Bank transfer (automatic),67.23,1608.96,2,No
8226-DCZ,Male,0,Yes,Yes,56,Yes,No,Fiber optic,No,Yes,Yes,No,Yes,No,Month-to-month,No,Credit card (automatic),116.08,6513.95,4,Yes
5311-WYQ,Female,0,No,No,21,Yes,Yes,No,No internet service,No internet service,No internet service,No internet service,No internet service,No internet service,Month-to-month,Yes,Electronic check,52.71,1095.91,5,Yes
3982-ZDW,Female,0,No,No,23,Yes,No,DSL,Yes,No,No,No,No,No,Month-to-month,Yes,Electronic check,73.33,1689.4,0,No
1556-LAU,Male,0,Yes,No,12,Yes,No,DSL,Yes,Yes,No,No,No,No,One year,Yes,Electronic check,85.11,1027.95,3,No
9146-UTR,Female,1,Yes,Yes,3,Yes,No,Fiber optic,No,Yes,No,No,No,Yes,Month-to-month,Yes,Bank transfer (automatic),105.58,320.91,0,Yes
5019-CQL,Female,1,No,Yes,14,Yes,No,Fiber optic,No,No,No,Yes,No,Yes,Month-to-month,No,Credit card (automatic),109.68,1548.43,5,Yes
1671-JHO,Male,0,Yes,No,65,Yes,Yes,Fiber optic,No,No,No,Yes,Yes,No,Month-to-month,No,Bank transfer (automatic),114.08,7406.55,1,No
2860-DZU,Male,0,No,No,29,Yes,No,No,No internet service,No internet service,No internet service,No internet service,No internet service,No internet service,One year,Yes,Credit card (automatic),42.28,1233.73,3,No
2074-UDO,Female,0,No,Yes,17,No,No phone service,Fiber optic,No,Yes,Yes,No,Yes,No,Two year,No,Bank transfer (automatic),97.35,1653.47,2,No
7763-CJO,Male,0,Yes,Yes,25,Yes,Yes,Fiber optic,No,Yes,No,No,No,No,One year,Yes,Credit card (automatic),107.61,2683.56,3,No
7327-WRA,Female,1,No,Yes,21,No,No phone service,Fiber optic,No,No,Yes,Yes,Yes,No,Month-to-month,No,Bank transfer (automatic),98.68,2058.77,4,Yes
3338-UZL,Male,1,Yes,No,61,No,No phone service,Fiber optic,Yes,No,No,No,No,Yes,Month-to-month,Yes,Mailed check,87.99,5357.02,0,No
5608-CCE,Female,1,Yes,No,7,Yes,Yes,DSL,Yes,No,Yes,No,Yes,No,Month-to-month,No,Bank transfer (automatic),108.5,752.24,1,Yes
7610-YAD,Female,0,No,Yes,55,Yes,Yes,No,No internet service,No internet service,No internet service,No internet service,No internet service,No internet service,Month-to-month,Yes,Electronic check,51.98,2862.48,3,No
5284-ZZD,Female,1,Yes,No,30,Yes,No,DSL,No,Yes,Yes,Yes,No,Yes,One year,Yes,Mailed check,105.8,3187.74,2,No
6901-RAV,Female,0,No,No,4,Yes,No,DSL,No,No,Yes,No,Yes,Yes,Month-to-month,No,Mailed check,100.29,394.95,5,Yes
5482-WUI,Female,0,No,No,12,Yes,Yes,No,No internet service,No internet service,No internet service,No internet service,No internet service,No internet service,One year,Yes,Credit card (automatic),47.79,561.08,3,No
7806-DUE,Female,0,Yes,No,15,Yes,Yes,DSL,Yes,Yes,Yes,No,Yes,No,Two year,Yes,Credit card (automatic),118.87,1778.82,0,No
8338-UZI,Female,1,Yes,Yes,3,Yes,No,DSL,Yes,Yes,No,Yes,Yes,No,Month-to-month,No,Bank transfer (automatic),109.67,343.88,3,Yes
6241-CFX,Female,1,Yes,No,21,Yes,No,Fiber optic,No,Yes,No,No,No,No,Month-to-month,No,Credit card (automatic),95.67,2017.56,1,Yes
3588-OWC,Female,0,No,No,8,Yes,No,Fiber optic,Yes,No,Yes,Yes,No,No,One year,No,Electronic check,117.24,927.67,1,No
4520-TVS,Male,0,Yes,No,16,Yes,Yes,Fiber optic,No,Yes,No,Yes,No,Yes,One year,Yes,Credit card (automatic),129.95,2069.7,1,No
4757-QVN,Female,1,Yes,No,15,Yes,Yes,No,No internet service,No internet service,No internet service,No internet service,No internet service,No internet service,Month-to-month,Yes,Electronic check,47.97,722.41,3,Yes
7000-YNL,Male,0,No,Yes,19,Yes,No,DSL,Yes,No,No,Yes,No,No,Two year,No,Bank transfer (automatic),83.56,1578.47,2,No
5239-AMF,Male,0,Yes,No,47,Yes,No,DSL,No,No,No,No,No,No,One year,Yes,Mailed check,64.91,3065.68,2,No
5150-SFG,Male,0,Yes,No,38,No,No phone service,DSL,No,Yes,No,No,Yes,No,Two year,Yes,Electronic check,68.92,2628.24,2,No
7468-FPY,Female,0,No,No,52,Yes,No,DSL,Yes,No,No,No,No,Yes,Two year,Yes,Credit card (automatic),88.93,4609.95,1,No
1864-MTJ,Female,1,Yes,No,22,Yes,Yes,DSL,No,No,No,No,Yes,No,Month-to-month,Yes,Electronic check,88.76,1946.4,3,Yes
9663-JIM,Male,0,Yes,Yes,24,Yes,No,Fiber optic,Yes,No,No,Yes,No,No,Month-to-month,Yes,Credit card (automatic),107.6,2575.62,3,Yes
2410-RTB,Female,0,Yes,Yes,15,Yes,No,No,No internet service,No internet service,No internet service,No internet service,No internet service,No internet service,Month-to-month,Yes,Mailed check,42.43,646.04,0,No
4483-SWM,Female,0,No,No,32,Yes,Yes,No,No internet service,No internet service,No internet service,No internet service,No internet service,No internet service,Two year,No,Mailed check,49.78,1590.11,1,No
4041-AXE,Female,0,Yes,Yes,6,Yes,Yes,No,No internet service,No internet service,No internet service,No internet service,No internet service,No internet service,Month-to-month,Yes,Mailed check,52.15,307.24,3,Yes
8287-CGX,Female,0,Yes,No,17,Yes,No,No,No internet service,No internet service,No internet service,No internet service,No internet service,No internet service,Month-to-month,No,Credit card (automatic),38.98,668.03,5,Yes
3750-VMW,Female,1,Yes,No,32,Yes,Yes,DSL,Yes,No,Yes,No,Yes,Yes,Month-to-month,Yes,Electronic check,120.96,3880.7,0,No
7429-RXU,Female,0,No,Yes,38,Yes,Yes,DSL,No,No,No,No,No,No,One year,No,Electronic check,77.6,2962.62,1,No
1774-AEQ,Male,1,Yes,No,8,Yes,No,Fiber optic,Yes,Yes,Yes,No,No,Yes,Month-to-month,Yes,Bank transfer (automatic),127.09,1027.67,2,Yes
7107-HOT,Male,1,Yes,Yes,6,Yes,Yes,Fiber optic,Yes,No,No,No,No,Yes,Month-to-month,Yes,Mailed check,114.44,692.95,2,Yes
1929-EAY,Male,0,No,No,9,Yes,No,DSL,No,No,No,No,Yes,No,Two year,Yes,Mailed check,76.9,688.27,2,No
8973-BZZ,Male,0,Yes,Yes,64,Yes,Yes,No,No internet service,No internet service,No internet service,No internet service,No internet service,No internet service,Month-to-month,Yes,Mailed check,48.59,3110.43,1,No
3819-GVZ,Male,0,No,Yes,4,Yes,No,Fiber optic,No,No,Yes,No,Yes,Yes,Month-to-month,Yes,Credit card (automatic),119.34,478.98,1,Yes
2184-AHT,Female,0,No,No,72,Yes,Yes,No,No internet service,No internet service,No internet service,No internet service,No internet service,No internet service,Month-to-month,No,Electronic check,50.46,3634.18,2,No
1527-UMW,Female,0,Yes,No,72,Yes,No,DSL,Yes,Yes,No,No,Yes,Yes,Month-to-month,Yes,Electronic check,108.56,7830.43,1,No
4319-ZWR,Female,0,No,Yes,39,Yes,No,DSL,No,No,No,No,No,No,One year,Yes,Mailed check,66.17,2588.89,1,No
4133-TJL,Male,0,Yes,Yes,36,Yes,No,Fiber optic,No,Yes,No,No,No,Yes,Month-to-month,No,Electronic check,106.92,3836.0,3,Yes
5928-JIC,Male,0,Yes,No,72,Yes,No,DSL,No,Yes,Yes,No,No,Yes,Month-to-month,Yes,Electronic check,98.59,7101.5,2,No
5091-SZI,Female,0,No,No,9,Yes,Yes,No,No internet service,No internet service,No internet service,No internet service,No internet service,No internet service,One year,Yes,Credit card (automatic),47.71,436.01,1,No
7249-SPX,Male,0,Yes,No,4,Yes,No,No,No internet service,No internet service,No internet service,No internet service,No internet service,No internet service,Month-to-month,No,Mailed check,41.59,161.93,0,No
1892-CBA,Female,0,Yes,Yes,44,Yes,No,Fiber optic,No,Yes,Yes,No,No,Yes,One year,No,Bank transfer (automatic),117.43,5156.08,2,No
6873-XIM,Female,0,Yes,No,5,Yes,Yes,No,No internet service,No internet service,No internet service,No internet service,No internet service,No internet service,Month-to-month,No,Electronic check,47.5,231.14,5,Yes
1897-GPU,Female,0,No,Yes,2,Yes,Yes,DSL,No,No,Yes,Yes,Yes,Yes,Month-to-month,Yes,Bank transfer (automatic),117.49,225.25,3,Yes
6778-YOV,Male,0,No,No,6,Yes,Yes,Fiber optic,Yes,Yes,No,No,Yes,Yes,Month-to-month,Yes,Mailed check,136.98,824.37,3,Yes
5512-UGT,Male,1,Yes,No,15,Yes,Yes,DSL,No,No,No,No,Yes,No,Two year,Yes,Electronic check,89.14,1334.84,4,No
6640-YYA,Female,0,Yes,No,18,Yes,Yes,Fiber optic,No,No,Yes,No,Yes,Yes,Month-to-month,No,Mailed check,130.5,2363.88,7,Yes
5370-NTJ,Female,0,No,No,2,No,No phone service,DSL,Yes,No,No,No,Yes,Yes,Month-to-month,Yes,Credit card (automatic),78.02,169.88,1,No
4816-JFQ,Male,0,No,No,15,Yes,Yes,Fiber optic,No,No,Yes,Yes,No,Yes,Month-to-month,No,Bank transfer (automatic),129.36,1950.2,1,Yes
5184-FDT,Male,0,Yes,No,24,Yes,Yes,Fiber optic,No,No,No,No,Yes,No,Month-to-month,No,Mailed check,108.75,2613.7,3,Yes
6969-ZXD,Male,0,No,No,68,Yes,No,Fiber optic,No,No,Yes,No,No,Yes,One year,No,Bank transfer (automatic),104.45,7092.23,2,No
9127-HQE,Male,0,Yes,No,7,No,No phone service,Fiber optic,No,Yes,No,Yes,Yes,Yes,One year,Yes,Electronic check,111.8,777.68,2,Yes
1632-AMD,Female,0,No,No,6,Yes,Yes,Fiber optic,Yes,Yes,No,No,Yes,No,Month-to-month,Yes,Mailed check,129.62,775.25,3,Yes
3901-ZXN,Female,0,No,Yes,13,Yes,No,DSL,No,Yes,No,Yes,No,No,Month-to-month,Yes,Electronic check,85.24,1115.35,0,No
4872-WLK,Male,0,Yes,No,72,No,No phone service,DSL,Yes,No,No,No,No,No,Two year,No,Mailed check,56.05,4042.37,1,No
9007-YFV,Male,0,No,No,11,Yes,Yes,Fiber optic,No,No,No,No,No,No,Month-to-month,No,Mailed check,95.18,1054.81,1,Yes
4553-STT,Male,0,No,No,2,No,No phone service,Fiber optic,Yes,No,Yes,No,No,No,One year,Yes,Bank transfer (automatic),84.59,182.3,5,Yes
1544-JPD,Male,0,No,No,8,Yes,No,DSL,No,No,Yes,No,No,Yes,Month-to-month,Yes,Credit card (automatic),85.15,678.56,6,Yes
7618-KPT,Female,0,Yes,Yes,21,Yes,Yes,Fiber optic,No,No,No,No,Yes,Yes,Month-to-month,No,Credit card (automatic),120.45,2518.31,2,Yes
1096-PSU,Male,0,No,Yes,14,Yes,No,No,No internet service,No internet service,No internet service,No internet service,No internet service,No internet service,Month-to-month,No,Electronic check,37.7,538.81,1,Yes
6397-III,Male,0,Yes,Yes,38,Yes,Yes,Fiber optic,No,Yes,No,Yes,No,Yes,Two year,Yes,Electronic check,128.27,4889.09,2,No
6914-QLY,Female,0,Yes,No,24,Yes,No,Fiber optic,No,Yes,No,Yes,No,Yes,Two year,Yes,Credit card (automatic),118.04,2838.83,1,No
9399-RAA,Male,0,Yes,No,21,Yes,No,No,No internet service,No internet service,No internet service,No internet service,No internet service,No internet service,Two year,Yes,Mailed check,42.92,894.36,3,No
5299-FIW,Female,0,No,No,10,Yes,Yes,No,No internet service,No internet service,No internet service,No internet service,No internet service,No internet service,Two year,Yes,Mailed check,48.37,481.76,4,No
9634-PRQ,Female,0,Yes,Yes,21,Yes,Yes,No,No internet service,No internet service,No internet service,No internet service,No internet service,No internet service,Month-to-month,Yes,Bank transfer (automatic),50.63,1060.32,3,No
2461-HCZ,Female,0,No,No,24,Yes,No,No,No internet service,No internet service,No internet service,No internet service,No internet service,No internet service,Month-to-month,No,Credit card (automatic),38.13,918.76,4,No
8192-ZEW,Male,0,Yes,No,5,No,No phone service,No,No internet service,No internet service,No internet service,No internet service,No internet service,No internet service,One year,Yes,Mailed check,20.98,112.04,2,No
5775-SRR,Female,0,No,No,34,Yes,Yes,Fiber optic,Yes,Yes,No,No,Yes,No,Month-to-month,Yes,Electronic check,127.09,4316.55,2,Yes
8028-AOR,Male,0,Yes,No,13,Yes,Yes,Fiber optic,No,No,No,No,No,No,Two year,Yes,Electronic check,94.05,1234.68,2,No
1952-GPP,Male,0,Yes,No,34,Yes,Yes,Fiber optic,Yes,No,No,No,No,No,One year,Yes,Bank transfer (automatic),105.89,3600.99,1,No
8205-IGN,Female,0,No,No,5,Yes,Yes,DSL,No,No,Yes,No,Yes,No,Month-to-month,Yes,Electronic check,97.41,496.42,3,Yes
3484-PYF,Female,0,No,Yes,27,Yes,Yes,DSL,No,No,No,Yes,Yes,No,Two year,No,Electronic check,98.51,2671.09,1,No
8829-PTP,Female,0,Yes,No,1,Yes,No,Fiber optic,No,Yes,No,No,Yes,Yes,Two year,Yes,Electronic check,116.2,126.96,2,Yes
1656-EYM,Male,0,No,No,5,Yes,No,Fiber optic,No,Yes,No,No,Yes,Yes,Month-to-month,No,Electronic check,121.03,608.34,2,Yes
7839-ELI,Male,0,Yes,No,56,Yes,Yes,No,No internet service,No internet service,No internet service,No internet service,No internet service,No internet service,One year,Yes,Credit card (automatic),52.69,2942.44,3,No
8938-CAY,Female,0,No,No,16,Yes,No,DSL,Yes,Yes,Yes,No,Yes,No,Month-to-month,No,Credit card (automatic),104.99,1683.91,3,Yes
4285-RXL,Male,0,Yes,No,18,Yes,No,No,No internet service,No internet service,No internet service,No internet service,No internet service,No internet service,One year,No,Electronic check,38.35,694.92,1,No
5584-RRG,Female,0,Yes,Yes,60,Yes,Yes,DSL,No,Yes,No,No,No,Yes,Month-to-month,No,Credit card (automatic),97.04,5819.16,0,No
9026-DMQ,Male,0,No,No,17,Yes,Yes,DSL,No,No,No,No,Yes,No,Month-to-month,Yes,Mailed check,88.23,1501.97,3,Yes
3273-NCE,Male,0,Yes,No,27,Yes,No,DSL,No,Yes,No,Yes,Yes,Yes,Month-to-month,Yes,Electronic check,108.77,2938.16,2,No
2677-CWG,Male,1,No,No,7,No,No phone service,No,No internet service,No internet service,No internet service,No internet service,No internet service,No internet service,Month-to-month,No,Mailed check,19.77,123.53,1,No
6873-MWV,Male,0,Yes,No,3,No,No phone service,DSL,No,No,No,No,No,Yes,Month-to-month,No,Electronic check,59.99,183.69,0,No
3520-MPI,Female,0,Yes,No,11,No,No phone service,DSL,No,Yes,Yes,No,No,No,One year,Yes,Electronic check,64.13,692.98,3,No
6729-WEV,Female,0,No,No,41,Yes,No,No,No internet service,No internet service,No internet service,No internet service,No internet service,No internet service,Month-to-month,Yes,Electronic check,40.58,1659.69,1,No
4683-QIT,Female,0,Yes,No,15,Yes,No,DSL,Yes,No,No,Yes,No,Yes,One year,Yes,Electronic check,98.93,1482.73,4,No
9055-RUV,Male,1,Yes,Yes,5,Yes,Yes,DSL,No,No,No,No,Yes,Yes,Two year,Yes,Mailed check,97.12,492.88,0,No
2868-HAQ,Male,0,Yes,No,20,Yes,No,DSL,No,Yes,Yes,Yes,No,Yes,Month-to-month,No,Bank transfer (automatic),109.73,2185.17,0,No
7403-UMI,Female,0,Yes,Yes,8,Yes,Yes,No,No internet service,No internet service,No internet service,No internet service,No internet service,No internet service,One year,No,Electronic check,48.12,398.2,3,No
7010-GWX,Female,0,Yes,No,72,Yes,No,No,No internet service,No internet service,No internet service,No internet service,No internet service,No internet service,Two year,Yes,Bank transfer (automatic),40.14,2877.0,4,No
8678-EEQ,Female,0,No,Yes,22,Yes,Yes,Fiber optic,No,Yes,No,Yes,No,Yes,Two year,Yes,Credit card (automatic),127.41,2789.72,4,No
5637-IFY,Male,0,Yes,No,72,Yes,No,DSL,No,No,No,Yes,Yes,No,Month-to-month,Yes,Electronic check,87.66,6300.93,3,No
7034-PUB,Female,0,No,No,2,Yes,No,No,No internet service,No internet service,No internet service,No internet service,No internet service,No internet service,Month-to-month,No,Electronic check,37.75,65.29,2,Yes
9457-PEO,Female,0,Yes,Yes,1,Yes,No,DSL,No,No,Yes,No,Yes,No,Month-to-month,Yes,Credit card (automatic),84.57,87.14,1,Yes
7476-MMO,Female,0,No,No,17,Yes,Yes,Fiber optic,Yes,Yes,No,No,Yes,No,Month-to-month,Yes,Bank transfer (automatic),125.32,2139.07,2,Yes
5717-HKR,Female,0,Yes,No,50,Yes,Yes,Fiber optic,No,No,No,Yes,No,No,Two year,Yes,Electronic check,105.98,5305.41,3,No
6539-ZJA,Female,0,Yes,No,19,No,No phone service,No,No internet service,No internet service,No internet service,No internet service,No internet service,No internet service,One year,Yes,Mailed check,18.5,342.05,2,No
2284-MAW,Female,0,Yes,No,53,Yes,No,Fiber optic,No,Yes,No,No,No,No,Two year,No,Bank transfer (automatic),95.91,5094.79,3,No
6607-CCG,Female,1,Yes,Yes,4,Yes,No,Fiber optic,Yes,Yes,No,No,Yes,Yes,Month-to-month,No,Electronic check,127.55,500.23,3,Yes
3787-COH,Female,0,No,Yes,31,Yes,No,Fiber optic,No,Yes,Yes,Yes,No,No,Two year,No,Electronic check,112.64,3494.81,5,No
7338-GRK,Female,0,Yes,No,27,Yes,No,No,No internet service,No internet service,No internet service,No internet service,No internet service,No internet service,One year,Yes,Bank transfer (automatic),39.27,1060.91,1,No
5522-QFH,Male,0,No,No,20,Yes,No,No,No internet service,No internet service,No internet service,No internet service,No internet service,No internet service,Two year,No,Mailed check,39.79,799.06,4,No
2472-JYS,Female,0,No,No,13,No,No phone service,Fiber optic,No,No,No,Yes,Yes,No,One year,Yes,Electronic check,85.56,1104.42,2,No
5354-DKO,Female,1,Yes,No,27,Yes,No,No,No internet service,No internet service,No internet service,No internet service,No internet service,No internet service,Month-to-month,Yes,Mailed check,41.86,1132.23,4,Yes
7112-IKS,Female,0,Yes,No,20,Yes,Yes,Fiber optic,Yes,No,No,No,Yes,Yes,One year,No,Credit card (automatic),128.75,2571.15,2,No
2388-ZPD,Male,0,No,No,8,Yes,No,Fiber optic,No,No,No,No,No,Yes,One year,Yes,Mailed check,96.08,774.09,2,No
5576-TMA,Male,0,Yes,No,3,Yes,Yes,DSL,Yes,Yes,No,No,Yes,No,One year,Yes,Electronic check,109.65,326.91,3,Yes
9708-ENW,Female,0,No,No,13,Yes,Yes,Fiber optic,No,No,No,No,No,Yes,Month-to-month,No,Electronic check,105.44,1356.77,2,Yes
1781-HDG,Male,0,No,No,18,Yes,Yes,DSL,Yes,No,Yes,No,No,No,Month-to-month,No,Electronic check,93.45,1679.13,1,No
7131-SOV,Male,0,No,Yes,18,No,No phone service,Fiber optic,No,Yes,Yes,Yes,No,No,One year,No,Electronic check,97.7,1745.49,2,No
5995-SIU,Female,0,No,Yes,14,Yes,No,DSL,No,No,No,No,No,No,Two year,Yes,Mailed check,66.41,936.83,3,No
1502-NVJ,Male,0,No,No,10,Yes,Yes,Fiber optic,No,No,Yes,No,No,No,Two year,No,Mailed check,102.52,1017.38,2,No
1623-EWF,Male,0,No,Yes,11,Yes,Yes,No,No internet service,No internet service,No internet service,No internet service,No internet service,No internet service,Two year,No,Mailed check,50.49,545.9,2,No
8385-BMM,Female,0,Yes,Yes,8,Yes,Yes,DSL,No,No,No,Yes,No,Yes,One year,Yes,Bank transfer (automatic),97.16,787.12,2,No
5018-RSA,Female,0,Yes,No,22,Yes,Yes,Fiber optic,No,Yes,No,Yes,Yes,Yes,Month-to-month,Yes,Credit card (automatic),137.62,3029.44,1,No
4367-VPB,Male,0,No,Yes,48,Yes,No,DSL,No,No,No,Yes,Yes,Yes,Month-to-month,Yes,Credit card (automatic),101.54,4885.92,3,No
2573-PWK,Female,0,No,No,53,Yes,No,Fiber optic,No,Yes,No,No,No,No,Month-to-month,No,Electronic check,95.77,5070.92,1,No
3768-WSK,Female,1,No,No,72,Yes,No,Fiber optic,No,No,No,No,No,Yes,Two year,Yes,Bank transfer (automatic),97.71,7027.32,3,No
2211-HVD,Female,0,No,No,3,No,No phone service,DSL,No,No,No,Yes,Yes,Yes,Month-to-month,No,Mailed check,81.91,238.75,1,Yes
2160-ZBP,Male,1,Yes,Yes,7,Yes,Yes,DSL,No,Yes,No,No,No,No,Two year,Yes,Electronic check,86.62,621.29,1,No
6876-UZS,Female,0,No,No,33,Yes,Yes,DSL,No,No,Yes,Yes,No,No,Month-to-month,No,Mailed check,94.7,3134.67,2,No
5635-HNX,Male,0,Yes,No,26,Yes,No,Fiber optic,No,No,Yes,Yes,No,Yes,Month-to-month,No,Electronic check,117.16,3053.33,1,Yes
2079-ZXS,Male,0,No,Yes,4,Yes,No,Fiber optic,No,Yes,Yes,No,No,Yes,Month-to-month,Yes,Mailed check,116.63,456.68,4,Yes
3847-RIB,Female,0,No,No,25,Yes,Yes,Fiber optic,No,Yes,No,No,No,Yes,Month-to-month,No,Mailed check,119.56,2975.24,3,Yes
5888-TLB,Male,0,Yes,No,14,Yes,Yes,Fiber optic,No,No,No,Yes,No,No,Two year,Yes,Electronic check,107.77,1504.42,0,No
1419-YLI,Female,0,No,Yes,72,No,No phone service,Fiber optic,Yes,Yes,Yes,No,No,No,One year,Yes,Mailed check,97.33,7021.26,2,No
6283-IFA,Female,0,No,Yes,49,Yes,Yes,Fiber optic,No,No,No,No,No,Yes,Month-to-month,No,Credit card (automatic),104.01,5091.37,5,Yes
2340-NVY,Female,0,No,No,2,Yes,No,No,No internet service,No internet service,No internet service,No internet service,No internet service,No internet service,Month-to-month,Yes,Credit card (automatic),42.41,90.82,0,No
6137-FRT,Female,0,Yes,No,3,Yes,No,Fiber optic,No,Yes,No,No,No,No,Month-to-month,Yes,Electronic check,92.71,275.65,3,Yes
1591-OPH,Female,0,Yes,No,14,Yes,No,Fiber optic,No,No,Yes,Yes,No,Yes,One year,Yes,Bank transfer (automatic),117.1,1626.0,0,No
2292-WKY,Male,0,No,No,1,Yes,Yes,Fiber optic,No,Yes,No,No,Yes,Yes,One year,Yes,Credit card (automatic),126.44,118.93,2,Yes
3758-QRV,Male,0,Yes,No,3,Yes,No,Fiber optic,No,No,No,Yes,No,Yes,One year,Yes,Credit card (automatic),106.28,331.04,2,Yes
9494-WVV,Female,0,Yes,No,68,Yes,No,Fiber optic,No,No,No,No,No,No,Month-to-month,Yes,Electronic check,82.19,5602.99,1,No
1832-PEZ,Male,1,No,No,40,Yes,Yes,No,No internet service,No internet service,No internet service,No internet service,No internet service,No internet service,Month-to-month,No,Electronic check,51.83,2060.4,1,No
6794-WJS,Male,0,No,Yes,28,No,No phone service,No,No internet service,No internet service,No internet service,No internet service,No internet service,No internet service,Month-to-month,Yes,Bank transfer (automatic),20.67,576.09,1,No
6220-GNC,Male,1,Yes,Yes,45,No,No phone service,DSL,Yes,No,Yes,No,No,No,One year,Yes,Electronic check,62.38,2801.42,7,No
1684-MJB,Male,1,Yes,Yes,8,Yes,No,No,No internet service,No internet service,No internet service,No internet service,No internet service,No internet service,Two year,Yes,Credit card (automatic),39.43,304.15,4,No
9007-DYL,Female,0,No,Yes,33,Yes,No,No,No internet service,No internet service,No internet service,No internet service,No internet service,No internet service,One year,Yes,Mailed check,42.0,1373.4,2,No
1430-HGN,Female,0,No,No,24,Yes,No,No,No internet service,No internet service,No internet service,No internet service,No internet service,No internet service,Month-to-month,No,Bank transfer (automatic),40.6,983.4,4,No
6782-SNV,Female,1,Yes,No,48,Yes,No,DSL,Yes,No,No,No,No,Yes,Two year,Yes,Electronic check,87.49,4213.78,5,No
2420-UAS,Male,1,Yes,No,9,Yes,No,Fiber optic,No,Yes,No,No,Yes,No,Two year,No,Electronic check,106.77,958.38,1,Yes
9635-ADJ,Male,0,No,No,37,Yes,No,Fiber optic,Yes,Yes,No,No,No,No,Two year,Yes,Electronic check,104.85,3873.63,0,No
2538-TIC,Female,0,Yes,No,48,Yes,Yes,Fiber optic,No,No,No,Yes,Yes,Yes,Month-to-month,Yes,Bank transfer (automatic),131.37,6310.79,3,No
7939-FFW,Female,0,Yes,No,20,Yes,No,Fiber optic,No,Yes,No,No,No,No,Two year,No,Electronic check,95.59,1909.11,4,No
6944-LWA,Male,0,No,No,14,Yes,Yes,No,No internet service,No internet service,No internet service,No internet service,No internet service,No internet service,Month-to-month,Yes,Credit card (automatic),52.44,738.8,1,No
6263-XEI,Female,0,No,No,72,Yes,Yes,Fiber optic,No,Yes,No,Yes,Yes,No,Month-to-month,Yes,Electronic check,128.74,9278.44,1,No
3793-MOL,Male,1,No,No,5,Yes,Yes,DSL,Yes,No,Yes,No,No,Yes,Month-to-month,Yes,Bank transfer (automatic),108.65,539.69,4,Yes
3372-ERL,Female,0,No,No,1,Yes,Yes,Fiber optic,No,Yes,No,No,No,No,One year,Yes,Credit card (automatic),106.86,91.88,1,Yes
1154-CZY,Female,1,No,Yes,5,Yes,No,Fiber optic,No,No,No,No,No,No,Month-to-month,Yes,Mailed check,87.21,438.33,1,Yes
5080-SRA,Male,0,No,No,29,Yes,No,Fiber optic,Yes,No,No,No,Yes,No,Month-to-month,No,Electronic check,104.6,3041.26,5,Yes
2892-BAG,Female,0,No,No,39,Yes,No,DSL,No,Yes,No,No,No,No,One year,Yes,Credit card (automatic),73.28,2859.26,1,No
3015-RQB,Female,1,No,Yes,32,Yes,No,Fiber optic,Yes,No,No,Yes,No,Yes,Month-to-month,No,Bank transfer (automatic),116.35,3721.17,2,No
1565-UCL,Female,0,Yes,No,14,Yes,Yes,DSL,No,No,Yes,No,Yes,No,Month-to-month,No,Credit card (automatic),96.65,1365.9,1,Yes
3314-LYD,Female,0,No,Yes,72,No,No phone service,No,No internet service,No internet service,No internet service,No internet service,No internet service,No internet service,Two year,Yes,Electronic check,18.5,1345.2,1,No
9216-PTR,Female,0,No,No,15,Yes,Yes,No,No internet service,No internet service,No internet service,No internet service,No internet service,No internet service,Month-to-month,No,Mailed check,49.31,746.28,2,No
8902-DVF,Female,0,Yes,Yes,72,Yes,Yes,No,No internet service,No internet service,No internet service,No internet service,No internet service,No internet service,One year,Yes,Mailed check,50.22,3618.82,2,No
8156-OAC,Male,0,No,Yes,63,Yes,No,Fiber optic,No,No,No,Yes,Yes,No,Two year,Yes,Bank transfer (automatic),109.4,6882.78,3,No
7884-VQN,Male,0,Yes,Yes,14,Yes,No,Fiber optic,No,No,No,No,No,Yes,Two year,Yes,Mailed check,95.98,1336.22,4,Yes
4688-CZM,Male,0,Yes,No,5,Yes,No,No,No internet service,No internet service,No internet service,No internet service,No internet service,No internet service,Month-to-month,Yes,Electronic check,41.54,220.58,0,No
5023-OMS,Male,0,Yes,Yes,3,Yes,No,DSL,Yes,Yes,No,No,No,No,Month-to-month,No,Electronic check,87.34,271.51,2,Yes
4215-RGM,Male,0,Yes,Yes,19,Yes,No,Fiber optic,Yes,No,No,No,No,No,Month-to-month,Yes,Mailed check,93.71,1793.32,3,Yes
4037-JIG,Female,0,Yes,No,37,Yes,Yes,Fiber optic,No,No,Yes,Yes,Yes,Yes,Month-to-month,No,Credit card (automatic),139.21,5157.51,1,Yes
4131-HSK,Female,0,No,No,5,Yes,No,Fiber optic,Yes,No,No,Yes,No,No,Month-to-month,Yes,Mailed check,105.98,539.09,4,Yes
1233-PWM,Male,0,No,Yes,10,Yes,No,No,No internet service,No internet service,No internet service,No internet service,No internet service,No internet service,One year,No,Electronic check,40.31,411.68,1,No
1889-PJX,Female,0,No,No,25,Yes,No,Fiber optic,No,No,Yes,No,No,No,Month-to-month,Yes,Bank transfer (automatic),93.64,2354.78,3,Yes
1427-YFL,Female,0,No,Yes,16,Yes,Yes,Fiber optic,No,Yes,No,Yes,No,Yes,Month-to-month,Yes,Bank transfer (automatic),126.69,2032.46,4,Yes
8025-RDI,Female,0,No,No,24,Yes,Yes,DSL,No,No,No,Yes,Yes,No,One year,No,Electronic check,94.09,2255.3,1,No
9326-RHK,Female,0,No,No,29,Yes,Yes,DSL,No,No,Yes,No,No,Yes,Month-to-month,Yes,Bank transfer (automatic),99.36,2868.19,2,No
4718-IHC,Female,0,No,Yes,12,Yes,Yes,No,No internet service,No internet service,No internet service,No internet service,No internet service,No internet service,Month-to-month,Yes,Credit card (automatic),49.94,602.63,3,Yes
6008-BON,Male,0,No,No,39,No,No phone service,DSL,No,Yes,No,No,No,No,Month-to-month,Yes,Credit card (automatic),55.21,2163.93,1,No
8388-RPT,Male,0,Yes,Yes,31,Yes,No,No,No internet service,No internet service,No internet service,No internet service,No internet service,No internet service,One year,No,Credit card (automatic),42.71,1314.89,0,No
8171-YTF,Female,0,Yes,No,30,Yes,No,No,No internet service,No internet service,No internet service,No internet service,No internet service,No internet service,Month-to-month,No,Electronic check,41.81,1256.78,2,No
5261-ZKZ,Male,1,No,No,5,No,No phone service,DSL,Yes,Yes,No,No,No,Yes,One year,Yes,Electronic check,76.63,370.63,5,Yes
4088-XCM,Male,1,Yes,Yes,17,Yes,Yes,DSL,No,Yes,Yes,No,Yes,No,Month-to-month,Yes,Electronic check,105.11,1790.1,2,Yes
4573-CPO,Male,0,Yes,Yes,22,Yes,Yes,DSL,Yes,No,No,Yes,No,No,One year,Yes,Credit card (automatic),95.52,2116.19,5,No
8313-OEP,Male,0,Yes,No,7,Yes,Yes,DSL,No,Yes,Yes,No,Yes,No,Month-to-month,Yes,Mailed check,108.54,753.29,1,Yes
5925-PQI,Female,1,No,No,36,No,No phone service,DSL,Yes,Yes,Yes,Yes,No,Yes,Month-to-month,Yes,Mailed check,96.75,3474.02,3,No
9090-WCT,Male,0,Yes,Yes,4,Yes,Yes,DSL,No,No,Yes,No,No,No,Month-to-month,Yes,Credit card (automatic),84.09,343.7,2,Yes
6292-VCG,Female,0,No,Yes,5,Yes,No,Fiber optic,Yes,No,Yes,Yes,No,Yes,One year,Yes,Bank transfer (automatic),128.78,645.46,0,No
2995-OUT,Male,0,Yes,No,14,Yes,Yes,No,No internet service,No internet service,No internet service,No internet service,No internet service,No internet service,Two year,Yes,Mailed check,47.06,658.64,1,No
8145-ASS,Male,1,No,No,4,Yes,Yes,DSL,No,No,No,No,Yes,No,Two year,Yes,Electronic check,84.44,344.95,2,No
3102-WML,Female,0,No,Yes,1,Yes,Yes,DSL,No,No,No,No,No,No,Month-to-month,Yes,Electronic check,76.02,78.81,3,Yes
1242-XPY,Female,0,Yes,No,14,Yes,No,No,No internet service,No internet service,No internet service,No internet service,No internet service,No internet service,Two year,Yes,Electronic check,37.55,538.55,3,No
7747-OPK,Male,0,No,No,27,Yes,No,DSL,No,No,No,No,No,No,Month-to-month,No,Electronic check,65.85,1774.5,4,Yes
8863-FKC,Male,1,No,No,18,Yes,No,DSL,No,No,No,Yes,Yes,Yes,Two year,No,Bank transfer (automatic),96.85,1737.32,2,No
2550-AGA,Female,0,Yes,No,2,Yes,No,DSL,No,No,Yes,No,Yes,No,Two year,Yes,Mailed check,88.57,183.46,2,No
5656-IZW,Male,0,Yes,No,7,Yes,Yes,DSL,Yes,No,Yes,Yes,No,Yes,Month-to-month,No,Bank transfer (automatic),115.87,821.02,1,Yes
7572-KTF,Female,0,Yes,Yes,19,Yes,Yes,Fiber optic,Yes,Yes,Yes,No,No,Yes,Month-to-month,No,Electronic check,136.07,2575.6,2,Yes
7539-VTW,Female,0,No,No,34,Yes,No,DSL,Yes,Yes,No,Yes,No,No,Month-to-month,Yes,Credit card (automatic),92.49,3155.49,4,No
8218-QDC,Female,0,Yes,No,40,Yes,No,Fiber optic,No,No,Yes,No,No,Yes,Month-to-month,No,Electronic check,104.3,4173.54,7,Yes
2690-UOH,Male,0,Yes,Yes,19,Yes,Yes,Fiber optic,Yes,No,Yes,No,No,Yes,Two year,No,Mailed check,127.45,2424.6,1,No
9659-NDE,Female,0,No,No,26,Yes,No,Fiber optic,No,No,No,No,No,No,Month-to-month,No,Credit card (automatic),83.44,2168.58,1,No
2494-MXO,Female,0,Yes,No,59,Yes,Yes,Fiber optic,No,No,No,Yes,Yes,No,Month-to-month,Yes,Bank transfer (automatic),114.31,6736.34,2,No
1901-AWS,Male,0,Yes,No,2,Yes,No,DSL,Yes,No,No,No,Yes,No,Month-to-month,Yes,Electronic check,85.77,182.78,2,Yes
1444-FOP,Female,0,No,No,3,Yes,No,Fiber optic,No,No,No,No,Yes,No,Month-to-month,Yes,Credit card (automatic),99.85,313.02,1,Yes
3198-PJV,Male,0,Yes,No,16,Yes,No,No,No internet service,No internet service,No internet service,No internet service,No internet service,No internet service,Two year,Yes,Electronic check,37.1,597.64,3,No
5008-QQQ,Male,0,No,No,24,Yes,Yes,DSL,No,No,No,No,Yes,No,One year,No,Mailed check,89.16,2131.72,0,No
2463-LML,Female,0,No,No,1,Yes,Yes,DSL,No,No,No,No,Yes,Yes,Month-to-month,No,Electronic check,101.36,111.65,2,Yes
1493-JWS,Male,0,Yes,No,16,Yes,No,No,No internet service,No internet service,No internet service,No internet service,No internet service,No internet service,Month-to-month,Yes,Mailed check,38.93,616.27,4,Yes
2793-DSG,Male,0,No,No,5,Yes,No,Fiber optic,Yes,Yes,No,Yes,No,Yes,Month-to-month,Yes,Credit card (automatic),127.39,626.05,1,Yes
5761-OOX,Male,0,No,No,26,Yes,No,DSL,No,No,No,No,Yes,No,One year,Yes,Electronic check,74.85,1945.42,3,No
9741-CFP,Female,0,No,Yes,8,Yes,Yes,Fiber optic,Yes,Yes,Yes,Yes,No,No,Two year,No,Electronic check,135.85,1093.82,6,No
5190-GKZ,Female,0,Yes,No,59,Yes,No,DSL,No,No,No,No,No,No,Two year,Yes,Electronic check,67.75,3990.86,1,No
9381-GDX,Female,0,Yes,Yes,2,Yes,Yes,Fiber optic,No,No,Yes,Yes,Yes,No,One year,Yes,Bank transfer (automatic),126.06,238.92,0,No
1755-GDL,Male,1,No,No,42,Yes,No,No,No internet service,No internet service,No internet service,No internet service,No internet service,No internet service,Month-to-month,No,Bank transfer (automatic),40.16,1699.78,5,Yes
5150-ZSZ,Female,0,Yes,Yes,13,Yes,No,No,No internet service,No internet service,No internet service,No internet service,No internet service,No internet service,Month-to-month,Yes,Mailed check,38.83,492.72,2,No
2316-SUC,Female,0,No,No,49,Yes,No,DSL,No,No,No,No,Yes,No,Month-to-month,No,Bank transfer (automatic),76.71,3749.31,5,No
2145-KGQ,Male,0,No,No,43,Yes,Yes,Fiber optic,No,No,Yes,No,No,No,Month-to-month,No,Mailed check,104.63,4508.33,2,Yes
2912-IUI,Female,0,Yes,No,7,Yes,Yes,Fiber optic,No,No,No,Yes,No,Yes,Two year,No,Electronic check,118.32,832.46,3,No
3409-MOV,Male,0,No,Yes,2,Yes,Yes,Fiber optic,No,Yes,No,Yes,Yes,No,One year,Yes,Bank transfer (automatic),128.83,251.01,2,Yes
5292-CHT,Female,0,No,Yes,30,Yes,No,DSL,No,No,No,No,No,No,Month-to-month,Yes,Electronic check,67.15,2024.31,0,No
2417-MCV,Male,1,Yes,No,6,Yes,Yes,No,No internet service,No internet service,No internet service,No internet service,No internet service,No internet service,Month-to-month,Yes,Mailed check,48.39,287.75,2,Yes
2287-IVU,Male,0,No,No,67,Yes,No,Fiber optic,No,No,Yes,No,No,Yes,Month-to-month,Yes,Credit card (automatic),105.49,7053.17,5,No
9907-KBR,Male,0,Yes,Yes,2,Yes,Yes,DSL,No,No,No,Yes,No,No,One year,Yes,Credit card (automatic),87.92,169.48,1,No
9104-BBC,Male,0,No,No,10,No,No phone service,Fiber optic,No,No,Yes,Yes,No,Yes,Month-to-month,Yes,Electronic check,99.16,990.71,3,Yes
4407-SDW,Female,0,No,Yes,1,Yes,Yes,DSL,No,No,Yes,Yes,Yes,Yes,Month-to-month,No,Mailed check,118.98,121.72,2,Yes
8416-RTY,Male,0,No,No,10,Yes,Yes,DSL,No,No,Yes,No,Yes,Yes,One year,No,Credit card (automatic),111.91,1127.13,3,No
2897-KQZ,Male,0,Yes,No,20,Yes,No,DSL,Yes,No,No,No,Yes,No,Month-to-month,Yes,Credit card (automatic),84.85,1686.64,1,No
5087-YWX,Male,0,Yes,Yes,27,Yes,No,DSL,No,No,No,No,No,No,One year,No,Credit card (automatic),67.92,1842.09,2,No
5019-PTM,Male,0,No,Yes,33,Yes,Yes,DSL,No,Yes,No,Yes,No,No,Two year,Yes,Mailed check,93.52,3085.7,2,No
8255-BYN,Male,0,Yes,No,45,Yes,Yes,Fiber optic,No,Yes,No,No,No,No,One year,Yes,Mailed check,107.58,4827.2,1,No
5867-QMD,Male,0,No,No,3,Yes,No,Fiber optic,No,Yes,Yes,No,No,Yes,Month-to-month,Yes,Mailed check,116.79,349.44,0,Yes
3722-LVW,Female,1,No,No,36,Yes,Yes,Fiber optic,No,No,No,No,Yes,No,Month-to-month,Yes,Electronic check,106.81,3837.9,1,No
6319-BFV,Male,0,Yes,No,9,Yes,Yes,Fiber optic,No,No,No,No,No,Yes,Month-to-month,Yes,Bank transfer (automatic),104.67,934.18,1,Yes
2673-LUJ,Female,0,Yes,Yes,4,Yes,No,Fiber optic,No,No,No,Yes,No,No,Month-to-month,No,Credit card (automatic),97.4,384.76,3,Yes
7857-WCT,Male,0,No,No,8,No,No phone service,DSL,No,No,No,Yes,No,No,Month-to-month,Yes,Credit card (automatic),57.08,458.83,4,Yes
7172-ITS,Male,0,No,Yes,49,Yes,No,Fiber optic,No,No,No,No,No,Yes,Month-to-month,Yes,Electronic check,97.43,4776.82,5,Yes
7305-ETH,Female,0,Yes,Yes,25,Yes,Yes,No,No internet service,No internet service,No internet service,No internet service,No internet service,No internet service,Month-to-month,Yes,Credit card (automatic),48.65,1229.07,3,No
8238-FKL,Male,0,No,No,23,Yes,Yes,Fiber optic,Yes,Yes,Yes,No,Yes,Yes,Two year,No,Bank transfer (automatic),149.45,3449.69,0,No
7609-SJY,Male,0,No,No,22,Yes,Yes,Fiber optic,Yes,No,Yes,No,No,No,Two year,No,Electronic check,115.42,2541.43,4,No
9664-UNC,Female,0,Yes,No,14,Yes,No,Fiber optic,No,No,No,Yes,Yes,No,One year,No,Bank transfer (automatic),106.56,1479.97,3,Yes
1081-XOF,Female,0,Yes,Yes,14,Yes,Yes,Fiber optic,No,Yes,No,No,Yes,No,Month-to-month,No,Electronic check,114.92,1597.0,4,Yes
3970-LGQ,Female,0,No,No,5,Yes,Yes,DSL,No,No,No,No,Yes,No,Month-to-month,Yes,Electronic check,84.22,408.24,2,Yes
1761-RZO,Female,0,Yes,No,11,Yes,No,Fiber optic,Yes,No,Yes,No,Yes,Yes,Month-to-month,No,Credit card (automatic),127.84,1406.18,0,No
7651-AEO,Male,0,No,No,18,Yes,No,Fiber optic,No,No,No,No,No,No,Month-to-month,No,Electronic check,85.98,1546.69,3,Yes
6154-AHL,Female,1,No,No,24,Yes,No,No,No internet service,No internet service,No internet service,No internet service,No internet service,No internet service,Month-to-month,No,Credit card (automatic),41.84,997.7,1,No
2525-YSY,Female,0,Yes,Yes,2,Yes,Yes,DSL,No,No,No,Yes,Yes,No,Month-to-month,No,Credit card (automatic),97.78,205.12,0,Yes
2055-LMA,Female,0,No,No,11,Yes,No,Fiber optic,No,No,No,No,Yes,No,Month-to-month,Yes,Mailed check,97.27,1060.28,2,Yes
6957-HDE,Male,0,Yes,No,11,Yes,No,Fiber optic,No,Yes,No,No,Yes,Yes,Month-to-month,No,Mailed check,121.07,1342.56,4,Yes
5181-GWD,Female,0,Yes,Yes,19,Yes,Yes,Fiber optic,No,No,Yes,Yes,Yes,Yes,Month-to-month,Yes,Bank transfer (automatic),138.78,2621.99,0,No
2203-DOU,Male,0,Yes,No,31,Yes,Yes,DSL,No,No,No,No,Yes,No,Two year,Yes,Electronic check,86.63,2690.1,1,No
4044-XIB,Male,0,No,Yes,26,Yes,Yes,DSL,No,No,Yes,Yes,No,No,One year,Yes,Bank transfer (automatic),96.03,2507.2,3,No
4514-GQP,Male,0,Yes,No,22,Yes,Yes,DSL,No,No,No,Yes,No,No,One year,Yes,Electronic check,84.23,1863.32,4,No
1144-TZW,Male,0,Yes,No,9,Yes,Yes,Fiber optic,No,No,No,Yes,No,No,Month-to-month,Yes,Electronic check,104.25,937.96,2,Yes
2377-KBA,Female,0,No,Yes,46,Yes,Yes,Fiber optic,Yes,No,Yes,No,No,No,Month-to-month,Yes,Electronic check,117.56,5402.28,1,No
1793-BWI,Female,0,No,No,39,Yes,Yes,DSL,No,No,No,No,No,Yes,Month-to-month,No,Electronic check,84.32,3286.47,1,No
5053-ZBO,Male,0,Yes,No,6,Yes,No,No,No internet service,No internet service,No internet service,No internet service,No internet service,No internet service,Month-to-month,No,Mailed check,40.62,246.11,1,No
6897-OJY,Female,0,Yes,No,27,Yes,No,Fiber optic,No,No,No,No,No,No,Two year,Yes,Credit card (automatic),85.61,2326.25,6,No
2750-QIR,Female,1,No,No,60,Yes,Yes,DSL,No,No,No,Yes,Yes,No,One year,No,Mailed check,98.58,5928.78,3,No
6064-PDP,Female,0,No,Yes,15,Yes,Yes,DSL,Yes,Yes,No,No,No,No,Month-to-month,No,Mailed check,95.71,1445.88,2,No
6938-AWF,Female,1,No,No,65,Yes,No,DSL,No,No,No,No,No,No,Month-to-month,Yes,Electronic check,63.64,4143.34,2,No
9265-PDV,Male,0,Yes,Yes,1,Yes,Yes,Fiber optic,No,No,No,No,Yes,Yes,Month-to-month,No,Credit card (automatic),118.64,104.13,4,Yes
2941-MPT,Female,0,Yes,No,19,Yes,No,Fiber optic,Yes,No,No,No,Yes,Yes,Month-to-month,Yes,Bank transfer (automatic),118.48,2246.38,1,Yes
8933-FZK,Female,0,No,No,8,Yes,No,No,No internet service,No internet service,No internet service,No internet service,No internet service,No internet service,One year,No,Mailed check,41.86,324.48,2,No
1770-TJA,Male,0,No,No,8,Yes,Yes,DSL,No,Yes,No,No,No,Yes,Two year,Yes,Electronic check,95.24,776.59,1,No
4818-ZZL,Female,0,No,No,53,Yes,Yes,DSL,No,No,No,No,No,Yes,One year,Yes,Mailed check,86.18,4568.6,4,No
2421-YHK,Female,0,No,No,10,Yes,Yes,DSL,No,Yes,Yes,No,No,Yes,Month-to-month,No,Bank transfer (automatic),105.5,1051.93,1,Yes
5931-GJS,Female,1,No,No,1,Yes,No,DSL,No,Yes,No,Yes,Yes,Yes,Two year,Yes,Electronic check,109.15,99.25,1,No
5408-ZDB,Male,0,Yes,No,20,Yes,No,DSL,Yes,No,Yes,Yes,Yes,No,Two year,Yes,Electronic check,104.84,2106.41,4,No
3865-NZP,Female,0,No,No,72,Yes,No,Fiber optic,No,No,No,No,Yes,Yes,Month-to-month,Yes,Electronic check,108.09,7797.12,1,No
7185-QNV,Female,0,Yes,No,3,Yes,Yes,Fiber optic,No,No,No,No,No,No,Month-to-month,No,Mailed check,97.25,294.32,4,Yes
1065-GIS,Male,0,Yes,No,9,Yes,No,Fiber optic,No,No,Yes,No,No,No,Month-to-month,Yes,Electronic check,96.93,863.74,3,Yes
8989-YPR,Female,0,No,Yes,16,Yes,No,DSL,Yes,No,No,Yes,Yes,No,Month-to-month,Yes,Bank transfer (automatic),99.58,1591.65,0,No
5692-KGI,Male,1,No,No,45,Yes,Yes,Fiber optic,No,No,Yes,No,Yes,Yes,One year,Yes,Credit card (automatic),127.99,5774.08,1,No
5419-YMZ,Male,0,Yes,No,8,No,No phone service,Fiber optic,Yes,No,No,No,Yes,Yes,Two year,Yes,Credit card (automatic),101.53,821.15,4,No
8032-DSB,Male,0,Yes,No,11,Yes,No,DSL,No,No,Yes,Yes,No,Yes,Two year,Yes,Bank transfer (automatic),96.68,1063.22,1,No
9584-LBF,Female,0,Yes,Yes,13,Yes,No,Fiber optic,No,Yes,No,Yes,Yes,No,Month-to-month,No,Bank transfer (automatic),117.76,1535.53,4,Yes
5541-ETV,Female,1,Yes,No,12,Yes,Yes,DSL,No,No,Yes,No,No,No,Month-to-month,Yes,Electronic check,84.41,1006.26,2,Yes
9324-DIV,Female,0,No,Yes,6,Yes,No,DSL,No,No,No,No,No,No,Month-to-month,Yes,Electronic check,62.84,376.3,3,Yes
2434-JPJ,Female,1,No,No,62,No,No phone service,Fiber optic,No,No,Yes,No,No,Yes,Month-to-month,Yes,Mailed check,85.84,5325.17,3,No
2660-JSJ,Female,0,No,No,40,Yes,No,DSL,No,Yes,No,Yes,No,No,Month-to-month,Yes,Credit card (automatic),87.49,3510.08,1,No
7461-QEZ,Male,0,Yes,No,72,Yes,Yes,Fiber optic,No,Yes,No,No,No,No,Month-to-month,No,Mailed check,104.3,7504.79,0,No
5549-XOY,Male,0,Yes,Yes,12,Yes,No,DSL,Yes,No,Yes,Yes,No,Yes,One year,No,Bank transfer (automatic),105.95,1279.77,2,No
7065-DHP,Male,0,Yes,Yes,2,Yes,No,DSL,Yes,No,No,Yes,Yes,No,Month-to-month,Yes,Credit card (automatic),99.91,198.54,2,No
5677-KNP,Male,0,Yes,Yes,4,No,No phone service,Fiber optic,No,No,No,Yes,No,No,One year,No,Bank transfer (automatic),74.16,291.79,1,No
5276-SBY,Female,0,No,Yes,12,Yes,No,Fiber optic,No,Yes,Yes,Yes,No,Yes,Month-to-month,Yes,Electronic check,128.42,1535.13,2,Yes
6712-OGV,Male,0,No,No,61,Yes,No,Fiber optic,No,Yes,No,No,Yes,Yes,Two year,Yes,Electronic check,121.45,7417.35,2,No
1442-ADR,Male,1,No,No,72,Yes,No,Fiber optic,No,Yes,Yes,Yes,No,Yes,Two year,Yes,Electronic check,127.73,9184.41,1,No
5377-HSW,Female,0,No,No,44,Yes,Yes,No,No internet service,No internet service,No internet service,No internet service,No internet service,No internet service,Two year,No,Mailed check,47.77,2107.7,2,No
3939-YFA,Male,1,No,Yes,7,Yes,No,Fiber optic,Yes,Yes,No,Yes,Yes,Yes,Month-to-month,No,Electronic check,141.75,998.19,1,Yes
2031-ASK,Female,0,Yes,No,27,Yes,Yes,No,No internet service,No internet service,No internet service,No internet service,No internet service,No internet service,Two year,Yes,Electronic check,47.04,1258.65,3,No
1340-XYO,Female,0,Yes,No,23,Yes,No,DSL,Yes,No,Yes,Yes,No,Yes,Month-to-month,Yes,Mailed check,106.45,2436.91,2,No
8862-YKS,Female,1,No,No,44,Yes,No,No,No internet service,No internet service,No internet service,No internet service,No internet service,No internet service,One year,Yes,Electronic check,42.16,1847.96,3,No
2291-AXG,Male,0,No,Yes,18,Yes,Yes,Fiber optic,No,No,No,No,Yes,Yes,Month-to-month,No,Mailed check,116.53,2091.11,0,Yes
9720-ZJF,Male,0,No,No,10,Yes,No,No,No internet service,No internet service,No internet service,No internet service,No internet service,No internet service,Month-to-month,No,Mailed check,41.7,411.71,0,No
6392-RER,Male,0,Yes,No,1,Yes,No,Fiber optic,No,No,No,Yes,No,Yes,Two year,No,Electronic check,106.45,115.54,2,No
3800-VPH,Male,1,No,No,40,Yes,Yes,DSL,Yes,No,Yes,No,Yes,No,Month-to-month,Yes,Bank transfer (automatic),107.98,4327.4,3,No
3775-MXP,Male,0,Yes,No,19,Yes,No,No,No internet service,No internet service,No internet service,No internet service,No internet service,No internet service,Two year,Yes,Mailed check,42.81,804.59,2,No
4850-FCA,Male,0,Yes,No,20,Yes,No,DSL,No,No,Yes,No,No,Yes,Month-to-month,Yes,Bank transfer (automatic),89.66,1790.95,1,No
2188-MJE,Female,0,No,No,72,Yes,No,Fiber optic,No,Yes,No,Yes,Yes,Yes,One year,Yes,Electronic check,126.46,9116.84,1,No
2369-NQA,Female,0,Yes,No,17,Yes,Yes,DSL,Yes,No,No,No,No,No,Month-to-month,Yes,Electronic check,86.78,1472.95,2,Yes
1318-YBG,Male,1,No,No,10,Yes,No,Fiber optic,No,No,Yes,No,Yes,No,Month-to-month,No,Electronic check,107.83,1076.93,0,Yes
8991-PEL,Male,0,Yes,Yes,11,Yes,No,Fiber optic,No,No,No,No,Yes,No,Month-to-month,No,Electronic check,97.35,1068.8,2,Yes
9592-PTZ,Female,0,No,No,1,Yes,Yes,No,No internet service,No internet service,No internet service,No internet service,No internet service,No internet service,Month-to-month,Yes,Mailed check,49.48,37.59,4,Yes
3770-ZOL,Female,0,Yes,Yes,4,Yes,Yes,DSL,Yes,Yes,No,No,Yes,No,Month-to-month,Yes,Credit card (automatic),107.65,424.35,0,No
1569-VBG,Female,0,Yes,No,2,Yes,Yes,Fiber optic,Yes,No,No,No,No,No,Month-to-month,Yes,Electronic check,104.82,198.79,1,Yes
5460-COA,Male,0,No,Yes,7,Yes,Yes,Fiber optic,Yes,Yes,No,Yes,No,Yes,Month-to-month,Yes,Bank transfer (automatic),138.82,985.86,4,Yes
8641-CYJ,Male,0,Yes,Yes,2,Yes,Yes,No,No internet service,No internet service,No internet service,No internet service,No internet service,No internet service,Month-to-month,Yes,Credit card (automatic),51.15,93.75,5,Yes
9250-OVF,Male,0,Yes,No,11,Yes,No,Fiber optic,No,Yes,No,Yes,Yes,No,Two year,No,Credit card (automatic),119.02,1319.39,3,No
9910-XUG,Female,0,No,No,4,Yes,Yes,Fiber optic,No,No,Yes,Yes,Yes,No,One year,Yes,Electronic check,125.28,508.72,1,Yes
1120-UED,Male,0,No,Yes,63,Yes,No,No,No internet service,No internet service,No internet service,No internet service,No internet service,No internet service,One year,Yes,Electronic check,41.2,2605.78,0,No
2109-RCQ,Male,0,Yes,No,70,Yes,Yes,Fiber optic,Yes,Yes,No,Yes,No,No,Month-to-month,Yes,Electronic check,124.66,8714.28,6,No
9177-RXX,Male,0,Yes,No,24,Yes,No,Fiber optic,No,No,No,Yes,No,Yes,Month-to-month,No,Mailed check,109.55,2630.59,0,No
3956-VOE,Male,0,No,No,41,Yes,No,Fiber optic,No,No,No,Yes,Yes,No,One year,Yes,Electronic check,105.79,4352.2,1,No
5994-EEE,Male,0,No,No,29,Yes,No,DSL,Yes,No,Yes,No,No,Yes,Month-to-month,Yes,Electronic check,94.99,2767.85,3,No
8614-CTW,Male,0,No,Yes,42,No,No phone service,Fiber optic,No,No,Yes,Yes,Yes,No,One year,Yes,Electronic check,99.59,4174.16,3,No
4483-RZT,Female,1,Yes,Yes,26,Yes,Yes,DSL,Yes,No,No,No,No,Yes,Month-to-month,Yes,Credit card (automatic),99.41,2599.14,6,Yes
6539-AZP,Male,0,No,No,15,Yes,No,Fiber optic,No,Yes,No,Yes,Yes,No,Two year,No,Bank transfer (automatic),114.12,1724.94,1,No
2151-UXZ,Female,0,Yes,No,52,Yes,No,Fiber optic,No,Yes,No,No,Yes,No,Two year,Yes,Bank transfer (automatic),109.77,5714.31,0,No
5747-PLS,Female,0,Yes,No,15,Yes,Yes,Fiber optic,No,Yes,No,Yes,Yes,Yes,Month-to-month,Yes,Credit card (automatic),139.51,2101.71,3,Yes
5681-GLT,Female,0,Yes,No,13,Yes,Yes,Fiber optic,Yes,Yes,Yes,No,Yes,No,Two year,No,Electronic check,139.8,1827.54,1,No
4428-PIG,Male,0,Yes,No,25,Yes,Yes,DSL,No,Yes,No,Yes,No,No,One year,Yes,Electronic check,94.8,2371.57,1,No
4955-VZN,Male,0,No,No,70,Yes,No,Fiber optic,No,No,Yes,No,Yes,No,One year,Yes,Credit card (automatic),109.47,7670.18,0,No
5038-JID,Male,0,Yes,Yes,15,No,No phone service,Fiber optic,No,Yes,No,No,No,Yes,Month-to-month,Yes,Mailed check,89.08,1329.73,1,Yes
9879-JSX,Male,0,No,No,22,No,No phone service,DSL,No,Yes,No,No,Yes,No,Two year,No,Mailed check,64.57,1434.6,3,No
1784-IMA,Female,0,No,Yes,17,Yes,No,Fiber optic,No,Yes,No,No,Yes,Yes,Month-to-month,Yes,Electronic check,117.39,1992.04,1,Yes
8073-MXI,Male,0,Yes,No,61,Yes,No,Fiber optic,No,Yes,No,Yes,Yes,Yes,Month-to-month,Yes,Electronic check,127.02,7759.7,5,No
4718-PSG,Female,0,No,Yes,29,No,No phone service,Fiber optic,No,No,No,No,No,No,Month-to-month,Yes,Bank transfer (automatic),64.61,1859.21,0,No
3693-RSK,Male,0,No,No,14,Yes,No,DSL,No,No,Yes,Yes,No,No,Month-to-month,Yes,Bank transfer (automatic),84.52,1177.85,1,No
4708-LZJ,Male,0,No,No,24,Yes,Yes,Fiber optic,No,Yes,Yes,No,No,Yes,Two year,No,Electronic check,126.58,3035.45,5,Yes
8692-LUJ,Female,0,Yes,No,5,Yes,Yes,No,No internet service,No internet service,No internet service,No internet service,No internet service,No internet service,Month-to-month,No,Electronic check,51.49,249.19,1,No
2555-RDX,Female,0,Yes,No,11,Yes,No,Fiber optic,No,No,Yes,No,Yes,No,Month-to-month,Yes,Credit card (automatic),108.03,1179.93,3,Yes
1036-LZC,Female,0,Yes,No,34,Yes,No,Fiber optic,Yes,No,No,Yes,No,Yes,Month-to-month,Yes,Electronic check,117.47,3992.05,1,No
9060-HVB,Male,0,No,No,21,No,No phone service,Fiber optic,Yes,Yes,No,Yes,No,No,Month-to-month,No,Bank transfer (automatic),94.56,1974.41,2,No
4880-MGJ,Female,0,Yes,Yes,10,Yes,No,No,No internet service,No internet service,No internet service,No internet service,No internet service,No internet service,Month-to-month,No,Electronic check,38.25,378.98,2,Yes
9328-VOE,Female,1,No,No,12,Yes,No,Fiber optic,No,Yes,No,No,Yes,No,Month-to-month,Yes,Credit card (automatic),105.86,1283.81,5,Yes
6067-ALV,Female,0,Yes,No,42,Yes,Yes,Fiber optic,Yes,No,No,No,No,No,Month-to-month,Yes,Credit card (automatic),103.19,4340.47,2,No
8973-SSP,Male,0,Yes,No,20,Yes,No,No,No internet service,No internet service,No internet service,No internet service,No internet service,No internet service,Month-to-month,Yes,Electronic check,42.08,854.54,2,Yes
1414-SCW,Female,1,Yes,No,7,Yes,Yes,Fiber optic,Yes,No,Yes,No,Yes,No,Month-to-month,No,Bank transfer (automatic),124.77,887.91,1,Yes
3729-RZM,Female,1,Yes,Yes,9,No,No phone service,Fiber optic,No,Yes,Yes,No,Yes,No,Two year,No,Electronic check,95.13,866.54,1,No
4897-RCZ,Male,0,Yes,No,16,Yes,No,DSL,Yes,No,No,No,Yes,No,One year,Yes,Electronic check,86.91,1403.63,2,No
2878-CWY,Female,0,Yes,No,36,No,No phone service,Fiber optic,No,No,No,No,Yes,Yes,Month-to-month,Yes,Electronic check,90.88,3280.95,2,No
5570-ZLT,Female,0,No,No,72,Yes,No,DSL,No,No,No,No,Yes,Yes,Two year,No,Electronic check,91.43,6585.14,2,No
4544-XHI,Female,1,No,No,6,Yes,Yes,Fiber optic,No,No,No,No,No,No,One year,Yes,Mailed check,95.36,565.64,3,Yes
3980-USU,Male,0,Yes,No,36,Yes,No,Fiber optic,No,Yes,Yes,Yes,No,No,Month-to-month,Yes,Mailed check,113.65,4094.48,2,Yes
5759-LUD,Female,0,No,No,25,Yes,No,Fiber optic,Yes,No,Yes,No,No,No,Two year,Yes,Mailed check,107.78,2695.58,1,No
1039-GOF,Female,1,No,No,19,Yes,Yes,No,No internet service,No internet service,No internet service,No internet service,No internet service,No internet service,Month-to-month,Yes,Credit card (automatic),50.6,947.77,0,No
8565-UMJ,Female,0,Yes,No,72,Yes,No,Fiber optic,No,No,No,No,No,No,Month-to-month,No,Electronic check,82.81,5971.91,4,No
5796-DHX,Female,0,Yes,No,10,Yes,No,Fiber optic,No,No,No,Yes,Yes,Yes,One year,No,Electronic check,120.1,1206.66,2,Yes
9650-QRU,Female,0,Yes,Yes,5,Yes,Yes,Fiber optic,No,No,No,Yes,Yes,Yes,One year,No,Electronic check,127.42,625.34,1,No
1815-LMP,Female,0,Yes,No,53,Yes,Yes,DSL,No,Yes,No,No,No,Yes,Two year,Yes,Electronic check,96.42,5095.68,1,No
1246-ZUA,Female,0,Yes,Yes,2,Yes,Yes,DSL,No,Yes,No,No,No,No,Month-to-month,Yes,Credit card (automatic),83.25,154.2,4,Yes
7702-FLH,Male,0,No,No,43,Yes,No,Fiber optic,No,Yes,Yes,Yes,No,Yes,Month-to-month,No,Electronic check,124.15,5352.62,2,No
5513-LUN,Male,0,No,No,23,Yes,No,DSL,No,No,No,No,No,No,One year,Yes,Mailed check,67.04,1555.14,5,No
8283-IJQ,Male,0,Yes,No,5,Yes,Yes,No,No internet service,No internet service,No internet service,No internet service,No internet service,No internet service,One year,No,Credit card (automatic),47.1,229.58,2,No
3962-KIU,Female,0,Yes,No,7,Yes,No,No,No internet service,No internet service,No internet service,No internet service,No internet service,No internet service,Month-to-month,No,Bank transfer (automatic),40.88,298.14,0,No
2477-YYX,Male,0,Yes,No,5,Yes,No,DSL,Yes,No,No,No,No,No,Month-to-month,No,Electronic check,73.38,364.61,1,Yes
6592-PTP,Female,0,No,No,32,Yes,No,Fiber optic,No,Yes,No,No,No,No,Month-to-month,No,Credit card (automatic),95.17,3053.19,2,Yes
7277-EUD,Female,0,Yes,No,4,Yes,No,DSL,Yes,No,Yes,Yes,No,No,Two year,Yes,Electronic check,97.4,375.6,2,No
1347-FIQ,Female,0,Yes,No,29,Yes,Yes,DSL,No,No,Yes,No,No,No,Month-to-month,No,Electronic check,86.86,2504.75,5,Yes
9774-VSA,Male,0,Yes,Yes,4,Yes,No,Fiber optic,No,No,Yes,No,No,No,One year,No,Bank transfer (automatic),92.93,365.55,1,Yes
4038-YOR,Male,0,No,No,41,Yes,No,DSL,No,No,Yes,No,No,Yes,Month-to-month,Yes,Bank transfer (automatic),84.96,3476.67,1,No
2265-BJK,Female,0,Yes,No,63,Yes,No,Fiber optic,No,Yes,Yes,No,Yes,No,Month-to-month,Yes,Bank transfer (automatic),118.26,7445.35,0,No
3274-GHS,Female,0,No,No,21,Yes,No,Fiber optic,No,No,No,Yes,Yes,No,Two year,Yes,Electronic check,107.56,2253.2,1,No
3577-MMX,Male,1,Yes,No,72,Yes,Yes,Fiber optic,No,No,Yes,No,No,No,Month-to-month,Yes,Electronic check,102.5,7385.59,6,Yes
6974-LQV,Male,0,Yes,Yes,13,Yes,Yes,DSL,No,No,No,No,Yes,Yes,Two year,No,Credit card (automatic),99.3,1303.45,0,No
6311-MYL,Male,0,Yes,No,8,Yes,No,Fiber optic,Yes,Yes,No,No,No,No,One year,Yes,Mailed check,103.75,815.06,1,No
5274-NGM,Male,0,No,No,5,Yes,Yes,DSL,No,No,Yes,Yes,No,No,Month-to-month,No,Credit card (automatic),92.77,456.95,2,Yes
8045-XSS,Male,1,Yes,No,17,Yes,No,DSL,No,No,No,No,No,No,Month-to-month,No,Electronic check,67.38,1133.08,2,No
9562-IPD,Male,0,No,No,4,Yes,Yes,DSL,Yes,Yes,No,No,No,Yes,Month-to-month,Yes,Mailed check,108.68,439.83,2,Yes
8063-PEU,Male,0,Yes,Yes,53,Yes,No,No,No internet service,No internet service,No internet service,No internet service,No internet service,No internet service,Two year,No,Credit card (automatic),38.42,2022.4,2,No
6289-WMZ,Female,1,Yes,No,39,Yes,No,DSL,Yes,No,Yes,No,Yes,No,Month-to-month,No,Mailed check,98.44,3829.88,3,No
7157-GTF,Female,1,No,No,21,Yes,No,No,No internet service,No internet service,No internet service,No internet service,No internet service,No internet service,Month-to-month,No,Electronic check,39.25,821.72,1,No
2414-EUR,Male,1,Yes,No,32,Yes,No,DSL,No,Yes,Yes,No,No,Yes,Two year,No,Credit card (automatic),96.65,3078.75,1,No
7635-FAD,Male,0,Yes,No,2,Yes,No,Fiber optic,No,Yes,No,Yes,No,No,Two year,Yes,Bank transfer (automatic),106.53,218.65,2,No
1754-LOC,Female,1,Yes,Yes,6,Yes,Yes,No,No internet service,No internet service,No internet service,No internet service,No internet service,No internet service,Month-to-month,Yes,Electronic check,47.43,292.88,0,Yes
1726-ZTH,Male,0,Yes,No,25,Yes,Yes,Fiber optic,Yes,No,No,No,Yes,No,Two year,Yes,Bank transfer (automatic),115.93,2911.29,3,No
3815-KPI,Female,0,Yes,Yes,17,Yes,No,DSL,No,Yes,Yes,No,No,No,Two year,Yes,Electronic check,86.64,1479.76,2,No
4807-ETN,Female,0,Yes,No,24,Yes,No,DSL,Yes,No,No,No,No,No,One year,Yes,Electronic check,75.63,1823.66,0,No
1607-ZOF,Male,0,Yes,Yes,3,Yes,Yes,No,No internet service,No internet service,No internet service,No internet service,No internet service,No internet service,Two year,Yes,Electronic check,48.75,160.98,4,No
1634-ZDH,Female,0,Yes,Yes,27,Yes,No,Fiber optic,No,No,No,Yes,No,No,Two year,Yes,Electronic check,93.92,2533.46,1,No
2074-EMP,Male,0,No,Yes,41,Yes,No,Fiber optic,No,Yes,Yes,No,Yes,No,Month-to-month,Yes,Electronic check,119.33,4896.76,6,Yes
4838-VKU,Male,0,Yes,No,20,Yes,No,DSL,Yes,Yes,No,No,No,Yes,Month-to-month,No,Mailed check,99.45,1998.88,2,No
7103-NMC,Female,0,No,No,12,Yes,No,Fiber optic,No,No,Yes,No,Yes,No,One year,Yes,Credit card (automatic),104.67,1260.99,1,Yes
7783-TOO,Female,0,Yes,No,5,Yes,No,Fiber optic,No,No,No,No,No,No,Month-to-month,Yes,Mailed check,82.53,412.73,3,Yes
4389-UMI,Female,0,No,Yes,8,Yes,No,Fiber optic,Yes,No,No,Yes,Yes,No,Month-to-month,No,Electronic check,118.61,939.74,1,Yes
8211-NAN,Male,0,No,No,19,Yes,Yes,DSL,No,Yes,No,No,No,No,One year,Yes,Credit card (automatic),86.19,1634.81,3,No
7319-NAP,Male,0,No,No,8,Yes,Yes,Fiber optic,No,Yes,No,No,No,Yes,Month-to-month,Yes,Credit card (automatic),118.33,934.86,3,Yes
1081-GOX,Male,0,No,No,38,Yes,No,Fiber optic,No,No,No,No,Yes,No,One year,Yes,Bank transfer (automatic),96.87,3684.19,2,No
2406-SWM,Male,0,Yes,No,4,Yes,No,Fiber optic,No,No,No,No,Yes,No,Month-to-month,Yes,Mailed check,95.05,392.51,1,Yes
2480-XXO,Male,0,Yes,No,19,Yes,No,Fiber optic,Yes,No,Yes,No,No,Yes,Month-to-month,No,Mailed check,114.01,2172.89,5,Yes
8993-CXA,Male,0,No,No,18,Yes,No,DSL,Yes,No,No,No,No,Yes,One year,Yes,Bank transfer (automatic),85.17,1539.49,1,No
8644-WMH,Male,0,Yes,Yes,4,Yes,No,Fiber optic,No,No,No,No,No,Yes,One year,No,Electronic check,98.87,406.16,1,Yes
6616-VWN,Female,0,Yes,No,72,Yes,Yes,Fiber optic,No,Yes,No,No,No,Yes,One year,No,Electronic check,114.31,8241.65,3,No
3292-UGO,Male,0,Yes,No,44,Yes,No,Fiber optic,Yes,No,No,No,Yes,Yes,Month-to-month,No,Electronic check,117.72,5184.9,1,No
7991-SFW,Female,0,Yes,No,13,Yes,No,DSL,No,Yes,No,No,No,No,Month-to-month,Yes,Bank transfer (automatic),75.82,972.35,3,Yes
3347-RPL,Female,1,No,No,29,Yes,No,No,No internet service,No internet service,No internet service,No internet service,No internet service,No internet service,Month-to-month,No,Mailed check,37.25,1070.85,1,No
8980-HZV,Male,0,Yes,No,32,Yes,No,DSL,No,No,Yes,No,Yes,Yes,Month-to-month,Yes,Electronic check,101.93,3267.35,4,Yes
4065-UGO,Female,0,Yes,No,27,Yes,No,Fiber optic,Yes,No,Yes,No,No,Yes,Month-to-month,No,Bank transfer (automatic),118.0,3188.79,1,No
1540-VMM,Female,1,No,No,15,Yes,No,No,No internet service,No internet service,No internet service,No internet service,No internet service,No internet service,One year,No,Mailed check,39.8,603.3,1,No
4067-IXO,Female,1,Yes,No,55,Yes,Yes,Fiber optic,No,Yes,Yes,No,Yes,Yes,One year,Yes,Bank transfer (automatic),138.05,7597.89,3,No
1675-MLE,Male,0,Yes,No,37,Yes,Yes,Fiber optic,No,No,No,No,No,No,Month-to-month,Yes,Bank transfer (automatic),97.45,3612.11,2,No
8652-INZ,Female,0,No,No,20,Yes,No,DSL,Yes,Yes,No,No,No,No,Month-to-month,Yes,Credit card (automatic),86.53,1726.0,2,No
4659-DTH,Male,0,Yes,No,1,Yes,No,No,No internet service,No internet service,No internet service,No internet service,No internet service,No internet service,Month-to-month,Yes,Bank transfer (automatic),42.04,56.11,3,Yes
4495-UAT,Male,0,No,No,7,Yes,No,Fiber optic,No,No,No,No,Yes,No,Two year,Yes,Bank transfer (automatic),95.24,673.99,1,No
7487-UAG,Male,0,Yes,No,18,Yes,No,Fiber optic,No,Yes,No,No,Yes,No,One year,No,Electronic check,109.84,1981.14,1,Yes
1258-LSO,Female,0,Yes,No,58,Yes,No,Fiber optic,No,Yes,No,No,No,Yes,Two year,Yes,Electronic check,104.06,6020.9,1,No
2118-VPJ,Female,1,Yes,No,25,Yes,No,Fiber optic,No,Yes,Yes,No,No,Yes,Month-to-month,Yes,Bank transfer (automatic),118.03,2953.79,1,Yes
5341-FQU,Male,1,No,No,14,Yes,Yes,No,No internet service,No internet service,No internet service,No internet service,No internet service,No internet service,One year,Yes,Bank transfer (automatic),50.13,711.87,1,No
6691-VXQ,Male,1,No,No,2,Yes,No,No,No internet service,No internet service,No internet service,No internet service,No internet service,No internet service,One year,No,Electronic check,40.87,83.15,1,No
9532-SRK,Male,0,No,Yes,23,Yes,Yes,DSL,No,Yes,No,No,Yes,Yes,Month-to-month,No,Electronic check,111.03,2559.29,1,No
3999-GJG,Female,0,No,No,11,Yes,Yes,Fiber optic,Yes,No,No,No,No,No,One year,No,Electronic check,103.15,1122.75,2,No
1068-LPY,Female,0,Yes,No,20,Yes,No,Fiber optic,No,Yes,Yes,No,No,No,Month-to-month,Yes,Electronic check,105.27,2114.63,1,Yes
6396-RCT,Female,0,No,No,37,Yes,No,No,No internet service,No internet service,No internet service,No internet service,No internet service,No internet service,Month-to-month,No,Electronic check,42.96,1575.22,1,No
4598-EMS,Female,0,No,Yes,41,Yes,No,DSL,No,No,No,No,Yes,Yes,One year,Yes,Bank transfer (automatic),91.68,3763.68,2,No
1573-WUE,Female,0,Yes,No,50,Yes,No,Fiber optic,Yes,Yes,No,No,Yes,No,Month-to-month,Yes,Mailed check,114.32,5714.17,2,No
2478-ZJP,Female,1,No,No,26,Yes,Yes,Fiber optic,No,No,Yes,No,Yes,No,Month-to-month,No,Electronic check,118.64,3070.49,3,Yes
7676-UHY,Female,1,No,No,60,Yes,No,Fiber optic,No,Yes,Yes,No,Yes,Yes,One year,Yes,Mailed check,131.27,7880.97,4,No
9166-OUC,Male,0,No,No,30,Yes,Yes,DSL,No,Yes,No,No,No,No,Month-to-month,Yes,Electronic check,86.03,2578.97,1,No
5650-IEY,Female,0,Yes,No,39,Yes,No,Fiber optic,Yes,No,Yes,Yes,No,No,Two year,Yes,Bank transfer (automatic),112.84,4410.04,2,No
5526-NDU,Male,0,No,Yes,29,Yes,No,DSL,No,Yes,No,No,No,No,Month-to-month,Yes,Bank transfer (automatic),73.56,2133.62,4,Yes
9787-BLA,Female,1,Yes,No,52,Yes,No,Fiber optic,No,No,No,No,No,Yes,Month-to-month,No,Bank transfer (automatic),95.09,4954.32,4,No
7852-FXK,Male,0,No,Yes,7,Yes,Yes,Fiber optic,Yes,No,Yes,Yes,Yes,Yes,Month-to-month,Yes,Mailed check,149.13,1048.18,2,Yes
8971-FPT,Female,1,Yes,No,36,Yes,No,Fiber optic,No,Yes,Yes,No,No,No,Two year,No,Bank transfer (automatic),103.94,3737.35,1,No
8822-NWL,Female,0,No,No,4,Yes,Yes,Fiber optic,No,Yes,Yes,No,Yes,No,One year,Yes,Bank transfer (automatic),125.37,486.69,5,Yes
6340-LPO,Female,1,Yes,No,3,Yes,Yes,Fiber optic,No,No,No,No,No,No,One year,No,Credit card (automatic),95.05,294.74,2,No
4932-MKQ,Male,0,No,Yes,17,Yes,Yes,DSL,Yes,No,No,No,No,No,One year,No,Bank transfer (automatic),84.82,1437.09,5,Yes
8444-ONJ,Female,1,Yes,Yes,9,Yes,No,DSL,Yes,No,No,No,Yes,Yes,Month-to-month,No,Electronic check,97.74,869.94,1,Yes
8147-POJ,Female,0,No,No,21,Yes,Yes,DSL,No,Yes,No,No,No,Yes,Month-to-month,Yes,Electronic check,95.11,1991.39,0,Yes
7718-DWI,Male,0,No,No,29,Yes,Yes,Fiber optic,Yes,No,No,No,Yes,No,Month-to-month,Yes,Mailed check,115.77,3359.92,0,No
9500-TIU,Female,0,No,No,7,Yes,No,DSL,Yes,Yes,No,No,No,Yes,Month-to-month,No,Electronic check,96.35,674.23,5,Yes
6688-XTK,Female,1,Yes,No,31,Yes,Yes,DSL,No,Yes,No,No,No,Yes,One year,Yes,Bank transfer (automatic),95.0,2944.85,3,No
8210-GUJ,Male,0,Yes,No,72,Yes,No,DSL,No,No,No,No,Yes,No,Month-to-month,Yes,Electronic check,77.38,5568.17,2,No
7875-PIV,Female,0,Yes,No,36,Yes,No,Fiber optic,Yes,No,No,Yes,Yes,Yes,Month-to-month,No,Mailed check,129.6,4678.78,2,No
8043-BNC,Male,0,No,Yes,5,Yes,No,Fiber optic,No,No,No,Yes,No,No,One year,Yes,Electronic check,93.6,467.95,1,No
7900-RLE,Male,0,No,Yes,26,Yes,Yes,Fiber optic,Yes,Yes,No,Yes,No,No,Month-to-month,No,Bank transfer (automatic),123.51,3217.18,2,No
4464-TZR,Male,0,No,Yes,1,Yes,Yes,Fiber optic,No,No,Yes,No,No,No,Month-to-month,Yes,Bank transfer (automatic),104.83,109.11,2,Yes
8496-DQQ,Female,0,Yes,Yes,16,No,No phone service,Fiber optic,No,No,Yes,Yes,Yes,No,Month-to-month,No,Credit card (automatic),96.48,1533.99,4,Yes
6430-WBI,Female,0,Yes,No,20,Yes,Yes,No,No internet service,No internet service,No internet service,No internet service,No internet service,No internet service,Month-to-month,Yes,Bank transfer (automatic),47.87,944.07,4,Yes
2860-OOC,Male,0,No,No,72,Yes,Yes,Fiber optic,Yes,Yes,Yes,No,No,No,One year,No,Credit card (automatic),127.46,9186.82,1,No
1722-CFD,Male,1,Yes,No,34,Yes,Yes,Fiber optic,No,Yes,No,Yes,Yes,Yes,Month-to-month,Yes,Bank transfer (automatic),137.99,4685.75,1,No
6790-MMK,Female,0,Yes,No,31,Yes,Yes,Fiber optic,Yes,No,Yes,No,No,Yes,Month-to-month,Yes,Electronic check,127.73,3968.61,2,Yes
3212-AIQ,Female,1,Yes,No,20,Yes,No,Fiber optic,No,No,No,Yes,No,No,One year,Yes,Electronic check,93.08,1866.95,1,No
6493-ACO,Female,0,Yes,No,18,Yes,Yes,Fiber optic,No,No,Yes,No,Yes,No,One year,Yes,Electronic check,116.27,2092.18,2,Yes
6913-UZW,Male,0,Yes,No,72,Yes,Yes,Fiber optic,Yes,Yes,No,No,Yes,No,Two year,Yes,Electronic check,125.04,8990.98,1,No
6611-YVO,Female,0,No,No,1,Yes,No,No,No internet service,No internet service,No internet service,No internet service,No internet service,No internet service,One year,Yes,Bank transfer (automatic),42.09,42.58,3,No
5200-XYJ,Male,0,Yes,Yes,10,Yes,Yes,Fiber optic,Yes,No,No,No,Yes,Yes,One year,Yes,Electronic check,129.51,1294.73,2,Yes
9851-IOW,Male,0,No,No,4,Yes,No,Fiber optic,No,No,Yes,Yes,Yes,No,Month-to-month,Yes,Bank transfer (automatic),116.75,458.44,2,Yes
5916-UAB,Female,1,No,No,10,No,No phone service,DSL,No,Yes,Yes,Yes,Yes,No,Month-to-month,Yes,Mailed check,84.72,853.64,1,No
7457-SNH,Female,1,No,No,16,Yes,No,Fiber optic,No,Yes,No,No,No,Yes,Two year,Yes,Credit card (automatic),104.75,1667.84,3,No
7170-ONU,Male,0,Yes,No,11,No,No phone service,No,No internet service,No internet service,No internet service,No internet service,No internet service,No internet service,One year,Yes,Electronic check,21.55,238.7,4,Yes
8420-AKY,Male,0,Yes,No,72,No,No phone service,Fiber optic,No,No,Yes,No,No,No,Month-to-month,No,Mailed check,74.68,5379.07,3,No
3611-BYZ,Female,0,Yes,No,29,Yes,Yes,Fiber optic,No,No,No,Yes,No,Yes,Month-to-month,Yes,Mailed check,115.61,3367.69,1,No
6063-SVO,Male,1,No,Yes,33,Yes,No,DSL,Yes,No,No,No,No,Yes,Two year,Yes,Electronic check,84.26,2792.96,4,No
4349-AFM,Female,0,No,Yes,34,No,No phone service,No,No internet service,No internet service,No internet service,No internet service,No internet service,No internet service,Month-to-month,Yes,Mailed check,20.72,707.46,3,No
5077-CKC,Female,0,No,No,58,Yes,No,No,No internet service,No internet service,No internet service,No internet service,No internet service,No internet service,Two year,Yes,Electronic check,40.92,2381.16,4,No
2417-OKO,Male,0,Yes,No,37,Yes,No,Fiber optic,Yes,Yes,Yes,No,No,Yes,One year,No,Electronic check,125.45,4648.78,2,No
9281-XME,Male,0,Yes,Yes,1,Yes,Yes,No,No internet service,No internet service,No internet service,No internet service,No internet service,No internet service,Two year,Yes,Electronic check,49.09,42.32,4,No
6132-IYQ,Female,0,Yes,No,8,Yes,No,Fiber optic,No,No,No,Yes,No,No,One year,Yes,Bank transfer (automatic),92.83,756.26,3,Yes
9289-XEP,Male,1,Yes,No,72,Yes,No,No,No internet service,No internet service,No internet service,No internet service,No internet service,No internet service,Month-to-month,Yes,Electronic check,37.08,2671.06,1,No
2734-AZL,Male,1,Yes,No,27,Yes,Yes,No,No internet service,No internet service,No internet service,No internet service,No internet service,No internet service,One year,Yes,Mailed check,49.63,1337.94,1,No
3196-KLS,Female,1,No,Yes,2,Yes,Yes,DSL,No,Yes,No,Yes,Yes,Yes,Two year,No,Mailed check,121.7,254.65,4,No
2721-LLN,Male,0,Yes,Yes,16,Yes,No,Fiber optic,No,No,No,Yes,No,No,Month-to-month,No,Mailed check,96.21,1551.49,2,Yes
2816-DTW,Female,0,No,No,72,Yes,No,DSL,No,Yes,No,No,Yes,No,Month-to-month,No,Electronic check,89.02,6423.89,4,No
6775-JMB,Male,0,Yes,No,72,Yes,Yes,DSL,No,Yes,No,No,No,No,Month-to-month,Yes,Electronic check,87.49,6295.35,3,No
2058-SFS,Female,0,Yes,No,15,Yes,Yes,Fiber optic,Yes,No,No,Yes,No,Yes,Month-to-month,Yes,Credit card (automatic),124.19,1870.59,1,No
9378-UTS,Male,0,No,No,56,Yes,Yes,Fiber optic,Yes,No,No,No,No,Yes,Month-to-month,Yes,Bank transfer (automatic),114.17,6391.56,2,No
5359-NJC,Male,0,Yes,Yes,23,Yes,No,No,No internet service,No internet service,No internet service,No internet service,No internet service,No internet service,One year,Yes,Mailed check,37.79,864.97,1,No
6660-OWW,Male,0,No,Yes,18,Yes,Yes,DSL,Yes,No,No,No,No,No,Month-to-month,Yes,Bank transfer (automatic),85.37,1537.1,1,No
9401-NSZ,Male,0,No,Yes,14,Yes,No,DSL,Yes,No,Yes,No,No,No,One year,No,Electronic check,82.07,1147.48,2,No
1174-DWB,Male,0,No,Yes,56,Yes,No,No,No internet service,No internet service,No internet service,No internet service,No internet service,No internet service,Month-to-month,No,Bank transfer (automatic),37.43,2091.09,2,No
6698-GWP,Male,0,No,Yes,25,Yes,Yes,DSL,Yes,No,Yes,No,No,No,Two year,Yes,Mailed check,94.47,2362.02,1,No
6604-WTM,Male,0,Yes,No,11,Yes,Yes,DSL,Yes,No,No,No,No,No,One year,No,Bank transfer (automatic),85.0,948.23,1,No
9524-KKP,Male,0,Yes,No,17,Yes,No,Fiber optic,No,No,Yes,No,No,Yes,Two year,Yes,Bank transfer (automatic),104.86,1794.67,3,No
1910-QVR,Female,0,No,No,15,No,No phone service,DSL,No,No,Yes,Yes,No,Yes,Month-to-month,No,Electronic check,79.32,1182.36,2,No
3514-DVV,Male,0,Yes,No,15,Yes,Yes,DSL,No,No,Yes,No,No,Yes,Two year,No,Mailed check,98.28,1461.95,2,No
1100-GBA,Male,1,Yes,No,10,Yes,No,Fiber optic,No,No,No,No,Yes,Yes,Month-to-month,No,Mailed check,107.54,1078.15,2,Yes
6801-HAL,Male,0,Yes,Yes,26,Yes,Yes,DSL,No,No,No,No,No,Yes,Two year,No,Bank transfer (automatic),87.02,2276.37,3,No
2018-JVQ,Male,0,Yes,No,2,Yes,No,No,No internet service,No internet service,No internet service,No internet service,No internet service,No internet service,Two year,Yes,Credit card (automatic),37.41,63.71,3,No
3502-LHT,Male,0,No,Yes,55,Yes,No,DSL,No,Yes,No,No,No,No,Month-to-month,Yes,Bank transfer (automatic),74.84,4127.12,5,No
1976-IJV,Female,1,Yes,No,14,Yes,Yes,DSL,Yes,Yes,No,No,No,No,One year,Yes,Electronic check,94.05,1303.78,3,No
1107-EMO,Female,0,Yes,Yes,41,Yes,No,Fiber optic,No,Yes,No,Yes,No,Yes,Month-to-month,No,Bank transfer (automatic),119.57,4895.23,2,No
7229-KHE,Male,0,Yes,Yes,33,Yes,No,No,No internet service,No internet service,No internet service,No internet service,No internet service,No internet service,Month-to-month,No,Electronic check,41.58,1361.65,3,Yes
4809-LBZ,Male,0,Yes,Yes,16,Yes,Yes,DSL,No,No,Yes,Yes,No,No,Month-to-month,No,Mailed check,94.23,1522.47,2,No
1559-UCJ,Male,0,No,No,6,Yes,No,DSL,No,Yes,No,No,No,Yes,Two year,Yes,Mailed check,85.01,518.18,0,No
4046-ALE,Male,0,No,No,21,Yes,No,Fiber optic,Yes,No,No,Yes,No,No,Month-to-month,Yes,Electronic check,107.83,2265.93,2,No
4439-YDQ,Female,1,Yes,No,72,Yes,Yes,Fiber optic,No,Yes,No,Yes,No,No,One year,No,Mailed check,117.02,8428.72,0,No
1916-BLA,Male,0,Yes,No,6,Yes,No,DSL,Yes,No,No,No,No,Yes,One year,Yes,Bank transfer (automatic),86.02,513.2,2,No
4275-LLS,Female,0,Yes,Yes,8,Yes,No,Fiber optic,No,No,No,No,No,Yes,Two year,No,Mailed check,96.55,759.57,4,Yes
6040-TXX,Male,0,Yes,Yes,72,Yes,No,No,No internet service,No internet service,No internet service,No internet service,No internet service,No internet service,Month-to-month,No,Mailed check,40.43,2904.32,3,No
4065-KMH,Female,0,No,No,56,Yes,No,No,No internet service,No internet service,No internet service,No internet service,No internet service,No internet service,Month-to-month,No,Bank transfer (automatic),38.89,2169.44,3,No
4527-THI,Female,0,Yes,No,20,Yes,Yes,DSL,No,No,No,No,No,Yes,Month-to-month,No,Mailed check,85.26,1719.2,2,Yes
8963-BYK,Female,0,Yes,No,30,Yes,No,DSL,No,Yes,No,No,No,Yes,Two year,Yes,Electronic check,87.92,2634.57,2,No
5615-MUO,Male,0,No,No,15,Yes,Yes,Fiber optic,No,Yes,No,No,No,No,Month-to-month,Yes,Mailed check,107.62,1624.12,1,Yes
1802-WNO,Male,0,No,No,13,Yes,No,DSL,No,Yes,No,Yes,No,No,Month-to-month,No,Electronic check,83.13,1090.58,1,No
2665-SLY,Male,1,No,No,15,Yes,Yes,DSL,Yes,No,No,No,Yes,Yes,One year,Yes,Credit card (automatic),108.04,1614.79,0,No
8475-DCE,Male,0,No,No,14,Yes,No,DSL,Yes,Yes,No,No,No,No,Month-to-month,No,Mailed check,82.32,1154.53,1,No
3808-OSB,Male,0,Yes,No,29,Yes,Yes,DSL,Yes,Yes,Yes,No,No,No,Two year,No,Bank transfer (automatic),106.02,3079.02,3,No
7096-NVJ,Female,0,Yes,No,11,Yes,Yes,DSL,No,Yes,No,Yes,No,Yes,One year,No,Mailed check,108.79,1185.16,1,No
9823-YVP,Female,0,No,No,5,No,No phone service,Fiber optic,No,No,No,No,No,No,Month-to-month,Yes,Electronic check,63.87,314.16,0,Yes
5317-UYT,Female,0,Yes,No,31,Yes,Yes,Fiber optic,No,No,No,No,Yes,No,Two year,No,Mailed check,104.78,3233.9,2,No
7805-UAE,Male,0,Yes,No,1,Yes,Yes,No,No internet service,No internet service,No internet service,No internet service,No internet service,No internet service,Two year,Yes,Credit card (automatic),50.9,60.44,2,No
2620-NIQ,Female,0,No,Yes,32,Yes,Yes,Fiber optic,Yes,No,Yes,No,No,Yes,One year,Yes,Bank transfer (automatic),126.83,4072.03,2,No
4118-UGV,Male,0,No,Yes,8,Yes,Yes,Fiber optic,Yes,No,No,Yes,No,No,Two year,Yes,Mailed check,115.14,927.94,1,No
5799-WFU,Female,0,Yes,Yes,6,Yes,No,DSL,No,No,Yes,Yes,No,Yes,Two year,Yes,Credit card (automatic),96.16,586.57,1,No
9776-NHN,Male,0,Yes,No,12,Yes,Yes,No,No internet service,No internet service,No internet service,No internet service,No internet service,No internet service,One year,No,Bank transfer (automatic),52.67,630.18,1,No
8614-JTT,Female,0,No,Yes,4,Yes,No,DSL,No,No,Yes,No,Yes,Yes,One year,No,Credit card (automatic),98.59,390.0,2,No
1537-UMS,Male,0,Yes,No,13,Yes,No,Fiber optic,Yes,Yes,No,No,Yes,No,Month-to-month,Yes,Mailed check,116.95,1533.0,4,Yes
1814-HWU,Female,0,Yes,No,3,No,No phone service,DSL,No,No,Yes,Yes,Yes,Yes,Month-to-month,Yes,Credit card (automatic),87.39,252.03,1,No
5062-UCZ,Female,0,No,No,17,Yes,Yes,Fiber optic,No,No,Yes,No,Yes,No,One year,Yes,Credit card (automatic),115.81,1966.94,2,No
2551-QFZ,Female,0,Yes,No,5,No,No phone service,No,No internet service,No internet service,No internet service,No internet service,No internet service,No internet service,Month-to-month,Yes,Electronic check,22.24,98.62,3,Yes
7163-PXB,Male,0,Yes,Yes,4,Yes,No,DSL,Yes,No,Yes,No,Yes,No,One year,Yes,Bank transfer (automatic),94.48,386.64,3,No
8635-ORA,Female,0,No,Yes,22,Yes,No,DSL,Yes,No,No,Yes,No,No,Month-to-month,Yes,Mailed check,83.4,1829.54,3,No
7201-SLH,Female,0,No,Yes,25,Yes,No,DSL,Yes,Yes,No,No,No,No,Two year,Yes,Electronic check,84.84,2125.05,1,No
4845-LGR,Female,1,No,No,1,Yes,No,Fiber optic,No,No,Yes,Yes,Yes,Yes,Month-to-month,Yes,Credit card (automatic),126.95,136.27,2,Yes
5717-HXT,Male,0,No,No,13,Yes,Yes,Fiber optic,No,No,No,No,Yes,No,Month-to-month,Yes,Mailed check,109.13,1410.73,1,Yes
3180-IHB,Female,1,Yes,Yes,3,Yes,Yes,DSL,Yes,No,No,No,No,Yes,One year,Yes,Electronic check,98.19,308.45,2,No
8035-PMG,Male,0,No,No,34,Yes,No,DSL,No,Yes,No,No,No,No,Month-to-month,Yes,Electronic check,76.65,2611.03,4,Yes
5687-GNN,Female,0,No,No,29,Yes,Yes,Fiber optic,No,No,Yes,No,No,No,Month-to-month,Yes,Electronic check,106.19,3085.45,2,Yes
1288-ALT,Female,0,Yes,Yes,2,Yes,Yes,DSL,No,Yes,Yes,No,No,Yes,Month-to-month,No,Bank transfer (automatic),107.99,228.86,2,Yes
4060-ODG,Male,1,Yes,No,71,Yes,No,No,No internet service,No internet service,No internet service,No internet service,No internet service,No internet service,Two year,Yes,Bank transfer (automatic),39.55,2813.04,0,No
2183-PCG,Male,1,No,No,72,Yes,No,Fiber optic,No,No,No,Yes,No,No,Month-to-month,Yes,Electronic check,94.56,6805.24,2,No
7679-VFP,Female,1,No,No,11,Yes,Yes,Fiber optic,No,No,No,No,Yes,No,Month-to-month,Yes,Electronic check,107.69,1183.46,0,Yes
8894-VFJ,Male,0,No,No,4,Yes,No,No,No internet service,No internet service,No internet service,No internet service,No internet service,No internet service,Month-to-month,No,Electronic check,38.07,159.78,2,Yes
1847-KMF,Male,0,Yes,Yes,4,Yes,No,Fiber optic,No,No,No,Yes,No,Yes,One year,Yes,Credit card (automatic),104.95,404.8,1,No
2239-AUS,Male,0,No,No,46,Yes,No,Fiber optic,No,Yes,Yes,No,Yes,No,Month-to-month,Yes,Electronic check,114.13,5259.64,3,Yes
5791-FRM,Female,0,No,Yes,16,Yes,No,DSL,Yes,No,No,Yes,No,No,Month-to-month,No,Bank transfer (automatic),83.68,1338.19,1,No
6055-WMU,Female,1,Yes,No,1,Yes,Yes,DSL,No,Yes,No,No,Yes,No,One year,No,Electronic check,94.36,93.28,1,No
8783-UQI,Female,0,No,No,65,No,No phone service,Fiber optic,No,No,No,No,Yes,Yes,Month-to-month,Yes,Bank transfer (automatic),91.58,5948.98,3,No
8795-MBD,Male,0,No,No,23,Yes,Yes,Fiber optic,No,No,Yes,Yes,No,No,Month-to-month,Yes,Bank transfer (automatic),112.79,2592.51,1,Yes
1124-YBD,Male,0,No,No,30,Yes,No,No,No internet service,No internet service,No internet service,No internet service,No internet service,No internet service,One year,Yes,Electronic check,38.75,1162.56,2,No
1530-JRY,Male,0,No,No,44,Yes,Yes,DSL,No,Yes,No,No,Yes,Yes,Two year,Yes,Electronic check,107.41,4725.75,2,No
5756-JEQ,Male,0,No,No,43,No,No phone service,No,No internet service,No internet service,No internet service,No internet service,No internet service,No internet service,One year,No,Electronic check,20.21,869.73,2,No
6461-MWQ,Female,0,Yes,Yes,2,Yes,No,DSL,Yes,No,No,No,No,No,Month-to-month,No,Electronic check,72.86,133.57,2,Yes
8432-XLN,Male,0,No,Yes,22,Yes,No,DSL,No,No,Yes,No,Yes,Yes,Two year,Yes,Mailed check,100.82,2207.46,2,No
7189-HWE,Female,0,No,Yes,30,Yes,No,DSL,No,Yes,No,No,Yes,No,Month-to-month,Yes,Credit card (automatic),84.77,2533.33,3,No
8614-NIG,Male,1,Yes,No,3,Yes,Yes,Fiber optic,No,Yes,Yes,No,No,No,Month-to-month,Yes,Credit card (automatic),117.45,353.89,4,Yes
1762-ZZH,Female,0,Yes,No,7,Yes,No,Fiber optic,No,No,Yes,No,Yes,No,Month-to-month,Yes,Electronic check,108.81,770.87,0,Yes
4957-NKN,Female,0,Yes,Yes,13,Yes,No,Fiber optic,No,No,No,No,Yes,Yes,Month-to-month,Yes,Bank transfer (automatic),109.92,1428.02,0,Yes
1839-CWR,Male,0,No,No,55,Yes,No,Fiber optic,No,No,Yes,No,Yes,No,Month-to-month,Yes,Electronic check,106.49,5864.02,6,Yes
1510-MLO,Male,0,No,Yes,48,Yes,Yes,DSL,Yes,No,Yes,No,No,Yes,Two year,Yes,Electronic check,105.3,5045.53,4,No
2137-EGK,Male,0,No,Yes,39,Yes,No,Fiber optic,No,No,Yes,No,No,No,Two year,No,Bank transfer (automatic),93.06,3614.91,0,No
5666-KOJ,Female,0,Yes,No,72,Yes,Yes,Fiber optic,No,Yes,No,No,Yes,No,Month-to-month,No,Electronic check,117.57,8478.05,1,No
7446-MNQ,Male,0,No,No,7,Yes,No,DSL,No,Yes,No,No,No,Yes,Two year,Yes,Electronic check,88.74,624.27,1,No
6740-JYA,Female,0,No,No,16,Yes,Yes,No,No internet service,No internet service,No internet service,No internet service,No internet service,No internet service,Month-to-month,No,Electronic check,47.89,756.79,2,Yes
3063-LZX,Male,0,Yes,No,15,Yes,No,DSL,Yes,No,No,No,No,No,Month-to-month,Yes,Electronic check,75.18,1134.2,1,No
9933-FLY,Female,0,No,Yes,29,Yes,No,Fiber optic,No,No,No,No,No,Yes,Two year,Yes,Electronic check,98.06,2854.76,2,No
5919-DBX,Male,1,No,No,48,Yes,Yes,Fiber optic,No,No,Yes,No,Yes,No,One year,No,Bank transfer (automatic),116.39,5579.81,3,No
1543-LGT,Female,0,No,No,17,Yes,No,No,No internet service,No internet service,No internet service,No internet service,No internet service,No internet service,One year,No,Electronic check,42.5,719.11,1,No
5798-IHN,Female,0,No,No,17,Yes,No,Fiber optic,No,Yes,No,Yes,No,Yes,One year,No,Credit card (automatic),116.24,1963.38,2,No
6718-UWL,Female,1,No,No,24,Yes,Yes,Fiber optic,No,No,No,No,No,Yes,One year,Yes,Credit card (automatic),106.61,2565.4,0,No
9120-BMD,Male,1,Yes,Yes,34,Yes,No,Fiber optic,No,No,No,No,No,Yes,One year,Yes,Credit card (automatic),96.12,3274.81,1,No
6715-RSP,Female,0,Yes,No,6,Yes,No,No,No internet service,No internet service,No internet service,No internet service,No internet service,No internet service,Month-to-month,Yes,Credit card (automatic),42.36,255.6,3,Yes
9269-HLI,Male,0,No,No,72,Yes,Yes,No,No internet service,No internet service,No internet service,No internet service,No internet service,No internet service,One year,Yes,Electronic check,48.15,3463.29,0,No
9473-RBW,Female,0,Yes,No,3,Yes,No,DSL,No,No,No,No,No,No,One year,Yes,Bank transfer (automatic),63.84,197.26,0,No
5861-QYL,Male,0,Yes,No,1,Yes,Yes,No,No internet service,No internet service,No internet service,No internet service,No internet service,No internet service,Month-to-month,Yes,Electronic check,51.7,66.64,0,Yes
4312-MSL,Male,0,Yes,No,12,Yes,Yes,Fiber optic,No,No,No,Yes,No,Yes,One year,Yes,Mailed check,116.34,1393.19,3,No
8919-YEY,Female,0,Yes,Yes,31,Yes,No,DSL,No,No,Yes,No,Yes,Yes,Month-to-month,Yes,Mailed check,98.41,3056.51,3,No
6624-FKQ,Female,1,No,No,72,Yes,Yes,DSL,No,No,No,No,No,No,One year,Yes,Electronic check,77.23,5570.04,6,No
1761-WNF,Male,0,No,No,68,Yes,No,No,No internet service,No internet service,No internet service,No internet service,No internet service,No internet service,Month-to-month,Yes,Mailed check,39.29,2684.97,3,No
8128-WKL,Female,0,No,No,30,Yes,No,Fiber optic,Yes,No,No,Yes,Yes,No,Month-to-month,No,Electronic check,118.63,3560.79,3,Yes
8308-DGB,Male,0,No,No,15,Yes,No,DSL,No,Yes,No,No,Yes,Yes,Month-to-month,No,Bank transfer (automatic),100.43,1511.31,2,Yes
7021-FRT,Male,0,Yes,No,23,Yes,Yes,DSL,Yes,Yes,No,Yes,Yes,Yes,Two year,Yes,Mailed check,130.36,2990.1,1,No
5135-HHH,Male,0,Yes,Yes,72,Yes,No,DSL,No,No,No,No,Yes,No,Month-to-month,No,Bank transfer (automatic),79.53,5713.85,1,No
8904-BLO,Male,0,No,No,8,Yes,Yes,DSL,No,No,No,No,Yes,No,Two year,Yes,Electronic check,89.57,728.88,1,No
6347-YCN,Male,1,Yes,No,17,Yes,No,No,No internet service,No internet service,No internet service,No internet service,No internet service,No internet service,Month-to-month,Yes,Bank transfer (automatic),39.49,679.09,2,No
4093-WHM,Male,1,Yes,Yes,30,Yes,Yes,Fiber optic,No,No,Yes,Yes,No,No,Two year,No,Mailed check,114.85,3456.98,2,No
7227-APW,Male,0,No,No,1,Yes,No,Fiber optic,No,No,Yes,No,No,No,One year,Yes,Electronic check,96.59,85.47,1,Yes
3913-GFE,Male,1,Yes,No,13,Yes,No,DSL,No,No,Yes,No,Yes,No,Month-to-month,No,Mailed check,84.86,1101.44,2,Yes
6289-VER,Male,0,Yes,Yes,21,Yes,Yes,Fiber optic,No,No,No,No,No,No,Month-to-month,Yes,Mailed check,93.48,1968.77,2,Yes
8145-WVO,Female,0,Yes,No,58,Yes,Yes,DSL,No,No,No,No,Yes,No,Month-to-month,Yes,Credit card (automatic),89.82,5223.97,1,No
5830-IKZ,Male,0,No,No,72,No,No phone service,DSL,No,Yes,No,No,Yes,Yes,Month-to-month,Yes,Credit card (automatic),77.82,5598.73,6,No
3160-UIW,Male,0,Yes,No,21,No,No phone service,No,No internet service,No internet service,No internet service,No internet service,No internet service,No internet service,Two year,No,Electronic check,20.22,435.77,4,No
8663-FVK,Male,0,Yes,No,72,No,No phone service,No,No internet service,No internet service,No internet service,No internet service,No internet service,No internet service,Month-to-month,Yes,Credit card (automatic),18.5,1345.5,3,No
7486-QDO,Female,0,No,No,3,Yes,No,DSL,No,No,No,No,No,Yes,One year,No,Bank transfer (automatic),77.39,229.46,0,No
3368-VTA,Female,1,No,No,31,Yes,No,Fiber optic,No,No,No,No,Yes,No,Two year,Yes,Electronic check,99.0,3078.47,2,No
6608-LDV,Female,0,No,Yes,13,Yes,No,Fiber optic,Yes,No,No,Yes,Yes,No,Month-to-month,No,Credit card (automatic),119.73,1544.22,0,No
6531-MKI,Female,0,Yes,No,35,Yes,Yes,DSL,No,No,No,No,No,No,Month-to-month,No,Mailed check,74.52,2614.44,2,No
9408-XPJ,Female,0,Yes,No,51,Yes,Yes,Fiber optic,No,No,No,No,Yes,No,One year,Yes,Credit card (automatic),109.34,5575.3,3,No
3939-NSL,Female,0,Yes,Yes,2,No,No phone service,Fiber optic,No,Yes,No,No,No,No,Two year,No,Bank transfer (automatic),74.75,136.08,2,No
4679-RUQ,Male,0,No,No,69,Yes,Yes,DSL,No,No,Yes,No,No,Yes,One year,Yes,Credit card (automatic),98.96,6836.91,1,No
8074-ASD,Female,1,No,Yes,2,Yes,Yes,No,No internet service,No internet service,No internet service,No internet service,No internet service,No internet service,Month-to-month,No,Electronic check,48.3,100.88,2,Yes
7998-PLU,Female,0,Yes,No,35,Yes,Yes,Fiber optic,No,Yes,No,Yes,No,No,Month-to-month,No,Electronic check,114.95,4021.79,3,Yes
7764-QHM,Female,0,No,Yes,2,Yes,Yes,Fiber optic,Yes,No,No,Yes,No,No,One year,Yes,Bank transfer (automatic),116.99,226.35,0,No
2614-LQY,Female,0,No,No,50,Yes,No,Fiber optic,No,Yes,No,No,No,No,Two year,No,Electronic check,95.26,4765.62,3,No
7862-BFQ,Female,0,No,No,6,Yes,No,DSL,No,No,Yes,Yes,No,No,One year,Yes,Bank transfer (automatic),85.41,502.72,2,No
7639-QYT,Male,0,No,No,15,Yes,No,DSL,No,No,Yes,No,No,Yes,Month-to-month,Yes,Electronic check,87.84,1305.65,4,Yes
6733-XNQ,Male,0,No,No,68,Yes,No,DSL,Yes,Yes,No,Yes,Yes,No,Month-to-month,Yes,Bank transfer (automatic),104.3,7094.82,1,No
6688-SAA,Female,0,No,No,40,Yes,No,DSL,No,Yes,No,No,No,No,One year,Yes,Mailed check,72.16,2877.33,5,No
5364-NFF,Male,0,Yes,No,39,Yes,Yes,DSL,Yes,No,No,No,No,Yes,One year,Yes,Bank transfer (automatic),94.91,3710.27,3,No
5960-NCW,Female,0,Yes,No,37,Yes,No,Fiber optic,Yes,No,Yes,No,No,No,Month-to-month,Yes,Bank transfer (automatic),104.4,3850.34,4,Yes
9841-SSS,Male,0,No,Yes,22,Yes,No,Fiber optic,Yes,Yes,No,No,No,Yes,Month-to-month,No,Mailed check,118.31,2593.07,0,No
2499-WDT,Male,0,Yes,No,72,Yes,Yes,DSL,No,Yes,No,Yes,Yes,No,Month-to-month,No,Credit card (automatic),104.71,7546.68,2,No
1978-JYB,Female,0,Yes,Yes,45,Yes,No,Fiber optic,Yes,Yes,No,No,No,Yes,Month-to-month,Yes,Credit card (automatic),117.76,5310.01,1,No
3243-XFG,Female,0,No,No,15,Yes,No,No,No internet service,No internet service,No internet service,No internet service,No internet service,No internet service,Month-to-month,Yes,Credit card (automatic),38.52,570.89,2,No
9303-GRT,Female,1,No,No,34,Yes,No,Fiber optic,No,Yes,No,Yes,No,No,Month-to-month,No,Bank transfer (automatic),103.43,3504.81,4,Yes
5121-ZVS,Male,0,No,Yes,72,Yes,No,Fiber optic,No,No,No,No,No,No,One year,No,Electronic check,85.5,6150.13,2,No
6651-JMR,Male,1,No,No,52,Yes,Yes,No,No internet service,No internet service,No internet service,No internet service,No internet service,No internet service,Two year,No,Credit card (automatic),52.03,2694.27,2,No
4535-VQV,Female,0,Yes,Yes,1,Yes,No,DSL,Yes,No,Yes,Yes,No,No,Month-to-month,Yes,Bank transfer (automatic),96.37,85.3,1,No
1908-LJA,Female,1,No,Yes,34,Yes,No,DSL,Yes,No,No,No,Yes,No,Month-to-month,No,Electronic check,86.86,2959.01,3,No
8069-HUV,Male,1,No,No,58,Yes,No,Fiber optic,No,No,Yes,No,No,No,Two year,Yes,Bank transfer (automatic),96.96,5629.97,3,No
1171-ICV,Female,0,No,No,10,Yes,Yes,DSL,Yes,Yes,Yes,Yes,Yes,No,One year,No,Mailed check,125.28,1264.82,3,No
2885-DZB,Male,0,No,Yes,72,Yes,No,Fiber optic,No,No,Yes,No,Yes,No,Month-to-month,Yes,Credit card (automatic),105.53,7604.97,2,No
2161-PWK,Male,0,No,No,13,Yes,No,DSL,Yes,No,No,No,Yes,No,Month-to-month,No,Bank transfer (automatic),85.74,1104.72,1,No
9945-VNH,Female,0,Yes,No,14,Yes,No,No,No internet service,No internet service,No internet service,No internet service,No internet service,No internet service,Month-to-month,Yes,Bank transfer (automatic),40.03,568.4,1,No
9272-URF,Male,0,Yes,Yes,5,Yes,Yes,Fiber optic,Yes,Yes,Yes,No,No,No,Two year,Yes,Electronic check,126.12,633.51,3,Yes
6526-NWC,Male,0,Yes,No,3,Yes,No,Fiber optic,No,Yes,No,Yes,Yes,No,Month-to-month,No,Credit card (automatic),119.55,361.59,2,Yes
9998-OUX,Male,0,No,No,20,Yes,Yes,DSL,No,No,Yes,No,No,No,Month-to-month,No,Credit card (automatic),85.82,1714.94,1,Yes
1703-PPH,Male,0,No,No,24,Yes,No,No,No internet service,No internet service,No internet service,No internet service,No internet service,No internet service,Month-to-month,Yes,Bank transfer (automatic),38.91,922.9,2,No
4909-BVM,Female,1,No,Yes,12,Yes,No,DSL,No,No,No,Yes,No,No,Two year,No,Credit card (automatic),73.13,889.74,2,No
1619-OIB,Male,1,Yes,No,24,Yes,No,No,No internet service,No internet service,No internet service,No internet service,No internet service,No internet service,Month-to-month,No,Electronic check,41.81,988.58,3,Yes
9400-EKV,Female,0,Yes,No,13,Yes,Yes,Fiber optic,No,No,Yes,No,Yes,Yes,Month-to-month,Yes,Mailed check,129.44,1680.89,1,Yes
4442-XGB,Male,0,No,No,51,Yes,No,Fiber optic,No,No,No,Yes,No,No,Two year,Yes,Electronic check,94.25,4798.24,3,No
2291-WOA,Female,0,No,No,72,Yes,No,Fiber optic,No,No,No,No,Yes,No,One year,No,Bank transfer (automatic),96.99,6974.3,0,No
3655-MRC,Male,0,No,Yes,23,Yes,No,DSL,No,Yes,No,No,Yes,Yes,Month-to-month,Yes,Mailed check,98.21,2260.07,1,No
1704-OZM,Male,0,No,Yes,47,Yes,Yes,Fiber optic,Yes,Yes,No,Yes,Yes,Yes,Two year,Yes,Credit card (automatic),150.89,7080.15,1,No
1376-MVE,Female,0,No,No,49,Yes,No,DSL,No,Yes,No,Yes,Yes,No,Month-to-month,Yes,Credit card (automatic),97.97,4786.88,3,No
1443-SUX,Male,0,No,Yes,32,Yes,No,DSL,No,Yes,No,No,Yes,No,Two year,Yes,Mailed check,84.93,2720.34,1,No
5735-RUV,Female,0,Yes,No,6,Yes,No,No,No internet service,No internet service,No internet service,No internet service,No internet service,No internet service,Two year,Yes,Electronic check,41.84,254.5,0,No
4465-XHO,Male,0,Yes,Yes,5,Yes,Yes,No,No internet service,No internet service,No internet service,No internet service,No internet service,No internet service,One year,Yes,Mailed check,50.1,238.49,0,No
6588-YTY,Female,0,Yes,No,63,Yes,No,No,No internet service,No internet service,No internet service,No internet service,No internet service,No internet service,Two year,Yes,Credit card (automatic),40.35,2531.9,3,No
2919-WVD,Female,0,Yes,Yes,8,No,No phone service,No,No internet service,No internet service,No internet service,No internet service,No internet service,No internet service,Two year,No,Mailed check,18.5,136.87,3,No
5215-FCG,Male,1,Yes,No,8,Yes,Yes,No,No internet service,No internet service,No internet service,No internet service,No internet service,No internet service,Two year,No,Electronic check,49.93,410.45,3,No
4881-WFP,Male,0,No,No,5,Yes,No,No,No internet service,No internet service,No internet service,No internet service,No internet service,No internet service,One year,Yes,Electronic check,39.52,208.15,4,No
1400-MAF,Male,0,Yes,No,19,Yes,Yes,DSL,No,No,No,Yes,Yes,No,One year,No,Credit card (automatic),97.95,1854.98,2,No
3628-YMW,Male,0,Yes,No,29,Yes,Yes,DSL,No,Yes,No,No,No,Yes,Month-to-month,No,Bank transfer (automatic),97.55,2830.47,1,Yes
6212-LGO,Male,0,No,No,29,No,No phone service,DSL,No,Yes,Yes,No,Yes,Yes,Month-to-month,Yes,Bank transfer (automatic),86.7,2521.12,2,No
4010-PAP,Male,1,Yes,Yes,8,Yes,No,DSL,No,No,No,No,Yes,No,Month-to-month,Yes,Electronic check,77.88,636.98,2,Yes
3903-LSH,Male,0,Yes,Yes,3,No,No phone service,No,No internet service,No internet service,No internet service,No internet service,No internet service,No internet service,One year,No,Bank transfer (automatic),19.34,45.98,1,No
4691-OBQ,Male,1,No,No,10,Yes,Yes,No,No internet service,No internet service,No internet service,No internet service,No internet service,No internet service,Month-to-month,Yes,Credit card (automatic),50.85,516.69,2,No
7060-AFM,Male,1,Yes,Yes,18,Yes,No,Fiber optic,No,No,Yes,No,No,No,Month-to-month,No,Mailed check,93.59,1675.29,1,Yes
4338-JPZ,Female,1,Yes,Yes,24,Yes,No,DSL,No,No,No,No,No,No,Month-to-month,Yes,Bank transfer (automatic),63.03,1526.98,4,Yes
1759-WTQ,Female,0,Yes,Yes,8,Yes,No,DSL,No,Yes,No,No,No,Yes,Month-to-month,Yes,Bank transfer (automatic),89.82,724.44,1,Yes
9621-TJN,Female,0,No,No,6,Yes,No,Fiber optic,No,No,No,Yes,Yes,No,Month-to-month,No,Credit card (automatic),106.33,643.68,1,Yes
3459-AKZ,Male,0,No,No,47,Yes,No,No,No internet service,No internet service,No internet service,No internet service,No internet service,No internet service,Month-to-month,No,Mailed check,38.14,1784.23,2,No
2718-RPR,Female,0,Yes,Yes,49,Yes,Yes,Fiber optic,Yes,Yes,Yes,No,No,No,One year,Yes,Bank transfer (automatic),125.18,6131.68,5,No
6479-JZJ,Male,0,No,Yes,9,Yes,Yes,DSL,No,Yes,No,No,No,Yes,One year,Yes,Electronic check,97.3,862.8,7,Yes
5676-JRU,Male,0,Yes,No,21,Yes,Yes,Fiber optic,No,No,No,No,Yes,No,Month-to-month,Yes,Electronic check,106.04,2212.0,2,Yes
9167-IEB,Male,0,No,No,15,Yes,Yes,DSL,No,Yes,No,No,No,No,Month-to-month,Yes,Electronic check,83.51,1245.4,1,Yes
8142-QJL,Male,1,No,No,4,Yes,Yes,Fiber optic,No,No,No,Yes,No,No,One year,Yes,Credit card (automatic),103.92,427.31,0,No
5649-TAD,Female,0,Yes,No,71,Yes,Yes,Fiber optic,No,No,No,No,No,Yes,Month-to-month,Yes,Bank transfer (automatic),108.9,7728.5,2,No
8849-OEY,Female,0,No,No,1,Yes,Yes,No,No internet service,No internet service,No internet service,No internet service,No internet service,No internet service,Two year,Yes,Mailed check,50.29,46.77,1,No
6936-EBI,Female,0,Yes,No,6,Yes,Yes,No,No internet service,No internet service,No internet service,No internet service,No internet service,No internet service,Month-to-month,No,Mailed check,49.1,283.05,2,Yes
5370-NHQ,Male,0,No,No,11,Yes,No,Fiber optic,No,Yes,No,No,No,No,Month-to-month,Yes,Mailed check,97.33,1061.16,3,Yes
6819-CJQ,Male,0,No,No,49,Yes,Yes,Fiber optic,No,No,No,No,No,Yes,Two year,Yes,Mailed check,105.81,5191.44,2,No
7208-MUD,Female,0,No,Yes,39,Yes,Yes,DSL,No,Yes,No,No,Yes,No,Month-to-month,Yes,Mailed check,98.04,3822.66,5,Yes
4718-NEX,Male,0,No,No,22,Yes,Yes,DSL,No,No,Yes,No,No,Yes,One year,Yes,Mailed check,98.18,2147.1,1,No
7683-KQE,Female,0,No,No,30,Yes,Yes,No,No internet service,No internet service,No internet service,No internet service,No internet service,No internet service,Month-to-month,No,Bank transfer (automatic),50.08,1502.16,1,No
9194-EZO,Female,0,No,No,11,No,No phone service,Fiber optic,No,Yes,No,No,No,No,Two year,No,Electronic check,77.47,864.26,1,No
1306-PHM,Female,0,Yes,Yes,71,Yes,No,Fiber optic,Yes,Yes,No,No,No,Yes,Two year,Yes,Bank transfer (automatic),117.55,8343.58,2,No
7658-AII,Male,0,No,No,1,Yes,No,No,No internet service,No internet service,No internet service,No internet service,No internet service,No internet service,Two year,Yes,Credit card (automatic),42.79,32.63,3,No
2141-ZQX,Female,0,No,No,3,Yes,Yes,Fiber optic,No,No,No,Yes,No,Yes,Month-to-month,Yes,Mailed check,114.07,333.62,2,Yes
5722-MEI,Male,0,No,No,65,Yes,Yes,No,No internet service,No internet service,No internet service,No internet service,No internet service,No internet service,Month-to-month,No,Electronic check,50.3,3274.87,2,No
7655-ODD,Female,0,Yes,Yes,72,Yes,Yes,DSL,No,No,Yes,No,No,Yes,Month-to-month,No,Credit card (automatic),97.76,7036.79,0,No
5030-TJY,Male,1,Yes,No,17,Yes,No,Fiber optic,Yes,No,No,No,Yes,Yes,Month-to-month,Yes,Bank transfer (automatic),116.43,1980.41,4,Yes
4723-TPC,Male,1,No,No,22,Yes,Yes,DSL,No,No,Yes,No,No,No,Two year,Yes,Credit card (automatic),83.53,1845.84,2,No
5781-AJO,Female,0,No,No,59,Yes,Yes,No,No internet service,No internet service,No internet service,No internet service,No internet service,No internet service,Two year,No,Credit card (automatic),50.74,2997.27,1,No
6062-DNX,Male,0,No,Yes,49,Yes,No,Fiber optic,No,Yes,Yes,No,No,No,Month-to-month,Yes,Credit card (automatic),107.83,5283.55,2,No
4695-NCQ,Male,0,No,No,50,Yes,Yes,Fiber optic,No,No,No,No,Yes,Yes,Month-to-month,Yes,Electronic check,121.65,6093.39,3,Yes
3548-NRC,Male,1,No,No,12,Yes,Yes,Fiber optic,No,No,Yes,No,No,No,One year,No,Credit card (automatic),104.88,1271.6,0,No
8549-VSC,Female,0,Yes,No,45,Yes,No,No,No internet service,No internet service,No internet service,No internet service,No internet service,No internet service,Month-to-month,No,Electronic check,38.06,1714.62,2,No
1949-EJI,Male,0,Yes,Yes,2,Yes,No,Fiber optic,Yes,No,No,Yes,Yes,No,Month-to-month,No,Electronic check,114.45,240.42,1,Yes
7048-MCS,Female,1,No,No,17,Yes,No,DSL,No,No,No,Yes,No,No,One year,No,Electronic check,74.91,1261.41,4,No
2482-PFX,Female,0,No,No,7,Yes,No,No,No internet service,No internet service,No internet service,No internet service,No internet service,No internet service,Month-to-month,No,Credit card (automatic),40.25,275.22,4,Yes
7994-FHV,Male,0,No,No,1,Yes,Yes,No,No internet service,No internet service,No internet service,No internet service,No internet service,No internet service,Month-to-month,Yes,Credit card (automatic),51.15,53.24,2,Yes
5716-LJC,Female,0,Yes,No,25,No,No phone service,DSL,Yes,No,No,No,No,No,One year,No,Mailed check,54.63,1375.47,5,No
7339-AMX,Female,0,No,No,2,Yes,No,Fiber optic,Yes,Yes,No,No,Yes,Yes,Month-to-month,Yes,Bank transfer (automatic),127.94,242.03,2,Yes
8075-VKS,Female,1,No,Yes,4,Yes,Yes,Fiber optic,No,No,Yes,No,No,Yes,One year,No,Bank transfer (automatic),119.2,487.93,2,Yes
8082-LKF,Female,0,No,No,3,Yes,No,Fiber optic,Yes,No,Yes,No,No,Yes,Month-to-month,Yes,Bank transfer (automatic),116.41,340.47,3,Yes
1730-IYJ,Female,0,Yes,No,72,Yes,No,Fiber optic,No,Yes,Yes,Yes,No,No,One year,No,Bank transfer (automatic),112.85,8137.39,3,No
8170-TWP,Male,0,Yes,No,2,Yes,Yes,DSL,No,No,Yes,Yes,No,No,Month-to-month,No,Credit card (automatic),94.42,186.58,1,No
5802-JXK,Male,0,Yes,Yes,8,Yes,No,Fiber optic,No,No,No,No,Yes,Yes,One year,No,Mailed check,111.38,885.11,3,Yes
6543-FTK,Female,0,Yes,No,27,Yes,Yes,No,No internet service,No internet service,No internet service,No internet service,No internet service,No internet service,One year,No,Mailed check,49.29,1336.27,3,No
5959-ULP,Female,0,No,Yes,44,Yes,Yes,DSL,No,Yes,Yes,Yes,Yes,No,Two year,Yes,Mailed check,118.39,5216.69,3,No
1881-MVC,Male,0,Yes,No,24,Yes,No,Fiber optic,Yes,No,Yes,No,No,No,Month-to-month,Yes,Electronic check,107.43,2567.95,4,Yes
7702-VUN,Male,0,No,Yes,72,Yes,No,No,No internet service,No internet service,No internet service,No internet service,No internet service,No internet service,Month-to-month,Yes,Credit card (automatic),37.4,2697.65,2,No
1158-NEU,Male,0,No,Yes,11,Yes,No,DSL,No,No,Yes,No,No,No,One year,No,Electronic check,74.56,825.08,1,No
8514-HWO,Female,0,Yes,No,16,Yes,No,No,No internet service,No internet service,No internet service,No internet service,No internet service,No internet service,One year,Yes,Bank transfer (automatic),38.96,611.63,0,No
8803-OSZ,Female,0,No,No,44,Yes,No,DSL,Yes,No,Yes,No,No,Yes,Two year,No,Bank transfer (automatic),96.75,4246.62,2,No
4283-FSY,Male,0,Yes,No,29,Yes,Yes,DSL,Yes,No,No,No,No,No,Month-to-month,No,Bank transfer (automatic),82.37,2377.22,1,No
3419-WOC,Female,0,No,No,7,Yes,No,Fiber optic,No,No,No,Yes,No,Yes,Month-to-month,Yes,Bank transfer (automatic),104.67,725.63,1,Yes
8630-XPQ,Male,0,Yes,No,18,Yes,Yes,Fiber optic,Yes,No,No,No,No,Yes,Month-to-month,No,Electronic check,116.91,2114.45,1,No
6247-SKP,Male,0,No,Yes,72,Yes,Yes,DSL,No,No,Yes,No,Yes,No,Month-to-month,No,Electronic check,99.54,7175.11,2,No
8812-EZN,Female,0,No,Yes,50,No,No phone service,DSL,No,No,No,Yes,Yes,No,Month-to-month,Yes,Credit card (automatic),64.58,3225.67,4,No
2945-HEG,Male,0,No,No,6,Yes,No,Fiber optic,Yes,No,Yes,Yes,No,Yes,Two year,Yes,Electronic check,124.57,755.76,0,No
3430-PWN,Male,0,No,No,5,Yes,No,DSL,No,No,Yes,No,No,No,Month-to-month,No,Electronic check,73.42,354.06,2,Yes
1567-IDD,Male,0,No,No,45,Yes,No,DSL,No,No,Yes,Yes,No,No,Month-to-month,Yes,Credit card (automatic),82.77,3737.18,1,No
4319-QOD,Male,0,Yes,No,6,Yes,No,Fiber optic,No,No,Yes,No,No,No,Month-to-month,No,Credit card (automatic),94.34,563.68,1,Yes
4909-PDF,Male,0,Yes,No,16,Yes,No,Fiber optic,No,No,No,No,No,Yes,Two year,Yes,Electronic check,97.06,1566.42,1,No
1356-PYP,Female,0,Yes,Yes,5,Yes,Yes,No,No internet service,No internet service,No internet service,No internet service,No internet service,No internet service,Month-to-month,Yes,Mailed check,51.73,246.72,4,Yes
4081-IDN,Male,1,No,No,1,Yes,No,DSL,No,No,No,No,No,Yes,Month-to-month,No,Electronic check,75.21,78.25,1,Yes
6123-LXJ,Female,1,Yes,No,53,Yes,Yes,DSL,No,Yes,No,No,Yes,Yes,Month-to-month,Yes,Mailed check,106.07,5631.46,8,Yes
8422-DRM,Female,0,No,No,38,Yes,Yes,Fiber optic,No,No,Yes,No,No,Yes,Month-to-month,No,Electronic check,118.24,4504.81,0,Yes
7540-NRA,Male,1,No,No,16,Yes,Yes,No,No internet service,No internet service,No internet service,No internet service,No internet service,No internet service,Month-to-month,Yes,Bank transfer (automatic),49.81,789.39,3,Yes
2487-OVY,Male,0,Yes,No,5,No,No phone service,Fiber optic,Yes,No,No,Yes,No,No,Month-to-month,Yes,Electronic check,84.22,409.95,1,Yes
1325-FCP,Male,0,Yes,Yes,42,Yes,Yes,DSL,No,No,No,Yes,No,Yes,Month-to-month,No,Mailed check,98.97,4163.22,3,No
6067-DAD,Female,0,No,Yes,12,Yes,Yes,No,No internet service,No internet service,No internet service,No internet service,No internet service,No internet service,Month-to-month,Yes,Bank transfer (automatic),48.44,570.29,1,Yes
9340-HXE,Female,1,Yes,No,28,Yes,No,Fiber optic,Yes,Yes,No,No,Yes,No,One year,Yes,Mailed check,116.3,3248.58,4,Yes
9287-ZBL,Female,0,Yes,No,10,Yes,No,DSL,Yes,Yes,No,No,No,Yes,Month-to-month,Yes,Credit card (automatic),96.68,981.69,1,No
1528-GKD,Male,0,Yes,Yes,15,Yes,Yes,No,No internet service,No internet service,No internet service,No internet service,No internet service,No internet service,Month-to-month,Yes,Mailed check,48.82,735.48,2,No
2663-EFK,Male,0,No,Yes,20,Yes,No,DSL,Yes,Yes,Yes,No,No,Yes,One year,No,Credit card (automatic),105.53,2122.43,6,Yes
7656-YJT,Male,1,No,Yes,36,Yes,Yes,No,No internet service,No internet service,No internet service,No internet service,No internet service,No internet service,Month-to-month,Yes,Credit card (automatic),50.92,1837.76,0,No
9884-KXQ,Male,0,Yes,Yes,45,Yes,Yes,Fiber optic,No,Yes,No,Yes,No,No,Month-to-month,Yes,Bank transfer (automatic),115.79,5212.44,3,Yes
6127-MTR,Male,0,Yes,Yes,15,Yes,No,Fiber optic,No,No,Yes,No,No,No,Two year,Yes,Mailed check,96.29,1447.73,0,No
4925-PBE,Female,0,Yes,Yes,7,Yes,No,DSL,No,No,No,Yes,Yes,No,Two year,Yes,Mailed check,86.75,621.36,1,No
7018-VQP,Female,0,Yes,Yes,5,Yes,Yes,DSL,No,No,No,Yes,No,Yes,One year,Yes,Electronic check,99.2,510.14,3,No
5210-GRN,Female,1,No,No,11,Yes,Yes,DSL,No,Yes,No,No,No,No,Month-to-month,Yes,Credit card (automatic),84.29,941.14,2,Yes
5071-OOO,Male,0,No,No,41,No,No phone service,DSL,No,Yes,No,No,No,Yes,Month-to-month,No,Electronic check,64.53,2637.79,1,No
2440-KYE,Male,1,No,No,9,Yes,No,DSL,No,No,No,Yes,Yes,No,Month-to-month,Yes,Mailed check,88.82,786.26,2,Yes
5996-UFB,Female,0,Yes,No,2,Yes,Yes,DSL,No,No,Yes,No,No,No,One year,Yes,Mailed check,82.53,171.01,1,No
7765-KDX,Male,0,No,Yes,21,Yes,No,Fiber optic,No,No,Yes,No,Yes,Yes,Two year,No,Electronic check,121.7,2555.23,1,No
9792-IXC,Female,0,Yes,No,1,Yes,No,Fiber optic,No,No,No,No,No,No,Two year,No,Electronic check,85.17,97.14,3,Yes
5313-PKD,Male,0,No,No,55,Yes,No,DSL,Yes,Yes,No,No,No,No,Month-to-month,Yes,Mailed check,85.41,4698.79,2,No
2152-YUV,Male,0,No,Yes,29,Yes,No,Fiber optic,Yes,No,No,Yes,No,Yes,Month-to-month,Yes,Credit card (automatic),116.19,3366.63,3,No
1143-SPK,Male,0,Yes,No,8,Yes,Yes,DSL,No,No,No,No,Yes,Yes,One year,No,Electronic check,101.46,806.16,1,No
7361-HWA,Male,0,Yes,No,16,Yes,Yes,No,No internet service,No internet service,No internet service,No internet service,No internet service,No internet service,One year,Yes,Bank transfer (automatic),47.96,755.88,1,No
6977-UZI,Female,0,No,Yes,34,Yes,No,DSL,Yes,No,No,Yes,No,No,Two year,No,Credit card (automatic),84.48,2864.13,1,No
9890-LVH,Male,0,Yes,Yes,62,Yes,No,Fiber optic,Yes,No,No,No,No,No,Month-to-month,Yes,Bank transfer (automatic),93.53,5798.18,5,No
1944-JGS,Female,0,No,No,52,Yes,Yes,DSL,Yes,Yes,No,Yes,Yes,No,Month-to-month,Yes,Mailed check,116.36,6042.97,3,No
6783-XSR,Female,0,No,Yes,2,Yes,Yes,Fiber optic,Yes,No,Yes,No,No,No,Month-to-month,No,Mailed check,113.68,239.88,0,Yes
3926-BNU,Female,0,Yes,No,3,No,No phone service,No,No internet service,No internet service,No internet service,No internet service,No internet service,No internet service,One year,Yes,Electronic check,19.08,69.63,0,No
7047-JPG,Female,0,No,No,23,Yes,No,No,No internet service,No internet service,No internet service,No internet service,No internet service,No internet service,One year,No,Mailed check,37.3,859.5,4,No
5263-JOH,Female,0,No,No,18,Yes,No,Fiber optic,No,Yes,No,No,Yes,No,Month-to-month,No,Electronic check,106.73,1911.29,2,Yes
3567-OZL,Male,0,No,No,9,Yes,No,No,No internet service,No internet service,No internet service,No internet service,No internet service,No internet service,Month-to-month,No,Electronic check,39.02,345.88,0,No
3994-NRM,Female,0,Yes,No,72,Yes,Yes,No,No internet service,No internet service,No internet service,No internet service,No internet service,No internet service,Two year,No,Mailed check,51.8,3738.08,2,No
1830-QSI,Female,1,No,Yes,35,Yes,Yes,Fiber optic,No,Yes,Yes,No,No,No,Month-to-month,No,Credit card (automatic),115.03,4031.37,2,Yes
8878-ZGT,Female,0,Yes,No,30,Yes,No,No,No internet service,No internet service,No internet service,No internet service,No internet service,No internet service,Month-to-month,Yes,Mailed check,40.52,1223.07,2,No
8686-HPC,Female,0,Yes,No,6,Yes,No,Fiber optic,No,No,No,Yes,Yes,No,Month-to-month,No,Electronic check,108.72,645.42,4,Yes
6612-JRG,Female,0,Yes,No,9,Yes,Yes,Fiber optic,No,Yes,No,No,Yes,Yes,One year,Yes,Bank transfer (automatic),130.67,1161.24,3,Yes
8380-UEW,Male,0,No,No,24,Yes,No,Fiber optic,No,Yes,No,No,Yes,Yes,Two year,Yes,Bank transfer (automatic),120.0,2865.42,1,No
9888-XVG,Female,0,Yes,No,40,Yes,No,DSL,Yes,Yes,No,Yes,No,No,Month-to-month,No,Mailed check,97.2,3893.17,0,No
9440-VQD,Male,0,No,No,67,Yes,No,Fiber optic,No,No,No,No,No,No,Month-to-month,Yes,Mailed check,83.97,5627.5,1,No
2111-WPS,Female,0,No,Yes,30,Yes,No,DSL,No,No,No,Yes,No,Yes,One year,Yes,Credit card (automatic),88.26,2645.11,1,No
4842-CQJ,Male,0,No,Yes,14,Yes,Yes,Fiber optic,No,No,No,No,No,No,Month-to-month,Yes,Mailed check,93.07,1311.08,3,Yes
3517-QUD,Male,0,No,No,30,Yes,No,DSL,No,Yes,Yes,No,Yes,No,Two year,No,Bank transfer (automatic),97.72,2943.39,1,No
2878-FLY,Male,0,No,Yes,2,Yes,No,Fiber optic,No,No,No,No,Yes,No,Two year,No,Electronic check,99.82,211.01,0,No
1309-YTQ,Male,0,No,Yes,23,Yes,Yes,Fiber optic,No,Yes,No,No,No,No,Two year,No,Mailed check,104.08,2401.31,0,No
8728-JGP,Male,1,No,No,57,No,No phone service,DSL,Yes,Yes,No,Yes,No,No,Month-to-month,No,Electronic check,72.74,4161.13,2,No
7412-CBP,Male,0,No,No,26,Yes,Yes,Fiber optic,Yes,Yes,No,Yes,No,No,Month-to-month,Yes,Electronic check,124.52,3222.95,2,Yes
1605-FFM,Male,0,Yes,No,1,Yes,Yes,Fiber optic,No,No,No,No,No,Yes,Two year,No,Bank transfer (automatic),106.57,98.71,2,Yes
9006-EXG,Female,1,No,Yes,30,Yes,Yes,Fiber optic,No,No,No,No,No,No,Two year,No,Electronic check,95.65,2878.25,6,Yes
7412-YUU,Male,0,No,No,33,Yes,No,Fiber optic,Yes,No,No,No,No,No,Month-to-month,Yes,Bank transfer (automatic),93.24,3071.99,2,Yes
8835-PZT,Female,0,No,Yes,20,Yes,No,Fiber optic,Yes,No,Yes,No,No,No,Month-to-month,No,Electronic check,107.58,2163.35,2,Yes
2953-ERG,Female,0,No,No,43,Yes,No,DSL,No,Yes,Yes,No,Yes,Yes,Month-to-month,Yes,Credit card (automatic),108.86,4686.78,1,No
8594-YYK,Female,1,No,No,6,Yes,No,No,No internet service,No internet service,No internet service,No internet service,No internet service,No internet service,Two year,No,Bank transfer (automatic),41.6,235.29,7,Yes
3415-MVE,Male,0,No,No,14,Yes,No,Fiber optic,No,No,No,No,Yes,No,One year,No,Mailed check,94.75,1325.45,3,Yes
9495-VVP,Female,0,Yes,Yes,42,Yes,Yes,Fiber optic,Yes,Yes,No,Yes,Yes,No,Month-to-month,Yes,Electronic check,135.96,5698.79,0,No
7255-NFB,Male,1,Yes,Yes,24,Yes,Yes,DSL,Yes,Yes,No,No,No,Yes,Two year,Yes,Electronic check,105.41,2541.58,3,No
5798-NPW,Male,0,Yes,No,72,Yes,No,Fiber optic,No,Yes,No,No,No,No,One year,Yes,Mailed check,94.35,6784.18,2,No
7324-NTY,Male,0,No,Yes,2,Yes,Yes,No,No internet service,No internet service,No internet service,No internet service,No internet service,No internet service,Month-to-month,No,Mailed check,47.18,83.01,1,Yes
3823-HVV,Female,0,Yes,No,8,Yes,No,DSL,Yes,Yes,Yes,No,No,No,Month-to-month,No,Bank transfer (automatic),93.0,750.25,4,Yes
8433-YUQ,Female,0,No,Yes,6,Yes,No,DSL,No,No,No,Yes,No,No,One year,Yes,Credit card (automatic),74.75,442.6,2,No
1497-JZU,Male,1,Yes,Yes,72,Yes,Yes,DSL,Yes,Yes,No,No,No,No,Month-to-month,Yes,Electronic check,92.89,6692.07,3,No
5643-ADD,Male,0,Yes,Yes,51,Yes,No,No,No internet service,No internet service,No internet service,No internet service,No internet service,No internet service,Two year,Yes,Credit card (automatic),42.21,2160.23,0,No
1857-DQI,Male,1,No,No,4,Yes,No,Fiber optic,No,Yes,Yes,No,No,No,One year,Yes,Electronic check,104.44,420.79,0,Yes
9221-SMD,Male,1,No,Yes,11,Yes,No,No,No internet service,No internet service,No internet service,No internet service,No internet service,No internet service,Month-to-month,Yes,Mailed check,41.72,461.29,2,No
5604-MWP,Female,0,Yes,No,2,Yes,Yes,No,No internet service,No internet service,No internet service,No internet service,No internet service,No internet service,One year,Yes,Mailed check,49.73,88.61,2,No
4605-EHP,Female,0,Yes,No,26,Yes,Yes,Fiber optic,No,No,No,Yes,Yes,No,Month-to-month,Yes,Mailed check,114.23,2955.99,4,Yes
3016-WFK,Female,0,Yes,No,11,Yes,Yes,DSL,Yes,No,No,No,No,No,Two year,Yes,Electronic check,84.09,934.8,2,No
4791-GSA,Female,0,No,No,8,Yes,Yes,DSL,No,Yes,Yes,Yes,No,Yes,One year,No,Electronic check,116.86,932.15,2,No
2361-MZO,Female,0,Yes,No,19,Yes,No,DSL,No,Yes,No,No,Yes,No,Two year,Yes,Credit card (automatic),86.04,1626.51,4,No
8106-XJI,Male,1,No,No,40,No,No phone service,Fiber optic,No,Yes,No,No,No,Yes,One year,No,Mailed check,87.55,3514.07,0,No
2186-VWO,Male,0,Yes,No,13,Yes,Yes,Fiber optic,Yes,No,No,No,No,Yes,Month-to-month,Yes,Electronic check,117.31,1537.39,0,Yes
4536-NGT,Female,1,No,No,36,Yes,Yes,Fiber optic,No,No,No,No,No,No,Two year,Yes,Bank transfer (automatic),97.68,3529.16,1,No
6415-DTX,Male,0,Yes,Yes,15,Yes,Yes,DSL,No,Yes,No,No,Yes,No,Two year,Yes,Bank transfer (automatic),96.22,1435.74,2,No
7724-MFE,Female,1,Yes,Yes,7,Yes,Yes,DSL,No,No,No,No,Yes,No,Two year,No,Bank transfer (automatic),85.62,604.92,4,No
4504-GFB,Male,1,Yes,No,15,Yes,Yes,No,No internet service,No internet service,No internet service,No internet service,No internet service,No internet service,One year,Yes,Mailed check,50.8,762.91,2,No
3666-GVU,Male,0,No,No,20,Yes,No,Fiber optic,Yes,No,Yes,No,No,No,One year,No,Electronic check,104.56,2093.03,2,No
8140-RVP,Male,1,No,No,16,Yes,No,Fiber optic,Yes,Yes,No,No,No,Yes,Month-to-month,Yes,Electronic check,114.07,1823.32,1,Yes
5107-QEN,Female,0,No,No,9,Yes,Yes,DSL,Yes,No,Yes,No,No,Yes,Month-to-month,No,Electronic check,107.89,961.33,2,Yes
9078-GNR,Female,0,No,No,6,Yes,Yes,Fiber optic,No,No,Yes,No,No,No,Month-to-month,Yes,Electronic check,105.68,630.73,0,Yes
1613-CEL,Female,0,No,No,72,No,No phone service,DSL,No,No,No,No,Yes,No,One year,No,Electronic check,54.9,3939.96,6,No
5862-RQQ,Male,0,No,No,9,Yes,Yes,Fiber optic,No,No,No,No,Yes,No,Month-to-month,Yes,Credit card (automatic),106.05,962.56,2,Yes
8612-KTJ,Male,0,No,No,31,Yes,Yes,Fiber optic,No,Yes,No,No,No,No,Two year,No,Electronic check,107.07,3318.64,2,No
8196-PBQ,Male,0,No,Yes,11,Yes,Yes,Fiber optic,No,No,No,Yes,No,No,Month-to-month,No,Credit card (automatic),105.32,1148.32,2,Yes
2469-TJM,Male,0,No,Yes,72,Yes,Yes,No,No internet service,No internet service,No internet service,No internet service,No internet service,No internet service,Two year,Yes,Electronic check,51.3,3695.61,4,No
2451-OGV,Male,0,Yes,No,72,Yes,Yes,Fiber optic,Yes,Yes,No,No,Yes,Yes,Month-to-month,No,Bank transfer (automatic),140.53,10105.06,4,No
4124-ZML,Female,0,Yes,No,44,Yes,No,No,No internet service,No internet service,No internet service,No internet service,No internet service,No internet service,Month-to-month,Yes,Electronic check,41.36,1808.21,2,No
9747-BEY,Female,1,No,No,22,Yes,No,DSL,No,No,No,Yes,No,No,One year,No,Bank transfer (automatic),75.57,1666.51,3,No
4030-ZTM,Male,0,No,No,20,Yes,No,Fiber optic,No,No,No,No,Yes,No,Month-to-month,Yes,Credit card (automatic),98.15,1952.25,2,Yes
5764-CKP,Female,0,Yes,No,10,Yes,No,Fiber optic,No,Yes,Yes,No,No,No,One year,No,Electronic check,107.39,1067.13,1,Yes
4360-SKI,Male,0,Yes,No,4,Yes,No,DSL,Yes,No,No,No,Yes,No,Month-to-month,Yes,Credit card (automatic),86.44,350.45,1,Yes
9968-GPC,Male,1,Yes,Yes,3,No,No phone service,Fiber optic,No,Yes,No,No,No,No,Month-to-month,No,Electronic check,76.03,227.98,3,Yes
5316-SDG,Female,0,No,No,16,No,No phone service,DSL,No,No,Yes,No,No,Yes,Month-to-month,Yes,Mailed check,69.55,1103.12,2,Yes
6803-REW,Male,0,Yes,Yes,72,Yes,No,Fiber optic,Yes,No,Yes,No,No,No,Month-to-month,No,Credit card (automatic),103.7,7459.12,4,No
9722-OAC,Female,0,No,No,8,Yes,No,DSL,No,No,Yes,Yes,No,No,Two year,Yes,Credit card (automatic),83.92,684.01,3,No
7618-RRB,Female,0,No,No,14,Yes,No,Fiber optic,No,Yes,No,Yes,No,Yes,Two year,Yes,Electronic check,114.81,1613.63,1,No
9708-AJT,Female,0,Yes,Yes,26,Yes,No,Fiber optic,No,No,No,No,No,Yes,Month-to-month,Yes,Bank transfer (automatic),96.69,2507.75,3,Yes
6213-JER,Male,0,No,No,11,Yes,No,Fiber optic,No,No,No,Yes,Yes,No,Month-to-month,No,Credit card (automatic),104.6,1136.7,2,Yes
8508-ZOT,Female,0,No,No,1,Yes,No,Fiber optic,No,No,No,No,No,No,Month-to-month,No,Bank transfer (automatic),85.45,95.99,1,Yes
4056-LUL,Male,1,Yes,No,13,Yes,No,Fiber optic,Yes,No,No,Yes,Yes,Yes,Two year,Yes,Electronic check,130.65,1708.74,5,No
9992-ZZD,Male,0,Yes,No,41,Yes,No,Fiber optic,No,Yes,No,No,Yes,No,Month-to-month,Yes,Mailed check,107.21,4388.65,1,No
9871-AOR,Male,0,Yes,No,72,Yes,Yes,DSL,No,No,Yes,No,Yes,No,Month-to-month,Yes,Electronic check,96.32,6935.46,1,No
2546-WBA,Male,0,Yes,No,9,Yes,Yes,No,No internet service,No internet service,No internet service,No internet service,No internet service,No internet service,One year,No,Bank transfer (automatic),50.88,449.84,4,No
9875-PVV,Male,0,No,No,64,Yes,Yes,No,No internet service,No internet service,No internet service,No internet service,No internet service,No internet service,Month-to-month,Yes,Mailed check,47.91,3064.03,4,No
2385-ROQ,Male,0,Yes,No,51,No,No phone service,DSL,Yes,No,Yes,No,No,Yes,Two year,Yes,Credit card (automatic),78.7,4000.95,1,No
2033-CZU,Male,0,No,No,14,No,No phone service,Fiber optic,No,Yes,Yes,Yes,No,No,One year,Yes,Electronic check,93.17,1291.42,3,Yes
4535-FCI,Male,0,Yes,No,1,Yes,No,Fiber optic,No,No,No,No,No,No,Two year,Yes,Bank transfer (automatic),82.94,73.51,3,Yes
1170-UMR,Female,0,No,Yes,47,Yes,No,No,No internet service,No internet service,No internet service,No internet service,No internet service,No internet service,Month-to-month,No,Electronic check,37.07,1729.07,5,Yes
4897-VXV,Female,1,Yes,Yes,9,Yes,Yes,DSL,No,Yes,No,No,No,No,Month-to-month,No,Electronic check,84.95,776.85,1,Yes
3837-XHM,Male,0,No,Yes,36,Yes,Yes,DSL,No,No,No,No,No,Yes,Two year,Yes,Mailed check,84.21,3032.78,2,No
5169-BHF,Male,0,Yes,No,22,Yes,No,DSL,No,No,No,No,Yes,No,Month-to-month,Yes,Electronic check,79.47,1755.59,4,Yes
6487-RQF,Female,0,Yes,Yes,7,Yes,No,Fiber optic,No,No,Yes,Yes,Yes,No,Two year,Yes,Bank transfer (automatic),119.22,828.04,5,Yes
1236-WNZ,Female,0,Yes,No,27,Yes,Yes,Fiber optic,No,Yes,No,Yes,No,Yes,Two year,Yes,Bank transfer (automatic),126.54,3405.53,2,No
7804-JXK,Female,0,Yes,No,37,Yes,Yes,No,No internet service,No internet service,No internet service,No internet service,No internet service,No internet service,Two year,Yes,Credit card (automatic),47.2,1753.37,1,No
2032-DGX,Female,0,Yes,No,17,Yes,No,No,No internet service,No internet service,No internet service,No internet service,No internet service,No internet service,Month-to-month,Yes,Mailed check,42.08,702.79,3,No
3940-VBG,Female,0,No,No,35,No,No phone service,Fiber optic,No,No,No,Yes,No,Yes,Month-to-month,Yes,Mailed check,84.61,2960.81,1,No
4132-IEO,Female,0,Yes,Yes,13,Yes,Yes,DSL,No,Yes,Yes,No,Yes,No,One year,Yes,Electronic check,109.01,1427.5,0,No
7961-DST,Male,0,No,No,72,Yes,Yes,DSL,Yes,Yes,No,Yes,No,Yes,Month-to-month,Yes,Bank transfer (automatic),118.2,8519.86,3,No
1633-GZH,Female,0,No,No,7,Yes,Yes,DSL,Yes,No,No,No,No,No,Month-to-month,No,Bank transfer (automatic),87.6,625.68,1,No
7487-UWK,Female,0,No,Yes,38,Yes,No,Fiber optic,Yes,No,No,Yes,Yes,No,Month-to-month,Yes,Electronic check,116.51,4437.86,1,No
4098-ABQ,Female,0,No,No,35,Yes,Yes,Fiber optic,Yes,No,No,No,Yes,No,Month-to-month,No,Electronic check,118.98,4155.78,1,Yes
6476-FZY,Female,0,No,No,19,Yes,No,Fiber optic,No,No,No,Yes,No,Yes,Month-to-month,Yes,Electronic check,109.03,2075.72,1,Yes
5887-GUO,Male,0,Yes,Yes,11,No,No phone service,DSL,No,No,Yes,No,Yes,No,One year,Yes,Bank transfer (automatic),65.32,731.4,0,No
2138-PYM,Male,1,Yes,Yes,15,No,No phone service,No,No internet service,No internet service,No internet service,No internet service,No internet service,No internet service,Month-to-month,Yes,Credit card (automatic),19.09,278.98,2,No
7116-CCS,Male,0,No,No,25,Yes,Yes,Fiber optic,No,No,No,No,No,No,Month-to-month,Yes,Credit card (automatic),95.95,2394.67,2,Yes
4759-VQD,Male,0,No,Yes,19,Yes,No,Fiber optic,Yes,Yes,No,No,No,No,One year,Yes,Bank transfer (automatic),103.2,1971.56,3,No
6095-SEB,Male,0,Yes,Yes,36,No,No phone service,No,No internet service,No internet service,No internet service,No internet service,No internet service,No internet service,Month-to-month,Yes,Electronic check,21.94,787.08,2,No
1974-BKM,Male,0,No,No,12,Yes,Yes,DSL,No,No,No,No,Yes,Yes,One year,No,Mailed check,98.78,1186.23,4,No
9649-CEC,Male,0,Yes,No,3,No,No phone service,DSL,No,No,No,Yes,Yes,No,Month-to-month,No,Credit card (automatic),69.28,219.29,4,Yes
2740-JSH,Male,0,Yes,No,18,Yes,Yes,Fiber optic,No,Yes,Yes,Yes,Yes,No,Two year,No,Mailed check,137.59,2479.9,2,No
7321-CXX,Female,1,No,No,8,Yes,No,Fiber optic,No,Yes,Yes,No,No,Yes,Month-to-month,No,Credit card (automatic),116.8,942.59,3,Yes
7439-JBL,Female,0,Yes,No,24,Yes,Yes,Fiber optic,No,No,Yes,No,No,Yes,One year,Yes,Bank transfer (automatic),119.12,2861.76,4,Yes
2217-UWX,Male,0,Yes,No,19,Yes,No,Fiber optic,No,No,No,Yes,No,No,Month-to-month,No,Mailed check,92.39,1768.13,2,Yes
5130-QGU,Male,0,Yes,No,38,Yes,Yes,DSL,No,No,No,No,No,No,Two year,No,Mailed check,72.28,2745.8,1,No
5589-PJO,Male,1,Yes,No,22,Yes,No,DSL,No,No,No,No,Yes,Yes,One year,Yes,Electronic check,87.95,1940.23,3,No
7260-XZO,Female,0,Yes,No,15,Yes,Yes,DSL,No,Yes,No,No,No,No,Month-to-month,No,Credit card (automatic),84.08,1260.57,2,Yes
5841-UGZ,Male,0,Yes,No,4,Yes,No,No,No internet service,No internet service,No internet service,No internet service,No internet service,No internet service,Two year,No,Credit card (automatic),39.45,148.44,4,No
2059-CIX,Male,0,Yes,Yes,4,Yes,No,Fiber optic,Yes,No,No,No,Yes,Yes,Month-to-month,Yes,Electronic check,117.86,479.0,0,Yes
7101-QNJ,Male,0,Yes,No,26,Yes,No,DSL,Yes,No,Yes,Yes,Yes,No,Month-to-month,Yes,Electronic check,108.94,2834.04,5,Yes
9108-LAV,Male,0,Yes,No,54,Yes,No,DSL,No,No,No,No,No,Yes,Two year,Yes,Electronic check,79.81,4295.29,3,No
7748-SSF,Female,0,Yes,No,14,Yes,No,No,No internet service,No internet service,No internet service,No internet service,No internet service,No internet service,Month-to-month,Yes,Electronic check,41.21,568.53,1,No
1594-MZV,Male,0,Yes,No,19,Yes,Yes,DSL,No,No,Yes,No,No,No,One year,No,Electronic check,86.39,1649.14,5,Yes
9212-DXB,Female,0,No,Yes,23,Yes,No,Fiber optic,No,No,Yes,No,No,No,Month-to-month,Yes,Credit card (automatic),96.88,2214.48,0,Yes
8854-LGT,Female,1,No,Yes,17,Yes,No,Fiber optic,Yes,No,No,No,Yes,No,Month-to-month,Yes,Bank transfer (automatic),106.1,1794.88,2,Yes
6681-WMQ,Male,1,No,Yes,2,Yes,No,Fiber optic,No,Yes,Yes,No,No,No,Month-to-month,Yes,Bank transfer (automatic),105.02,201.07,3,Yes
2667-YNT,Female,0,No,Yes,23,Yes,No,Fiber optic,No,No,No,No,Yes,No,Month-to-month,No,Mailed check,99.99,2292.58,3,Yes
9204-CZZ,Male,0,Yes,Yes,4,No,No phone service,Fiber optic,Yes,No,No,No,Yes,No,One year,Yes,Bank transfer (automatic),87.25,348.98,3,No
1973-OCA,Female,0,No,No,21,Yes,Yes,DSL,No,No,No,No,No,Yes,Month-to-month,No,Bank transfer (automatic),88.31,1867.26,2,Yes
3288-CNC,Male,0,Yes,No,38,Yes,Yes,Fiber optic,Yes,No,Yes,Yes,No,No,One year,Yes,Electronic check,127.81,4864.44,2,No
2420-ORN,Female,0,Yes,No,1,Yes,Yes,No,No internet service,No internet service,No internet service,No internet service,No internet service,No internet service,One year,Yes,Electronic check,47.06,44.56,6,Yes
5098-SHD,Female,0,Yes,Yes,15,Yes,Yes,Fiber optic,Yes,Yes,No,Yes,No,No,Month-to-month,Yes,Credit card (automatic),126.58,1897.36,2,Yes
2842-KAH,Male,0,No,No,35,Yes,No,DSL,No,Yes,Yes,No,Yes,Yes,One year,Yes,Credit card (automatic),110.73,3863.77,1,No
1494-AGU,Female,0,No,No,19,Yes,No,Fiber optic,No,Yes,No,No,Yes,No,Month-to-month,No,Electronic check,107.35,2043.95,0,Yes
8543-KNV,Male,0,No,No,7,Yes,Yes,DSL,No,No,No,No,No,Yes,Month-to-month,Yes,Electronic check,88.41,627.71,2,Yes
1045-LQN,Male,0,Yes,Yes,30,Yes,Yes,Fiber optic,No,No,Yes,No,No,Yes,Two year,Yes,Credit card (automatic),119.13,3582.44,2,No
3057-XNR,Female,0,No,No,39,Yes,No,DSL,Yes,No,No,No,No,Yes,Month-to-month,No,Electronic check,84.63,3305.31,1,No
6717-IQF,Male,0,Yes,No,12,Yes,Yes,Fiber optic,No,No,Yes,No,Yes,No,Month-to-month,No,Credit card (automatic),114.21,1372.4,0,Yes
9831-HZM,Male,1,No,No,9,Yes,No,Fiber optic,No,No,No,No,Yes,No,Two year,No,Bank transfer (automatic),95.92,849.09,3,No
7321-EFU,Male,0,No,Yes,20,Yes,Yes,Fiber optic,No,No,No,Yes,No,No,Month-to-month,No,Bank transfer (automatic),106.18,2136.79,1,No
5402-DGD,Male,0,No,No,12,Yes,No,Fiber optic,Yes,Yes,No,No,No,No,Month-to-month,Yes,Credit card (automatic),103.35,1247.17,1,Yes
6912-KLN,Female,0,Yes,Yes,46,Yes,No,No,No internet service,No internet service,No internet service,No internet service,No internet service,No internet service,Two year,Yes,Credit card (automatic),42.41,1941.98,0,No
1329-RPE,Female,0,No,No,38,Yes,No,DSL,Yes,No,No,No,No,No,Two year,Yes,Mailed check,73.67,2786.96,2,No
9135-NEZ,Female,0,Yes,No,10,Yes,Yes,Fiber optic,No,No,No,No,No,Yes,One year,Yes,Credit card (automatic),108.3,1073.38,2,Yes
2787-XHY,Male,0,Yes,No,16,Yes,Yes,Fiber optic,No,No,No,Yes,No,Yes,Two year,No,Mailed check,118.14,1897.06,2,No
2561-FPD,Female,0,No,No,56,Yes,Yes,No,No internet service,No internet service,No internet service,No internet service,No internet service,No internet service,Two year,Yes,Bank transfer (automatic),50.42,2831.19,2,No
2803-KCL,Female,1,Yes,No,4,No,No phone service,DSL,Yes,Yes,No,No,Yes,Yes,Month-to-month,No,Credit card (automatic),90.52,376.58,5,Yes
9125-EFS,Female,1,Yes,Yes,36,Yes,No,Fiber optic,No,No,No,Yes,No,No,Two year,Yes,Electronic check,97.87,3536.69,1,No
2615-WKE,Male,0,No,Yes,10,Yes,No,Fiber optic,Yes,Yes,Yes,Yes,No,No,Month-to-month,Yes,Electronic check,122.02,1220.68,0,Yes
6506-HFD,Female,0,No,No,4,Yes,Yes,No,No internet service,No internet service,No internet service,No internet service,No internet service,No internet service,One year,Yes,Electronic check,52.13,203.85,1,No
6291-YUP,Male,0,Yes,Yes,4,Yes,Yes,DSL,No,Yes,No,No,No,Yes,One year,Yes,Electronic check,94.74,370.01,3,Yes
4774-JVN,Female,0,Yes,No,9,Yes,No,No,No internet service,No internet service,No internet service,No internet service,No internet service,No internet service,Month-to-month,Yes,Mailed check,40.12,352.18,3,Yes
5606-MIG,Female,0,No,Yes,20,Yes,Yes,Fiber optic,Yes,No,No,No,No,Yes,One year,Yes,Mailed check,118.83,2366.53,1,No
5427-ERD,Male,0,Yes,No,60,Yes,No,Fiber optic,Yes,No,No,Yes,No,No,Month-to-month,Yes,Credit card (automatic),104.39,6265.11,3,No
1641-CZL,Female,0,No,No,10,Yes,No,DSL,Yes,No,No,Yes,No,No,Month-to-month,Yes,Electronic check,85.49,840.66,1,No
7594-DFL,Male,0,No,No,6,Yes,No,Fiber optic,No,Yes,No,No,No,No,Month-to-month,No,Credit card (automatic),93.31,553.97,3,Yes
5050-JAQ,Male,0,No,No,17,Yes,No,DSL,Yes,Yes,Yes,No,Yes,No,Two year,No,Electronic check,104.62,1775.28,2,No
4343-IYU,Female,0,Yes,No,5,Yes,Yes,No,No internet service,No internet service,No internet service,No internet service,No internet service,No internet service,Month-to-month,No,Electronic check,48.81,233.84,4,Yes
8226-WIL,Male,0,Yes,Yes,8,No,No phone service,DSL,Yes,Yes,No,No,No,No,One year,Yes,Electronic check,65.77,536.31,1,No
8720-OBK,Male,0,No,No,72,No,No phone service,Fiber optic,Yes,No,No,No,No,No,Month-to-month,No,Electronic check,75.42,5421.33,4,No
4591-WFU,Male,0,No,Yes,21,Yes,Yes,DSL,No,No,No,No,No,Yes,Two year,Yes,Credit card (automatic),87.64,1847.24,3,No
6011-GCH,Male,0,No,Yes,39,Yes,No,DSL,Yes,Yes,No,No,Yes,No,Two year,No,Credit card (automatic),96.28,3765.87,2,No
2521-QKB,Female,0,Yes,Yes,6,Yes,No,No,No internet service,No internet service,No internet service,No internet service,No internet service,No internet service,Month-to-month,No,Electronic check,42.2,253.95,2,Yes
7968-UXS,Male,0,Yes,No,19,Yes,No,No,No internet service,No internet service,No internet service,No internet service,No internet service,No internet service,Month-to-month,No,Credit card (automatic),40.4,772.71,2,No
5422-RHN,Male,0,Yes,No,18,Yes,Yes,DSL,Yes,No,No,No,No,Yes,Month-to-month,Yes,Mailed check,95.96,1723.13,1,No
2126-UDQ,Female,0,No,Yes,42,No,No phone service,No,No internet service,No internet service,No internet service,No internet service,No internet service,No internet service,Month-to-month,No,Bank transfer (automatic),18.51,788.9,3,No
7571-IZT,Female,0,No,No,1,No,No phone service,Fiber optic,No,No,No,Yes,No,Yes,Month-to-month,Yes,Electronic check,86.97,73.98,2,Yes
8276-YRT,Female,0,Yes,Yes,50,Yes,Yes,DSL,No,Yes,No,No,Yes,No,Month-to-month,No,Bank transfer (automatic),99.82,4995.44,0,No
6492-HAQ,Male,0,No,No,3,Yes,No,Fiber optic,No,No,No,Yes,Yes,Yes,One year,No,Electronic check,121.31,359.74,1,Yes
7792-TMB,Male,0,No,No,63,Yes,Yes,DSL,No,No,Yes,Yes,Yes,Yes,One year,No,Bank transfer (automatic),120.72,7609.97,5,No
8711-MIT,Male,0,No,No,4,Yes,Yes,DSL,No,No,No,Yes,Yes,No,Month-to-month,No,Bank transfer (automatic),98.01,398.08,0,Yes
7459-AYE,Male,0,Yes,No,19,Yes,Yes,Fiber optic,No,No,No,Yes,Yes,No,Month-to-month,Yes,Bank transfer (automatic),115.36,2195.93,1,Yes
9254-CDA,Female,0,No,No,3,Yes,Yes,Fiber optic,No,No,No,Yes,No,No,Two year,No,Electronic check,105.76,329.73,1,No
6965-IXD,Female,0,Yes,Yes,15,Yes,Yes,DSL,No,Yes,No,No,No,No,Month-to-month,Yes,Credit card (automatic),84.16,1267.89,6,Yes
5721-NYD,Male,0,No,Yes,9,No,No phone service,DSL,No,No,Yes,No,Yes,No,Month-to-month,Yes,Mailed check,67.91,614.06,2,Yes
4273-CWG,Male,1,No,No,14,Yes,Yes,Fiber optic,No,No,No,Yes,No,No,Month-to-month,Yes,Bank transfer (automatic),105.45,1465.64,5,Yes
8401-MDR,Male,0,No,No,20,No,No phone service,No,No internet service,No internet service,No internet service,No internet service,No internet service,No internet service,Two year,Yes,Mailed check,22.63,446.23,4,No
6674-YDX,Male,0,Yes,No,16,Yes,Yes,DSL,No,No,Yes,Yes,Yes,No,One year,No,Bank transfer (automatic),105.33,1671.32,5,No
1721-HJE,Female,0,No,No,1,Yes,Yes,DSL,Yes,No,No,Yes,Yes,No,Month-to-month,Yes,Electronic check,105.94,102.75,3,Yes
6190-LYC,Female,0,Yes,No,50,Yes,Yes,Fiber optic,No,No,Yes,Yes,Yes,No,Month-to-month,Yes,Bank transfer (automatic),129.43,6460.01,1,No
1089-DJD,Female,0,No,No,3,Yes,Yes,No,No internet service,No internet service,No internet service,No internet service,No internet service,No internet service,One year,No,Bank transfer (automatic),52.98,167.15,4,Yes
5703-JUV,Female,0,Yes,No,72,Yes,Yes,Fiber optic,Yes,No,Yes,No,Yes,Yes,Month-to-month,Yes,Bank transfer (automatic),137.11,9867.38,2,No
1271-OST,Male,0,Yes,Yes,48,Yes,No,DSL,No,No,No,No,No,No,Month-to-month,Yes,Bank transfer (automatic),63.88,3071.9,2,No
8041-XOG,Female,1,Yes,Yes,21,Yes,Yes,DSL,Yes,No,No,No,No,No,Month-to-month,No,Electronic check,83.2,1758.39,2,No
5379-AEJ,Male,0,Yes,No,8,Yes,No,DSL,Yes,No,Yes,Yes,No,Yes,One year,Yes,Bank transfer (automatic),107.96,866.91,3,No
9052-DNM,Female,0,Yes,Yes,3,Yes,No,DSL,Yes,No,No,Yes,No,Yes,One year,Yes,Credit card (automatic),97.41,283.99,0,No
2856-PWI,Female,0,Yes,Yes,28,Yes,No,DSL,Yes,No,Yes,No,Yes,No,Month-to-month,No,Bank transfer (automatic),97.79,2727.24,3,No
7229-PSO,Male,0,Yes,No,6,Yes,No,DSL,Yes,Yes,No,No,No,No,Month-to-month,No,Credit card (automatic),86.68,517.72,0,No
8865-NTJ,Female,0,Yes,No,34,Yes,No,Fiber optic,No,No,Yes,No,Yes,No,Month-to-month,No,Electronic check,105.02,3556.36,4,Yes
1500-LAU,Female,0,No,No,45,Yes,No,Fiber optic,No,Yes,No,No,Yes,Yes,Month-to-month,Yes,Mailed check,116.96,5254.71,0,Yes
2896-WSY,Female,0,Yes,No,72,Yes,Yes,Fiber optic,Yes,No,No,Yes,No,Yes,Two year,Yes,Electronic check,129.28,9293.86,2,No
4057-GIV,Female,0,No,No,18,Yes,No,No,No internet service,No internet service,No internet service,No internet service,No internet service,No internet service,One year,Yes,Electronic check,42.83,774.19,3,No
5747-GNO,Male,0,No,No,72,Yes,Yes,No,No internet service,No internet service,No internet service,No internet service,No internet service,No internet service,Month-to-month,No,Electronic check,49.77,3589.21,2,No
8758-FUN,Female,0,Yes,No,5,Yes,No,DSL,No,No,Yes,No,No,Yes,Month-to-month,Yes,Electronic check,84.14,427.16,0,Yes
4201-HMW,Female,0,Yes,Yes,46,Yes,No,Fiber optic,No,Yes,No,No,Yes,No,One year,Yes,Electronic check,108.3,4984.28,1,No
1965-EEY,Female,0,Yes,No,12,Yes,Yes,Fiber optic,No,No,No,No,Yes,No,Month-to-month,No,Bank transfer (automatic),105.69,1266.12,2,Yes
3976-IFT,Male,0,No,No,12,Yes,Yes,DSL,No,No,Yes,Yes,No,No,Month-to-month,Yes,Electronic check,92.41,1104.48,0,No
3521-GIE,Male,0,No,No,8,Yes,No,No,No internet service,No internet service,No internet service,No internet service,No internet service,No internet service,One year,No,Credit card (automatic),39.36,308.25,1,No
6773-EHG,Female,0,Yes,No,5,Yes,No,No,No internet service,No internet service,No internet service,No internet service,No internet service,No internet service,Month-to-month,Yes,Bank transfer (automatic),39.26,207.01,2,Yes
4404-MHK,Female,0,Yes,No,15,Yes,Yes,DSL,No,No,Yes,No,No,No,Month-to-month,Yes,Bank transfer (automatic),85.42,1285.21,3,Yes
4154-FVB,Female,1,No,No,72,Yes,No,Fiber optic,No,No,Yes,No,No,Yes,Month-to-month,No,Bank transfer (automatic),105.61,7602.77,2,No
7139-MWY,Male,0,Yes,Yes,11,Yes,No,Fiber optic,No,No,Yes,No,No,No,Month-to-month,Yes,Credit card (automatic),97.01,1066.57,3,Yes
7875-ZKA,Female,0,No,Yes,16,Yes,No,DSL,No,No,No,No,No,No,One year,Yes,Mailed check,63.22,1002.41,1,No
5289-QHB,Female,0,Yes,Yes,7,Yes,Yes,DSL,No,No,No,No,Yes,Yes,Month-to-month,No,Electronic check,99.1,680.0,1,Yes
8269-VEP,Male,0,Yes,No,11,Yes,No,DSL,Yes,Yes,Yes,Yes,No,No,Two year,No,Bank transfer (automatic),103.24,1130.52,3,No
7834-PMZ,Male,0,Yes,No,2,Yes,No,No,No internet service,No internet service,No internet service,No internet service,No internet service,No internet service,Month-to-month,No,Mailed check,40.36,66.18,1,Yes
6150-TGP,Male,0,No,Yes,72,Yes,No,No,No internet service,No internet service,No internet service,No internet service,No internet service,No internet service,Month-to-month,No,Credit card (automatic),41.55,2980.2,4,No
6206-PLN,Female,0,Yes,No,18,Yes,No,DSL,No,No,No,Yes,Yes,No,Two year,Yes,Electronic check,87.75,1569.27,3,No
5506-RPT,Female,0,Yes,Yes,34,Yes,No,Fiber optic,No,No,Yes,No,No,No,Month-to-month,Yes,Bank transfer (automatic),95.0,3237.08,1,No
6196-ZIZ,Female,0,Yes,No,19,Yes,Yes,DSL,Yes,No,No,No,No,No,Month-to-month,Yes,Credit card (automatic),83.76,1580.92,3,No
6659-IMD,Male,0,Yes,No,37,No,No phone service,No,No internet service,No internet service,No internet service,No internet service,No internet service,No internet service,Month-to-month,Yes,Electronic check,22.5,824.94,1,No
8176-ONS,Female,0,No,No,20,Yes,Yes,No,No internet service,No internet service,No internet service,No internet service,No internet service,No internet service,Month-to-month,Yes,Credit card (automatic),51.06,1012.46,3,No
6707-UZY,Female,0,Yes,No,31,Yes,No,DSL,No,No,Yes,Yes,No,Yes,One year,Yes,Bank transfer (automatic),97.62,3015.17,2,No
1997-CZY,Male,0,No,No,29,Yes,Yes,DSL,No,No,Yes,No,No,No,One year,No,Credit card (automatic),82.34,2398.43,3,No
3357-TPT,Male,0,Yes,No,20,No,No phone service,Fiber optic,Yes,Yes,No,Yes,Yes,No,Month-to-month,No,Mailed check,108.35,2157.24,2,No
5886-QPF,Female,0,No,No,7,No,No phone service,No,No internet service,No internet service,No internet service,No internet service,No internet service,No internet service,Two year,Yes,Electronic check,22.26,159.13,0,No
4527-SYZ,Male,0,No,No,6,Yes,Yes,Fiber optic,Yes,No,No,No,Yes,Yes,Month-to-month,Yes,Bank transfer (automatic),126.86,747.95,2,Yes
5090-ORP,Female,0,No,No,52,Yes,Yes,DSL,No,Yes,No,No,No,No,One year,No,Electronic check,83.37,4338.08,3,No
4743-MUQ,Female,0,No,Yes,4,Yes,No,Fiber optic,Yes,No,No,No,No,No,Two year,Yes,Electronic check,92.59,368.54,1,No
8008-YZC,Female,0,Yes,No,21,Yes,No,DSL,No,No,No,Yes,No,No,One year,Yes,Bank transfer (automatic),75.73,1596.37,1,No
3401-OAI,Male,0,No,Yes,18,Yes,Yes,Fiber optic,No,No,No,No,No,Yes,Month-to-month,Yes,Credit card (automatic),105.22,1891.8,2,Yes
8727-DLA,Female,0,Yes,No,41,Yes,No,Fiber optic,No,No,Yes,No,Yes,No,Month-to-month,Yes,Credit card (automatic),109.36,4484.68,4,Yes
1870-RWW,Male,0,Yes,No,4,Yes,No,Fiber optic,No,No,No,Yes,No,Yes,One year,Yes,Electronic check,104.92,427.78,3,Yes
8897-YMP,Male,0,Yes,No,30,Yes,No,Fiber optic,Yes,Yes,No,No,Yes,No,Month-to-month,Yes,Mailed check,119.73,3595.96,1,No
6158-PMN,Male,0,Yes,Yes,24,No,No phone service,DSL,No,Yes,Yes,No,Yes,Yes,Month-to-month,No,Electronic check,86.22,2067.72,1,Yes
2884-XXT,Male,0,No,No,31,Yes,No,No,No internet service,No internet service,No internet service,No internet service,No internet service,No internet service,One year,Yes,Credit card (automatic),37.72,1179.65,3,No
9503-UDV,Female,0,Yes,No,25,Yes,Yes,Fiber optic,No,Yes,No,No,No,Yes,Two year,No,Credit card (automatic),119.7,3001.54,1,No
1033-RBY,Male,0,No,No,21,Yes,No,Fiber optic,Yes,Yes,Yes,No,No,No,Two year,Yes,Mailed check,115.46,2437.22,0,No
2134-ZSO,Female,0,Yes,No,66,Yes,No,Fiber optic,No,No,No,No,Yes,No,One year,Yes,Credit card (automatic),99.95,6590.11,1,No
8017-XTK,Female,1,No,No,11,Yes,No,No,No internet service,No internet service,No internet service,No internet service,No internet service,No internet service,One year,Yes,Credit card (automatic),39.31,423.47,2,No
2913-JWE,Female,0,No,No,6,Yes,No,DSL,No,No,Yes,Yes,No,No,One year,Yes,Electronic check,86.89,517.79,0,No
2331-SMR,Female,0,No,Yes,40,Yes,Yes,Fiber optic,No,Yes,Yes,No,Yes,No,Month-to-month,No,Bank transfer (automatic),129.62,5199.35,1,No
8066-FJB,Male,0,Yes,No,4,Yes,Yes,DSL,No,Yes,Yes,Yes,No,No,Month-to-month,No,Electronic check,106.85,421.84,3,Yes
9983-FUM,Male,0,No,No,29,Yes,No,DSL,Yes,No,No,Yes,No,No,Month-to-month,Yes,Electronic check,83.84,2444.4,0,No
7118-BNE,Female,0,No,No,20,Yes,No,No,No internet service,No internet service,No internet service,No internet service,No internet service,No internet service,Month-to-month,Yes,Electronic check,38.48,772.83,1,Yes
3673-KJK,Female,0,No,No,1,Yes,Yes,No,No internet service,No internet service,No internet service,No internet service,No internet service,No internet service,Month-to-month,No,Electronic check,48.92,39.51,2,Yes
9250-BOG,Female,0,No,No,7,Yes,Yes,Fiber optic,No,Yes,No,Yes,No,Yes,Two year,Yes,Bank transfer (automatic),129.12,911.96,4,No
4688-EGT,Male,0,No,Yes,18,Yes,No,Fiber optic,No,No,Yes,No,Yes,No,Two year,No,Credit card (automatic),105.25,1879.77,1,No
5130-BUV,Male,1,No,No,11,No,No phone service,No,No internet service,No internet service,No internet service,No internet service,No internet service,No internet service,Month-to-month,Yes,Electronic check,18.5,209.56,5,Yes
3846-WSD,Female,0,No,Yes,14,Yes,No,DSL,No,No,No,No,No,Yes,Month-to-month,No,Bank transfer (automatic),77.21,1090.95,0,No
3899-GVG,Female,0,No,No,23,Yes,Yes,No,No internet service,No internet service,No internet service,No internet service,No internet service,No internet service,Month-to-month,Yes,Electronic check,48.05,1108.15,3,No
1912-SVP,Female,0,No,No,33,Yes,No,No,No internet service,No internet service,No internet service,No internet service,No internet service,No internet service,One year,No,Electronic check,38.52,1278.11,4,No
9866-ONO,Male,0,No,Yes,5,Yes,Yes,Fiber optic,Yes,Yes,No,Yes,No,Yes,Month-to-month,No,Credit card (automatic),135.87,686.9,0,No
6375-NGY,Female,0,No,No,9,Yes,No,Fiber optic,Yes,No,No,No,Yes,Yes,Month-to-month,No,Electronic check,116.03,1035.59,0,Yes
3466-QJO,Male,0,Yes,No,26,Yes,Yes,No,No internet service,No internet service,No internet service,No internet service,No internet service,No internet service,Month-to-month,No,Electronic check,51.46,1335.26,2,No
5124-FQQ,Male,0,No,No,23,Yes,Yes,Fiber optic,No,No,No,Yes,Yes,Yes,Month-to-month,No,Electronic check,130.02,2987.11,2,Yes
7157-XYR,Male,0,Yes,No,34,Yes,No,Fiber optic,No,Yes,No,No,No,No,One year,No,Credit card (automatic),95.41,3237.79,2,No
2508-HGW,Female,0,Yes,No,26,Yes,Yes,No,No internet service,No internet service,No internet service,No internet service,No internet service,No internet service,Month-to-month,Yes,Electronic check,52.59,1361.81,5,Yes
1863-DRE,Male,0,Yes,Yes,11,Yes,Yes,DSL,No,No,No,No,No,No,Month-to-month,Yes,Electronic check,77.16,854.88,1,No
4055-NSN,Male,0,Yes,Yes,18,Yes,Yes,DSL,No,Yes,Yes,Yes,Yes,Yes,Month-to-month,Yes,Electronic check,131.73,2365.06,3,Yes
6448-FQS,Female,0,No,No,55,No,No phone service,No,No internet service,No internet service,No internet service,No internet service,No internet service,No internet service,Month-to-month,Yes,Mailed check,21.78,1207.26,2,No
8723-DPY,Female,0,Yes,No,6,Yes,Yes,DSL,No,Yes,No,Yes,Yes,No,Month-to-month,Yes,Credit card (automatic),106.92,653.9,3,Yes
8189-DQH,Female,0,No,No,12,Yes,No,DSL,Yes,No,No,No,Yes,No,Month-to-month,Yes,Electronic check,86.62,1050.49,1,Yes
6386-KXV,Male,0,Yes,No,47,Yes,No,No,No internet service,No internet service,No internet service,No internet service,No internet service,No internet service,One year,Yes,Mailed check,42.68,2016.4,1,No
9759-FUU,Male,0,No,No,12,Yes,Yes,Fiber optic,No,Yes,No,No,No,No,Month-to-month,Yes,Electronic check,106.06,1275.49,1,Yes
9585-ZHG,Female,0,No,No,14,Yes,Yes,No,No internet service,No internet service,No internet service,No internet service,No internet service,No internet service,Month-to-month,No,Bank transfer (automatic),48.49,674.1,1,No
4515-HWB,Male,0,Yes,No,10,Yes,Yes,DSL,Yes,Yes,No,No,No,Yes,Month-to-month,No,Electronic check,108.59,1092.18,2,Yes
6882-PIM,Female,0,Yes,No,58,Yes,No,DSL,Yes,No,No,No,No,Yes,Month-to-month,Yes,Mailed check,89.92,5202.38,3,No
2622-LVY,Female,0,Yes,Yes,28,Yes,Yes,No,No internet service,No internet service,No internet service,No internet service,No internet service,No internet service,Month-to-month,Yes,Electronic check,49.24,1378.54,6,Yes
3800-BMA,Male,0,Yes,No,6,Yes,No,Fiber optic,No,No,Yes,No,Yes,No,Month-to-month,Yes,Credit card (automatic),109.63,664.88,1,Yes
9772-ATM,Male,0,Yes,No,35,Yes,Yes,Fiber optic,No,No,Yes,No,No,Yes,Month-to-month,Yes,Credit card (automatic),115.55,4045.61,4,Yes
3853-QLA,Male,0,No,No,1,Yes,Yes,No,No internet service,No internet service,No internet service,No internet service,No internet service,No internet service,Two year,Yes,Bank transfer (automatic),49.83,41.45,5,No
6698-NZH,Male,0,No,No,13,Yes,Yes,Fiber optic,No,No,No,No,No,No,One year,No,Credit card (automatic),97.56,1259.34,4,Yes
9746-NHC,Female,0,Yes,Yes,61,Yes,Yes,DSL,No,Yes,No,No,No,No,One year,Yes,Bank transfer (automatic),83.0,5048.96,3,No
8899-SDY,Female,0,No,No,30,Yes,No,Fiber optic,No,No,No,No,No,No,Month-to-month,No,Electronic check,82.29,2480.87,3,Yes
8244-TSE,Male,0,Yes,No,40,No,No phone service,Fiber optic,No,No,No,Yes,Yes,Yes,One year,No,Electronic check,101.0,4032.96,3,No
2764-TXD,Male,0,Yes,Yes,67,Yes,Yes,DSL,No,No,No,No,No,No,Month-to-month,No,Credit card (automatic),77.26,5171.09,2,No
6025-SQE,Male,0,No,No,38,Yes,Yes,DSL,No,No,No,No,Yes,Yes,Month-to-month,Yes,Electronic check,96.05,3638.62,2,No
4835-WUR,Female,0,Yes,No,3,Yes,Yes,Fiber optic,Yes,Yes,Yes,No,Yes,No,Two year,No,Credit card (automatic),138.23,410.42,0,No
1071-OMM,Female,0,Yes,No,7,Yes,Yes,DSL,No,No,Yes,No,No,No,Month-to-month,Yes,Mailed check,84.21,585.35,2,Yes
8635-MTB,Male,1,Yes,Yes,18,Yes,No,Fiber optic,No,Yes,No,No,No,No,Month-to-month,No,Electronic check,94.13,1703.12,0,Yes
4042-OWS,Female,0,No,No,1,Yes,Yes,DSL,No,Yes,No,Yes,No,Yes,Month-to-month,No,Electronic check,106.4,103.17,2,Yes
8332-ZVF,Female,0,No,Yes,25,Yes,No,DSL,No,Yes,No,Yes,No,Yes,Month-to-month,No,Credit card (automatic),95.21,2391.31,2,No
5227-VSW,Female,0,No,No,27,Yes,Yes,No,No internet service,No internet service,No internet service,No internet service,No internet service,No internet service,Two year,Yes,Credit card (automatic),50.01,1352.08,6,No
7886-DBG,Female,0,No,No,30,Yes,No,Fiber optic,No,Yes,No,No,No,No,One year,No,Credit card (automatic),95.6,2881.51,1,No
7786-OAB,Male,0,No,No,21,Yes,No,Fiber optic,No,No,No,No,No,No,Two year,No,Bank transfer (automatic),83.29,1763.73,3,No
6353-PYO,Male,0,Yes,No,16,Yes,Yes,Fiber optic,Yes,No,Yes,Yes,Yes,No,Two year,No,Electronic check,138.91,2212.67,2,No
5237-VNF,Male,0,No,No,49,Yes,Yes,Fiber optic,No,No,Yes,No,No,Yes,Month-to-month,Yes,Mailed check,118.26,5786.33,1,No
8248-RTS,Male,0,No,No,37,Yes,Yes,DSL,No,Yes,No,No,No,No,One year,Yes,Credit card (automatic),87.54,3248.95,1,No
1464-PHG,Female,0,Yes,Yes,24,Yes,Yes,DSL,No,No,Yes,Yes,No,Yes,One year,Yes,Credit card (automatic),105.37,2533.44,0,No
9115-LIN,Male,0,Yes,No,2,Yes,No,DSL,No,No,No,No,No,Yes,One year,Yes,Credit card (automatic),76.42,156.31,2,Yes
2120-JQQ,Male,1,No,Yes,30,Yes,No,Fiber optic,No,No,No,No,Yes,Yes,Two year,Yes,Bank transfer (automatic),106.97,3223.5,4,No
7627-QRT,Male,0,Yes,No,21,Yes,No,DSL,No,No,Yes,No,Yes,No,Month-to-month,Yes,Credit card (automatic),84.25,1779.01,2,No
4980-WYV,Male,0,No,No,30,Yes,Yes,Fiber optic,No,No,Yes,No,No,No,One year,Yes,Mailed check,104.12,3120.68,0,No
4413-OTW,Male,1,Yes,No,10,Yes,Yes,DSL,Yes,No,Yes,No,Yes,No,Month-to-month,Yes,Bank transfer (automatic),104.59,1048.17,1,Yes
2128-CCB,Female,1,No,Yes,38,Yes,No,Fiber optic,No,Yes,No,No,No,Yes,Month-to-month,No,Bank transfer (automatic),108.03,4103.86,3,Yes
1557-QMS,Male,0,Yes,Yes,14,Yes,No,DSL,No,No,No,No,Yes,Yes,Month-to-month,Yes,Mailed check,88.48,1243.56,1,Yes
6341-WOY,Female,0,No,No,57,Yes,Yes,No,No internet service,No internet service,No internet service,No internet service,No internet service,No internet service,One year,Yes,Electronic check,52.12,2968.31,4,No
5173-BGQ,Female,0,No,No,3,Yes,Yes,Fiber optic,Yes,No,Yes,No,No,Yes,Two year,No,Credit card (automatic),126.65,377.72,0,No
9645-UHB,Female,0,Yes,Yes,17,Yes,No,Fiber optic,No,Yes,No,No,Yes,No,One year,No,Credit card (automatic),109.91,1874.68,0,No
6984-PGV,Female,0,Yes,No,6,Yes,No,Fiber optic,No,Yes,No,No,No,No,Two year,Yes,Electronic check,95.88,561.62,2,Yes
1362-OMX,Female,0,Yes,No,16,Yes,No,Fiber optic,No,No,No,No,No,Yes,Two year,No,Electronic check,98.25,1566.27,1,No
2217-NXF,Female,0,No,No,11,Yes,Yes,DSL,No,Yes,No,No,No,Yes,Month-to-month,Yes,Bank transfer (automatic),99.28,1087.77,3,Yes
8195-GRX,Male,0,No,No,41,Yes,No,DSL,No,No,No,No,No,No,Month-to-month,No,Bank transfer (automatic),62.43,2564.74,1,No
9035-IDL,Female,0,No,No,5,Yes,Yes,Fiber optic,Yes,No,No,Yes,Yes,No,One year,No,Bank transfer (automatic),127.34,624.33,0,No
7403-YXT,Male,0,Yes,No,23,Yes,No,DSL,No,No,No,No,Yes,Yes,Month-to-month,No,Credit card (automatic),91.07,2087.09,2,Yes
7583-XGZ,Female,0,No,Yes,14,Yes,Yes,DSL,No,No,No,No,Yes,Yes,Month-to-month,No,Mailed check,101.76,1420.16,5,Yes
5231-WEL,Female,0,No,No,19,Yes,No,No,No internet service,No internet service,No internet service,No internet service,No internet service,No internet service,Month-to-month,No,Electronic check,40.93,787.02,1,No
1908-TNR,Female,0,No,No,32,No,No phone service,Fiber optic,No,Yes,Yes,Yes,No,No,Month-to-month,Yes,Electronic check,95.98,3067.32,0,No
3586-XYT,Male,0,Yes,Yes,12,Yes,No,No,No internet service,No internet service,No internet service,No internet service,No internet service,No internet service,One year,Yes,Bank transfer (automatic),41.53,508.74,0,No
7851-URG,Female,1,No,No,12,Yes,Yes,Fiber optic,Yes,No,Yes,No,Yes,Yes,Month-to-month,Yes,Credit card (automatic),137.65,1661.31,2,Yes
2806-UFP,Female,0,No,Yes,2,Yes,No,No,No internet service,No internet service,No internet service,No internet service,No internet service,No internet service,Month-to-month,Yes,Bank transfer (automatic),40.26,85.84,3,Yes
5147-XHU,Male,1,No,No,21,Yes,Yes,DSL,No,Yes,Yes,No,No,No,Month-to-month,No,Electronic check,92.36,1934.96,1,No
4983-VPC,Female,0,Yes,Yes,14,Yes,No,Fiber optic,No,No,No,Yes,No,No,Month-to-month,No,Bank transfer (automatic),93.62,1325.14,5,Yes
4832-CTG,Female,1,Yes,No,42,Yes,No,DSL,No,No,No,No,No,Yes,One year,Yes,Electronic check,75.9,3178.35,4,No
1559-VXQ,Female,0,No,No,15,Yes,No,DSL,Yes,No,No,No,No,No,Month-to-month,Yes,Mailed check,75.62,1126.54,0,No
6171-OAB,Male,0,Yes,Yes,72,No,No phone service,No,No internet service,No internet service,No internet service,No internet service,No internet service,No internet service,Month-to-month,No,Bank transfer (automatic),22.99,1664.17,2,No
4647-HVY,Female,0,Yes,No,5,No,No phone service,Fiber optic,Yes,No,No,No,No,No,Month-to-month,No,Mailed check,72.22,366.24,3,Yes
7911-SII,Female,0,No,Yes,8,Yes,No,DSL,Yes,No,No,No,Yes,No,Month-to-month,Yes,Credit card (automatic),89.22,719.52,0,No
2484-FOS,Male,0,No,No,13,Yes,No,DSL,No,No,No,No,No,No,Month-to-month,No,Credit card (automatic),67.26,861.15,2,Yes
2550-RGZ,Male,0,No,No,5,No,No phone service,Fiber optic,No,No,No,Yes,No,Yes,Two year,Yes,Mailed check,87.94,450.21,1,No
5682-HFH,Female,0,Yes,No,72,Yes,Yes,DSL,No,Yes,Yes,No,No,Yes,Month-to-month,Yes,Mailed check,104.23,7494.65,3,No
7081-SPG,Female,1,No,No,26,Yes,No,Fiber optic,Yes,Yes,Yes,Yes,Yes,No,One year,Yes,Electronic check,139.6,3626.45,3,No
7601-LQG,Female,0,Yes,Yes,1,Yes,No,Fiber optic,No,No,No,No,Yes,No,Month-to-month,Yes,Electronic check,99.89,112.67,8,Yes
7182-DCS,Female,0,Yes,No,22,Yes,No,Fiber optic,No,No,No,No,No,No,Two year,No,Bank transfer (automatic),83.8,1829.71,1,No
3094-DYI,Male,0,Yes,No,38,No,No phone service,Fiber optic,Yes,Yes,Yes,No,Yes,Yes,One year,Yes,Credit card (automatic),116.66,4428.45,0,No
2548-RUP,Male,0,No,No,2,No,No phone service,Fiber optic,No,No,Yes,No,No,No,One year,Yes,Electronic check,77.57,146.91,2,Yes
1064-DRH,Male,0,No,No,22,No,No phone service,DSL,No,No,No,No,No,Yes,Month-to-month,Yes,Credit card (automatic),54.2,1203.48,5,Yes
3035-PUK,Female,0,Yes,No,12,Yes,No,No,No internet service,No internet service,No internet service,No internet service,No internet service,No internet service,Two year,Yes,Electronic check,41.4,498.0,1,No
3228-UUS,Male,0,Yes,No,22,Yes,Yes,DSL,No,Yes,No,Yes,No,Yes,Month-to-month,Yes,Bank transfer (automatic),109.93,2425.79,3,No
4606-SRS,Male,0,No,No,8,Yes,Yes,No,No internet service,No internet service,No internet service,No internet service,No internet service,No internet service,Month-to-month,Yes,Bank transfer (automatic),49.57,409.15,2,No
2395-SJP,Female,0,Yes,No,28,Yes,No,Fiber optic,No,No,No,No,Yes,No,Two year,Yes,Credit card (automatic),96.19,2706.11,0,No
1452-TIH,Female,0,Yes,No,28,Yes,No,DSL,No,No,No,No,No,Yes,Two year,Yes,Mailed check,75.6,2108.09,3,No
3186-PGO,Female,0,No,Yes,20,No,No phone service,Fiber optic,Yes,No,Yes,No,Yes,Yes,One year,No,Mailed check,108.74,2167.41,2,No
5348-UTW,Female,0,Yes,Yes,65,No,No phone service,No,No internet service,No internet service,No internet service,No internet service,No internet service,No internet service,Month-to-month,Yes,Bank transfer (automatic),18.76,1215.27,1,No
6422-HGB,Female,0,Yes,No,61,Yes,Yes,Fiber optic,No,Yes,No,No,No,No,Two year,No,Credit card (automatic),107.75,6587.57,1,No
6196-WFE,Female,1,No,No,2,Yes,No,DSL,No,Yes,Yes,No,No,No,Month-to-month,No,Credit card (automatic),83.72,175.12,2,Yes
5636-ROW,Male,0,Yes,Yes,9,No,No phone service,Fiber optic,Yes,Yes,No,Yes,No,No,Two year,No,Bank transfer (automatic),97.88,882.78,3,No
1105-CEX,Female,0,No,Yes,12,Yes,Yes,DSL,No,No,Yes,Yes,Yes,No,Month-to-month,No,Electronic check,104.66,1260.53,4,Yes
4925-UBI,Female,0,No,No,2,Yes,Yes,DSL,No,Yes,Yes,No,Yes,Yes,Month-to-month,No,Bank transfer (automatic),116.03,218.62,3,Yes
9172-ALT,Male,0,Yes,No,19,Yes,No,DSL,No,Yes,No,Yes,No,Yes,One year,Yes,Credit card (automatic),94.92,1802.27,1,No
4796-EHO,Male,0,No,No,1,Yes,Yes,Fiber optic,Yes,Yes,No,No,No,Yes,Month-to-month,Yes,Credit card (automatic),124.67,134.0,5,Yes
7266-CFM,Male,0,Yes,Yes,29,Yes,No,DSL,No,Yes,Yes,No,No,No,Month-to-month,No,Mailed check,82.61,2383.15,1,No
5860-RXA,Male,0,No,No,1,Yes,Yes,No,No internet service,No internet service,No internet service,No internet service,No internet service,No internet service,Month-to-month,Yes,Bank transfer (automatic),48.11,51.0,2,Yes
8962-GLJ,Male,0,No,No,1,Yes,Yes,Fiber optic,No,No,No,No,No,No,Month-to-month,Yes,Credit card (automatic),92.51,104.77,3,Yes
7110-LKD,Female,1,No,No,45,Yes,No,Fiber optic,No,No,Yes,Yes,Yes,Yes,One year,Yes,Credit card (automatic),131.28,5897.1,0,No
5754-FYI,Female,0,No,No,8,No,No phone service,No,No internet service,No internet service,No internet service,No internet service,No internet service,No internet service,Month-to-month,No,Electronic check,18.95,149.19,0,No
8635-JEM,Male,0,No,Yes,3,Yes,No,Fiber optic,Yes,No,No,Yes,No,Yes,Month-to-month,No,Credit card (automatic),119.4,350.54,2,Yes
1895-BRU,Male,0,No,No,13,Yes,Yes,Fiber optic,No,No,No,Yes,No,Yes,Month-to-month,No,Electronic check,117.08,1519.72,3,Yes
6088-XUL,Male,0,Yes,No,2,Yes,No,No,No internet service,No internet service,No internet service,No internet service,No internet service,No internet service,Two year,Yes,Credit card (automatic),39.1,84.89,3,No
2385-BIB,Male,0,No,Yes,35,Yes,Yes,Fiber optic,Yes,Yes,Yes,No,Yes,No,One year,Yes,Mailed check,139.29,4884.67,2,No
2301-NKW,Female,0,Yes,No,18,Yes,Yes,DSL,No,Yes,Yes,No,Yes,Yes,Month-to-month,No,Electronic check,118.75,2132.99,0,No
9938-QDM,Male,0,No,No,21,Yes,Yes,DSL,No,No,Yes,No,No,Yes,Month-to-month,No,Credit card (automatic),97.97,2049.76,1,No
6088-MAK,Male,0,Yes,No,35,Yes,No,Fiber optic,Yes,Yes,Yes,No,Yes,No,One year,No,Electronic check,125.95,4395.45,5,No
8493-TCL,Female,0,Yes,No,39,Yes,Yes,DSL,Yes,No,No,No,No,Yes,Month-to-month,Yes,Bank transfer (automatic),94.17,3681.33,0,No
9894-EIZ,Female,0,Yes,No,4,Yes,Yes,No,No internet service,No internet service,No internet service,No internet service,No internet service,No internet service,Month-to-month,Yes,Electronic check,50.38,192.08,3,Yes
4833-LJS,Female,0,Yes,No,9,Yes,No,DSL,Yes,No,Yes,No,No,Yes,One year,No,Electronic check,95.78,876.2,2,No
5537-EIZ,Male,0,Yes,No,5,Yes,No,Fiber optic,No,Yes,Yes,Yes,Yes,Yes,One year,Yes,Mailed check,139.11,705.39,3,No
7618-TQJ,Male,0,Yes,No,2,Yes,No,DSL,Yes,No,Yes,Yes,No,No,Month-to-month,No,Credit card (automatic),92.29,183.44,3,Yes
6524-AVP,Female,0,Yes,No,20,Yes,Yes,Fiber optic,No,Yes,No,No,No,No,Month-to-month,Yes,Credit card (automatic),103.05,2061.69,2,Yes
5665-OWQ,Male,1,Yes,Yes,8,Yes,No,Fiber optic,Yes,Yes,Yes,No,No,No,Two year,Yes,Electronic check,116.62,947.55,0,No
2351-EFW,Male,0,Yes,No,5,Yes,No,Fiber optic,No,No,No,No,Yes,Yes,Month-to-month,Yes,Bank transfer (automatic),110.5,544.43,4,Yes
4827-NVW,Female,0,No,Yes,18,Yes,Yes,Fiber optic,No,No,No,Yes,No,Yes,Month-to-month,No,Bank transfer (automatic),114.12,2058.27,1,Yes
1266-FKM,Female,0,No,No,26,Yes,Yes,DSL,Yes,Yes,Yes,No,No,Yes,One year,Yes,Mailed check,116.31,3034.73,0,No
2022-LVB,Female,0,No,No,37,Yes,No,Fiber optic,No,No,No,No,Yes,No,Two year,Yes,Electronic check,100.0,3702.35,1,No
9756-CWD,Male,0,Yes,No,1,Yes,No,No,No internet service,No internet service,No internet service,No internet service,No internet service,No internet service,Month-to-month,Yes,Mailed check,39.01,38.21,3,Yes
2424-VFG,Female,0,Yes,Yes,19,Yes,No,DSL,No,No,No,No,No,Yes,Two year,Yes,Credit card (automatic),74.17,1414.41,2,No
3318-KXC,Male,0,Yes,No,8,Yes,No,DSL,Yes,No,No,Yes,Yes,Yes,Two year,Yes,Electronic check,108.1,878.72,4,No
2309-FZB,Male,0,No,No,72,Yes,No,Fiber optic,No,No,Yes,Yes,Yes,No,Two year,Yes,Mailed check,115.77,8332.01,1,No
9702-MZL,Male,0,Yes,No,5,Yes,Yes,Fiber optic,No,No,Yes,No,No,Yes,One year,Yes,Electronic check,118.09,604.27,2,Yes
2617-IQU,Female,1,No,No,15,Yes,Yes,Fiber optic,Yes,Yes,Yes,Yes,No,Yes,One year,No,Electronic check,144.54,2178.2,6,Yes
2583-QUX,Female,1,Yes,No,72,Yes,No,No,No internet service,No internet service,No internet service,No internet service,No internet service,No internet service,Two year,No,Electronic check,42.66,3070.43,2,No
2575-KXB,Female,0,Yes,No,6,Yes,Yes,Fiber optic,No,No,No,No,Yes,No,Two year,No,Credit card (automatic),105.0,632.68,2,No
7176-WMV,Male,0,No,No,42,Yes,No,Fiber optic,Yes,Yes,No,No,No,No,Month-to-month,No,Mailed check,102.76,4309.02,2,No
4892-QNN,Female,1,Yes,Yes,7,Yes,No,No,No internet service,No internet service,No internet service,No internet service,No internet service,No internet service,Month-to-month,Yes,Bank transfer (automatic),39.49,276.58,1,Yes
5431-QFZ,Female,0,Yes,Yes,2,Yes,No,DSL,No,No,Yes,No,No,No,One year,Yes,Credit card (automatic),75.1,160.6,0,No
4515-GZZ,Male,1,No,No,2,Yes,Yes,DSL,Yes,No,Yes,No,No,No,One year,Yes,Electronic check,95.77,190.11,1,No
9384-YOT,Male,0,Yes,No,72,Yes,No,Fiber optic,Yes,Yes,No,No,No,No,Month-to-month,No,Credit card (automatic),102.04,7356.05,1,No
3525-ZMX,Female,0,No,No,6,Yes,No,DSL,No,Yes,No,No,Yes,No,Month-to-month,Yes,Electronic check,87.87,517.39,1,Yes
3333-BSO,Female,0,Yes,No,9,Yes,No,No,No internet service,No internet service,No internet service,No internet service,No internet service,No internet service,Month-to-month,No,Electronic check,40.6,354.63,0,Yes
9046-YRN,Male,0,No,No,72,Yes,No,DSL,No,Yes,No,Yes,Yes,Yes,Two year,No,Bank transfer (automatic),107.79,7746.35,2,No
4414-FZI,Male,0,No,No,27,Yes,Yes,No,No internet service,No internet service,No internet service,No internet service,No internet service,No internet service,Month-to-month,Yes,Bank transfer (automatic),48.6,1298.35,2,No
1568-ZDQ,Male,0,Yes,No,17,Yes,Yes,Fiber optic,No,No,Yes,No,No,No,Two year,No,Bank transfer (automatic),102.3,1731.13,2,No
8511-NZH,Female,0,No,No,15,Yes,Yes,No,No internet service,No internet service,No internet service,No internet service,No internet service,No internet service,Two year,No,Electronic check,49.21,751.18,3,No
5382-BPD,Female,0,Yes,No,2,Yes,No,Fiber optic,Yes,No,Yes,Yes,No,Yes,Month-to-month,Yes,Electronic check,127.81,270.22,1,Yes
8222-TNH,Male,0,Yes,No,46,Yes,No,No,No internet service,No internet service,No internet service,No internet service,No internet service,No internet service,Two year,No,Electronic check,42.01,1919.52,4,No
1507-YCE,Female,0,No,Yes,36,Yes,Yes,Fiber optic,No,No,No,Yes,No,No,Two year,No,Electronic check,102.28,3686.23,1,No
2125-VZH,Female,0,No,Yes,3,Yes,No,No,No internet service,No internet service,No internet service,No internet service,No internet service,No internet service,Month-to-month,No,Mailed check,38.51,113.71,4,Yes
7565-DGX,Female,0,No,No,11,Yes,No,Fiber optic,No,No,Yes,Yes,Yes,No,Month-to-month,No,Credit card (automatic),114.13,1262.36,4,Yes
2938-GCH,Male,1,No,No,55,No,No phone service,DSL,No,Yes,Yes,Yes,Yes,Yes,Two year,Yes,Credit card (automatic),97.48,5346.57,0,No
4232-ANF,Female,0,No,No,7,Yes,No,Fiber optic,No,No,Yes,No,Yes,No,Month-to-month,Yes,Electronic check,104.55,745.97,2,Yes
4465-YND,Male,0,No,Yes,24,Yes,No,DSL,Yes,No,No,No,No,No,Month-to-month,Yes,Electronic check,73.4,1763.4,3,Yes
6413-PUA,Female,0,No,No,17,Yes,No,DSL,No,Yes,No,No,Yes,No,Month-to-month,Yes,Bank transfer (automatic),89.2,1530.49,5,Yes
1005-IOL,Male,0,No,No,43,Yes,No,Fiber optic,No,No,No,No,No,No,Month-to-month,No,Mailed check,84.26,3633.76,2,No
4970-KOC,Male,0,Yes,No,1,Yes,No,DSL,Yes,Yes,No,Yes,No,Yes,Month-to-month,Yes,Mailed check,109.38,100.02,3,Yes
1525-BDZ,Female,0,No,Yes,43,Yes,No,Fiber optic,Yes,Yes,No,Yes,No,No,Month-to-month,Yes,Credit card (automatic),117.13,5039.27,1,No
5491-BQC,Female,0,No,No,4,Yes,No,Fiber optic,No,Yes,No,No,No,No,Two year,No,Bank transfer (automatic),94.1,369.74,1,No
4071-JPV,Male,0,No,Yes,1,Yes,No,No,No internet service,No internet service,No internet service,No internet service,No internet service,No internet service,Month-to-month,Yes,Electronic check,40.91,37.77,2,Yes
3792-KUO,Male,0,Yes,No,23,Yes,No,Fiber optic,Yes,No,No,No,Yes,Yes,Month-to-month,No,Credit card (automatic),118.64,2735.92,3,Yes
3415-UUU,Female,0,No,No,8,Yes,No,Fiber optic,No,No,No,Yes,No,No,One year,Yes,Mailed check,96.91,789.01,2,No
9159-WEG,Male,0,No,No,31,Yes,No,Fiber optic,No,No,No,No,No,No,Two year,Yes,Bank transfer (automatic),82.12,2535.79,1,No
7004-RUH,Male,0,Yes,No,16,Yes,Yes,Fiber optic,Yes,No,No,No,No,No,Month-to-month,Yes,Credit card (automatic),105.03,1677.3,1,No
8155-BJS,Female,0,No,No,24,Yes,No,Fiber optic,Yes,No,No,No,Yes,No,Month-to-month,Yes,Electronic check,105.7,2532.19,2,Yes
1791-HXX,Female,0,No,No,30,Yes,Yes,DSL,No,Yes,No,Yes,No,Yes,Month-to-month,Yes,Electronic check,109.63,3293.6,1,No
7367-XAF,Female,0,No,No,66,No,No phone service,Fiber optic,No,No,No,No,No,No,Month-to-month,Yes,Electronic check,66.26,4371.72,1,No
3091-YXS,Female,0,No,No,44,Yes,Yes,No,No internet service,No internet service,No internet service,No internet service,No internet service,No internet service,Two year,No,Electronic check,51.19,2262.0,1,No
8408-BKR,Male,0,Yes,No,18,Yes,No,Fiber optic,Yes,Yes,No,No,Yes,No,One year,Yes,Mailed check,119.28,2133.19,1,No
2659-VKR,Female,0,No,No,15,Yes,Yes,Fiber optic,No,Yes,No,No,Yes,No,Month-to-month,Yes,Mailed check,117.43,1774.87,2,Yes
7446-IOG,Female,0,Yes,No,27,Yes,Yes,No,No internet service,No internet service,No internet service,No internet service,No internet service,No internet service,Month-to-month,Yes,Bank transfer (automatic),49.26,1344.8,2,No
4603-MMA,Female,1,Yes,No,34,Yes,No,Fiber optic,No,No,No,Yes,Yes,No,Month-to-month,Yes,Mailed check,107.23,3660.34,3,No
3291-DXD,Female,0,No,No,5,Yes,Yes,DSL,Yes,No,No,No,No,No,One year,No,Bank transfer (automatic),83.81,413.09,3,No
5993-ZWO,Male,0,Yes,No,1,Yes,Yes,DSL,Yes,No,No,No,Yes,Yes,Month-to-month,No,Electronic check,106.55,98.54,6,Yes
7533-CGF,Male,0,No,No,16,Yes,No,No,No internet service,No internet service,No internet service,No internet service,No internet service,No internet service,One year,Yes,Bank transfer (automatic),42.63,669.62,1,No
3978-DJU,Female,1,No,Yes,3,No,No phone service,DSL,Yes,No,No,Yes,No,No,One year,No,Credit card (automatic),62.92,198.19,1,No
8933-FTK,Female,0,No,No,8,Yes,No,No,No internet service,No internet service,No internet service,No internet service,No internet service,No internet service,Month-to-month,Yes,Electronic check,40.43,335.4,1,Yes
7211-DMP,Female,0,Yes,No,22,Yes,Yes,DSL,No,No,Yes,Yes,No,No,Month-to-month,Yes,Mailed check,92.89,2038.88,5,Yes
4021-KBV,Female,1,Yes,No,5,Yes,Yes,Fiber optic,No,Yes,Yes,No,No,Yes,One year,No,Bank transfer (automatic),126.09,620.51,3,Yes
4447-XGZ,Male,0,Yes,No,1,Yes,Yes,No,No internet service,No internet service,No internet service,No internet service,No internet service,No internet service,Two year,Yes,Electronic check,51.02,59.19,6,Yes
5899-GPZ,Male,0,Yes,Yes,21,Yes,Yes,DSL,Yes,Yes,Yes,No,No,Yes,Two year,Yes,Electronic check,115.44,2420.26,1,No
2285-BXH,Male,0,No,No,16,Yes,No,Fiber optic,No,Yes,No,Yes,No,No,One year,No,Credit card (automatic),104.18,1672.58,3,No
2885-GYX,Male,0,No,Yes,10,Yes,No,No,No internet service,No internet service,No internet service,No internet service,No internet service,No internet service,One year,No,Bank transfer (automatic),38.9,386.83,2,No
4022-YVR,Female,0,No,Yes,16,Yes,No,No,No internet service,No internet service,No internet service,No internet service,No internet service,No internet service,Two year,No,Credit card (automatic),42.85,691.98,3,No
2547-WSM,Male,0,No,Yes,29,No,No phone service,No,No internet service,No internet service,No internet service,No internet service,No internet service,No internet service,One year,No,Credit card (automatic),20.45,599.32,1,No
8590-YJJ,Male,0,No,Yes,3,Yes,No,DSL,Yes,No,No,No,No,No,Month-to-month,No,Electronic check,75.94,238.26,1,Yes
5917-FIM,Female,1,No,No,8,No,No phone service,DSL,Yes,No,No,No,Yes,No,Month-to-month,No,Credit card (automatic),66.36,536.31,1,Yes
9382-MEN,Male,0,Yes,Yes,40,No,No phone service,DSL,No,No,No,Yes,No,Yes,Month-to-month,Yes,Electronic check,64.67,2596.95,2,No
8240-HGH,Male,0,No,No,28,Yes,No,DSL,Yes,No,No,No,Yes,No,Month-to-month,Yes,Credit card (automatic),85.07,2374.14,0,No
1565-CWX,Male,0,Yes,No,8,Yes,Yes,Fiber optic,No,No,No,Yes,No,Yes,One year,No,Credit card (automatic),116.18,925.65,1,No
1743-AGS,Female,0,No,No,13,Yes,Yes,No,No internet service,No internet service,No internet service,No internet service,No internet service,No internet service,Month-to-month,Yes,Credit card (automatic),50.55,668.04,4,Yes
6409-NRO,Female,0,Yes,Yes,4,Yes,No,DSL,Yes,Yes,Yes,No,No,Yes,Month-to-month,Yes,Credit card (automatic),104.19,423.53,2,Yes
1301-XYS,Female,0,No,No,8,Yes,No,No,No internet service,No internet service,No internet service,No internet service,No internet service,No internet service,One year,Yes,Bank transfer (automatic),38.16,297.62,3,No
9701-SVZ,Female,0,Yes,Yes,46,Yes,No,Fiber optic,Yes,No,Yes,No,No,Yes,Two year,No,Bank transfer (automatic),118.6,5449.22,0,No
8248-VSP,Male,0,Yes,No,15,Yes,No,Fiber optic,No,No,No,No,No,Yes,Month-to-month,Yes,Credit card (automatic),97.8,1463.99,0,Yes
5856-SAS,Male,1,No,No,26,Yes,No,No,No internet service,No internet service,No internet service,No internet service,No internet service,No internet service,One year,Yes,Credit card (automatic),39.82,1023.91,1,No
2706-EQK,Female,0,Yes,No,5,Yes,No,DSL,Yes,No,Yes,No,No,Yes,Month-to-month,No,Mailed check,95.94,489.55,5,Yes
4959-ZHJ,Female,0,Yes,No,6,Yes,No,DSL,No,No,Yes,No,No,No,Two year,Yes,Electronic check,73.36,430.26,1,No
7347-JMZ,Female,0,Yes,Yes,71,Yes,Yes,DSL,No,No,No,No,No,Yes,Two year,No,Credit card (automatic),89.37,6356.67,4,No
7194-TQT,Male,1,Yes,Yes,47,Yes,No,Fiber optic,No,No,Yes,Yes,No,Yes,Month-to-month,No,Bank transfer (automatic),114.14,5360.56,1,No
4727-ECO,Male,0,No,No,40,Yes,No,Fiber optic,No,Yes,Yes,No,No,Yes,Two year,Yes,Bank transfer (automatic),115.2,4593.64,3,No
3303-BMV,Female,1,No,Yes,10,Yes,Yes,No,No internet service,No internet service,No internet service,No internet service,No internet service,No internet service,Two year,Yes,Mailed check,48.3,478.81,3,No
5374-QDS,Female,0,No,No,21,Yes,Yes,No,No internet service,No internet service,No internet service,No internet service,No internet service,No internet service,Month-to-month,Yes,Credit card (automatic),48.78,1021.86,2,Yes
2592-IWO,Female,1,Yes,No,17,Yes,Yes,No,No internet service,No internet service,No internet service,No internet service,No internet service,No internet service,Two year,Yes,Credit card (automatic),51.14,856.18,1,No
6179-IXU,Female,0,Yes,No,72,Yes,Yes,No,No internet service,No internet service,No internet service,No internet service,No internet service,No internet service,Two year,Yes,Electronic check,52.76,3794.57,2,No
2590-UPX,Female,0,No,No,7,Yes,No,Fiber optic,Yes,No,No,Yes,No,No,Two year,Yes,Electronic check,105.89,741.45,3,No
6118-WYZ,Female,1,Yes,Yes,72,Yes,No,Fiber optic,Yes,No,No,No,No,Yes,One year,No,Mailed check,109.53,7899.69,2,No
4646-MIO,Female,0,Yes,Yes,31,Yes,Yes,DSL,No,Yes,No,No,Yes,Yes,Month-to-month,No,Bank transfer (automatic),110.03,3403.03,4,No
4238-AAE,Female,1,No,Yes,14,Yes,No,DSL,Yes,No,No,No,No,No,Month-to-month,No,Electronic check,75.58,1052.1,1,No
7071-ILF,Male,0,No,Yes,8,Yes,No,No,No internet service,No internet service,No internet service,No internet service,No internet service,No internet service,Two year,Yes,Mailed check,39.72,303.81,2,No
3971-MZH,Female,0,Yes,Yes,36,Yes,Yes,DSL,Yes,No,No,No,No,Yes,Month-to-month,Yes,Electronic check,98.19,3522.87,1,No
7030-FFD,Male,0,Yes,No,44,Yes,No,Fiber optic,No,No,No,No,Yes,No,Two year,No,Electronic check,97.29,4282.53,6,No
6322-URC,Female,0,No,Yes,12,Yes,No,Fiber optic,No,Yes,No,No,Yes,Yes,Month-to-month,Yes,Bank transfer (automatic),118.44,1435.11,3,Yes
6309-LUU,Male,0,Yes,No,5,No,No phone service,Fiber optic,No,No,No,Yes,No,No,Two year,No,Electronic check,76.64,397.05,2,No
6413-HOR,Female,0,No,No,17,Yes,No,DSL,No,No,No,No,No,Yes,Month-to-month,Yes,Credit card (automatic),75.02,1271.04,2,Yes
1179-PFU,Female,1,No,Yes,16,Yes,No,Fiber optic,No,Yes,Yes,No,Yes,No,Two year,No,Credit card (automatic),116.52,1850.43,1,No
8312-ISR,Male,1,No,No,33,Yes,Yes,No,No internet service,No internet service,No internet service,No internet service,No internet service,No internet service,Month-to-month,Yes,Bank transfer (automatic),51.1,1679.87,2,No
7584-WEF,Female,0,Yes,No,72,Yes,Yes,DSL,Yes,No,No,No,Yes,Yes,Two year,No,Electronic check,110.87,7985.82,4,No
8370-PTQ,Male,0,Yes,No,19,Yes,No,Fiber optic,No,Yes,No,Yes,No,No,One year,No,Mailed check,106.67,2034.59,3,No
7611-IAZ,Male,0,No,No,33,Yes,Yes,DSL,Yes,No,No,No,No,No,Two year,Yes,Bank transfer (automatic),86.38,2858.98,1,No
5866-UWI,Male,0,Yes,No,11,Yes,Yes,DSL,Yes,No,Yes,No,No,No,Month-to-month,Yes,Electronic check,95.34,1062.24,3,Yes
2781-SMW,Female,0,Yes,No,23,Yes,No,DSL,No,No,No,No,No,No,Two year,No,Credit card (automatic),64.65,1486.05,0,No
6491-SWG,Male,0,Yes,Yes,4,Yes,Yes,Fiber optic,Yes,No,No,Yes,No,Yes,Month-to-month,Yes,Electronic check,129.47,509.63,1,Yes
2379-LWN,Female,0,Yes,No,43,Yes,No,Fiber optic,No,No,No,Yes,Yes,No,Two year,No,Electronic check,107.07,4612.75,1,No
1800-RTH,Male,0,No,No,11,Yes,Yes,Fiber optic,No,No,No,Yes,No,No,Month-to-month,Yes,Electronic check,107.21,1164.33,0,Yes
4257-FVM,Female,0,No,No,3,No,No phone service,No,No internet service,No internet service,No internet service,No internet service,No internet service,No internet service,Month-to-month,Yes,Credit card (automatic),18.5,55.91,1,No
3088-ITI,Male,0,No,No,72,Yes,Yes,DSL,Yes,No,Yes,No,Yes,No,Month-to-month,No,Bank transfer (automatic),105.73,7599.21,2,No
3126-MVP,Male,0,No,No,59,Yes,No,DSL,Yes,No,Yes,No,Yes,No,One year,No,Electronic check,97.62,5751.73,3,No
3591-BZN,Female,0,Yes,No,6,Yes,No,Fiber optic,No,No,No,No,No,No,One year,Yes,Mailed check,85.83,529.81,2,Yes
4322-FBH,Female,0,No,Yes,12,No,No phone service,Fiber optic,Yes,No,Yes,No,No,Yes,Month-to-month,No,Bank transfer (automatic),96.82,1171.91,0,Yes
3861-KXN,Female,0,Yes,No,70,Yes,Yes,DSL,Yes,No,No,No,Yes,Yes,Two year,Yes,Bank transfer (automatic),109.91,7708.32,1,No
7227-ALG,Female,0,Yes,No,40,Yes,No,Fiber optic,No,Yes,Yes,No,No,No,Month-to-month,No,Mailed check,102.04,4077.61,2,No
3567-IBQ,Female,0,Yes,No,60,Yes,Yes,Fiber optic,No,Yes,Yes,Yes,Yes,No,One year,Yes,Electronic check,135.59,8123.41,4,No
4123-MEJ,Female,0,No,Yes,21,Yes,Yes,DSL,Yes,Yes,No,Yes,No,No,Month-to-month,Yes,Mailed check,105.31,2224.62,0,No
5907-QUF,Female,0,Yes,No,7,Yes,Yes,DSL,No,No,Yes,No,Yes,No,Month-to-month,No,Bank transfer (automatic),97.48,677.37,1,Yes
5962-OGF,Female,0,No,No,7,Yes,Yes,Fiber optic,No,No,Yes,No,No,Yes,One year,No,Bank transfer (automatic),115.59,800.63,2,Yes
2976-IFM,Female,0,No,No,19,Yes,No,DSL,No,No,Yes,No,Yes,Yes,Month-to-month,Yes,Mailed check,101.96,1935.6,4,Yes
3490-VTD,Male,0,Yes,Yes,65,Yes,Yes,DSL,No,No,No,No,No,Yes,Month-to-month,Yes,Credit card (automatic),84.4,5477.71,1,No
8425-ZDH,Male,0,Yes,No,25,Yes,Yes,No,No internet service,No internet service,No internet service,No internet service,No internet service,No internet service,Month-to-month,No,Credit card (automatic),49.92,1258.0,1,No
7060-JRI,Male,0,No,No,1,Yes,Yes,DSL,No,Yes,Yes,No,No,No,Month-to-month,No,Credit card (automatic),94.46,89.4,6,Yes
1704-MRO,Male,0,No,No,21,Yes,No,DSL,Yes,No,No,No,Yes,No,Month-to-month,Yes,Electronic check,88.21,1849.5,1,No
4681-KNV,Female,0,No,Yes,24,Yes,Yes,Fiber optic,Yes,No,Yes,Yes,No,Yes,Month-to-month,No,Credit card (automatic),135.79,3255.33,3,Yes
5654-NPW,Male,0,Yes,No,22,Yes,No,Fiber optic,Yes,No,No,No,Yes,Yes,Month-to-month,Yes,Mailed check,117.79,2596.61,8,Yes
4090-IEE,Male,0,Yes,No,30,No,No phone service,Fiber optic,No,No,Yes,No,Yes,No,One year,Yes,Electronic check,85.18,2549.27,1,No
9283-TYX,Male,0,Yes,No,9,Yes,Yes,Fiber optic,No,No,No,Yes,Yes,No,One year,No,Credit card (automatic),116.68,1063.87,1,No
1831-RYC,Female,0,Yes,No,4,Yes,Yes,DSL,No,Yes,Yes,No,No,Yes,Month-to-month,No,Mailed check,108.92,445.79,2,Yes
6315-NGZ,Female,0,Yes,No,35,Yes,No,Fiber optic,No,No,No,No,Yes,No,Two year,No,Electronic check,98.1,3447.38,2,No
9455-XPT,Male,0,No,No,6,Yes,Yes,No,No internet service,No internet service,No internet service,No internet service,No internet service,No internet service,Month-to-month,No,Bank transfer (automatic),49.85,298.07,0,No
2286-ZQV,Male,0,Yes,No,4,Yes,No,Fiber optic,Yes,Yes,No,No,No,No,Two year,Yes,Electronic check,107.67,424.72,4,Yes
6431-NOO,Male,0,No,No,12,Yes,Yes,DSL,No,Yes,No,Yes,No,No,One year,No,Mailed check,97.35,1158.03,2,No
1100-PEB,Female,0,Yes,Yes,45,Yes,No,DSL,No,No,No,No,No,Yes,Month-to-month,Yes,Mailed check,77.38,3469.75,2,No
3291-YIV,Male,0,Yes,No,3,Yes,Yes,No,No internet service,No internet service,No internet service,No internet service,No internet service,No internet service,One year,Yes,Mailed check,51.84,146.54,4,Yes
6786-IDO,Male,0,Yes,Yes,6,Yes,No,Fiber optic,No,No,Yes,Yes,No,No,Month-to-month,No,Mailed check,102.56,620.54,1,Yes
4392-RAH,Female,0,Yes,Yes,17,Yes,No,DSL,No,Yes,No,No,No,Yes,Month-to-month,Yes,Bank transfer (automatic),89.5,1509.19,1,No
6973-RVI,Male,0,No,No,9,Yes,No,No,No internet service,No internet service,No internet service,No internet service,No internet service,No internet service,One year,No,Electronic check,42.42,385.93,1,No
5939-SYR,Male,0,Yes,No,32,No,No phone service,DSL,No,Yes,No,Yes,Yes,Yes,One year,No,Mailed check,88.54,2845.87,0,No
2018-BGJ,Male,1,No,No,29,Yes,No,Fiber optic,No,No,Yes,No,No,Yes,Two year,No,Mailed check,109.74,3173.09,1,No
5846-YGE,Male,0,No,No,47,Yes,Yes,Fiber optic,No,No,Yes,No,No,No,Month-to-month,Yes,Electronic check,102.92,4844.36,1,No
4182-TTO,Male,0,No,No,6,Yes,No,No,No internet service,No internet service,No internet service,No internet service,No internet service,No internet service,Month-to-month,Yes,Bank transfer (automatic),38.6,235.14,3,Yes
5329-XZZ,Male,1,No,No,27,Yes,No,DSL,No,No,No,No,No,No,Month-to-month,Yes,Bank transfer (automatic),66.41,1797.18,4,Yes
6101-ZZJ,Male,0,No,Yes,38,Yes,Yes,Fiber optic,No,No,Yes,No,No,No,Month-to-month,No,Mailed check,107.36,4086.41,2,No
3064-UNB,Male,0,Yes,No,2,Yes,Yes,Fiber optic,No,No,Yes,No,No,Yes,Two year,Yes,Credit card (automatic),115.25,235.83,3,Yes
8791-MIG,Female,1,No,No,1,Yes,Yes,DSL,No,No,Yes,No,No,No,Two year,Yes,Electronic check,87.66,73.03,3,No
2711-JXV,Male,0,No,Yes,21,Yes,No,Fiber optic,Yes,Yes,No,Yes,Yes,No,One year,No,Mailed check,128.38,2688.98,3,No
1008-VWG,Male,0,Yes,No,23,Yes,Yes,DSL,Yes,No,Yes,No,Yes,No,Two year,Yes,Bank transfer (automatic),109.61,2533.75,2,No
7383-IXQ,Male,0,No,No,13,Yes,No,DSL,No,Yes,No,Yes,No,No,One year,Yes,Credit card (automatic),84.29,1081.43,2,No
4667-GKH,Female,0,No,No,1,No,No phone service,DSL,No,Yes,Yes,Yes,No,Yes,Month-to-month,Yes,Credit card (automatic),88.8,87.06,1,Yes
3822-STL,Male,0,No,No,13,Yes,No,DSL,Yes,Yes,Yes,No,Yes,No,Two year,Yes,Electronic check,106.82,1374.73,0,No
9102-HGF,Female,0,Yes,Yes,26,Yes,No,DSL,No,Yes,No,Yes,No,No,Two year,Yes,Electronic check,87.67,2291.65,0,No
6400-IMG,Male,0,Yes,No,31,No,No phone service,DSL,No,No,No,No,No,No,Month-to-month,Yes,Mailed check,42.92,1342.88,1,No
9167-VQQ,Female,0,Yes,No,17,No,No phone service,Fiber optic,Yes,No,Yes,Yes,No,No,Two year,Yes,Mailed check,97.71,1672.06,0,No
4951-VBH,Female,0,No,No,19,Yes,No,DSL,No,No,Yes,No,No,Yes,Month-to-month,No,Mailed check,86.45,1655.82,1,No
7768-MRX,Female,0,Yes,No,28,No,No phone service,No,No internet service,No internet service,No internet service,No internet service,No internet service,No internet service,Month-to-month,Yes,Electronic check,22.79,650.28,2,No
3303-VJB,Male,0,Yes,Yes,15,Yes,Yes,DSL,Yes,No,Yes,Yes,Yes,No,Month-to-month,Yes,Mailed check,114.17,1698.17,2,No
6825-NPG,Male,0,Yes,No,8,No,No phone service,Fiber optic,No,No,Yes,No,No,Yes,Month-to-month,Yes,Mailed check,88.94,712.34,1,Yes
1244-UXL,Female,1,Yes,Yes,7,Yes,No,DSL,No,Yes,No,Yes,No,No,Month-to-month,Yes,Electronic check,85.82,604.18,2,No
4807-WNY,Male,0,Yes,No,35,Yes,Yes,No,No internet service,No internet service,No internet service,No internet service,No internet service,No internet service,One year,No,Electronic check,52.41,1841.06,3,No
1473-DRC,Female,0,No,Yes,17,Yes,No,DSL,Yes,No,No,Yes,No,No,Month-to-month,No,Mailed check,82.75,1411.54,3,Yes
2792-QGP,Male,0,No,No,25,Yes,No,Fiber optic,No,Yes,No,No,No,Yes,One year,Yes,Credit card (automatic),108.3,2713.25,2,No
8229-ESG,Male,0,Yes,No,16,Yes,No,Fiber optic,Yes,Yes,No,No,No,No,Two year,Yes,Mailed check,107.64,1726.55,1,No
6281-CQP,Female,0,No,No,43,Yes,No,Fiber optic,No,Yes,No,Yes,No,Yes,Month-to-month,Yes,Bank transfer (automatic),119.51,5128.53,1,No
2511-ROG,Female,0,No,No,18,Yes,Yes,Fiber optic,Yes,Yes,No,No,Yes,No,Two year,Yes,Credit card (automatic),125.19,2255.07,1,No
1858-IFR,Male,0,Yes,No,72,Yes,No,Fiber optic,No,Yes,Yes,No,No,Yes,One year,Yes,Mailed check,117.06,8426.83,0,No
9369-YZX,Female,0,No,No,7,Yes,No,DSL,No,No,Yes,No,Yes,Yes,One year,Yes,Mailed check,101.37,724.38,1,No
2613-NNY,Female,0,Yes,Yes,4,Yes,No,DSL,No,No,Yes,Yes,Yes,No,Month-to-month,Yes,Credit card (automatic),98.97,400.42,0,No
2774-ORN,Male,0,No,No,12,Yes,No,No,No internet service,No internet service,No internet service,No internet service,No internet service,No internet service,Month-to-month,Yes,Electronic check,40.99,503.35,2,No
4260-TJJ,Female,1,No,No,63,No,No phone service,DSL,Yes,No,No,No,Yes,No,Month-to-month,Yes,Mailed check,66.56,4181.94,0,No
8802-XBH,Male,0,No,No,48,Yes,No,Fiber optic,No,No,No,Yes,Yes,Yes,Two year,No,Bank transfer (automatic),120.04,5756.17,9,No
5288-ADG,Male,0,Yes,No,8,Yes,No,Fiber optic,No,Yes,No,Yes,No,No,Two year,No,Bank transfer (automatic),104.06,840.49,2,No
8816-PEB,Female,0,No,No,23,Yes,No,Fiber optic,Yes,Yes,No,No,No,No,Two year,No,Electronic check,106.14,2449.07,2,No
6930-RYY,Female,0,No,No,23,Yes,No,Fiber optic,Yes,No,Yes,Yes,No,No,Two year,Yes,Electronic check,116.46,2668.02,1,No
7066-MXK,Female,1,No,No,9,Yes,No,Fiber optic,Yes,Yes,No,Yes,No,Yes,One year,Yes,Electronic check,124.05,1118.88,1,No
6648-EMT,Male,0,No,No,7,Yes,No,Fiber optic,No,No,No,No,Yes,Yes,Month-to-month,Yes,Credit card (automatic),110.29,764.7,2,Yes
8008-JHX,Female,0,No,No,13,Yes,Yes,No,No internet service,No internet service,No internet service,No internet service,No internet service,No internet service,Two year,No,Credit card (automatic),48.28,631.24,0,No
3780-HSF,Male,0,Yes,No,39,Yes,Yes,Fiber optic,No,No,No,No,No,Yes,Month-to-month,Yes,Bank transfer (automatic),106.24,4132.63,5,Yes
8611-GPI,Female,0,Yes,No,6,No,No phone service,Fiber optic,No,Yes,No,No,No,No,Month-to-month,No,Bank transfer (automatic),74.6,444.61,2,Yes
3808-VJJ,Female,0,No,Yes,15,Yes,No,Fiber optic,No,No,No,No,Yes,Yes,Month-to-month,Yes,Credit card (automatic),111.92,1671.04,4,Yes
5559-AQZ,Male,1,No,No,17,Yes,No,DSL,Yes,No,No,No,Yes,No,Month-to-month,Yes,Electronic check,84.03,1427.53,2,Yes
1436-NSU,Female,0,Yes,Yes,70,Yes,Yes,No,No internet service,No internet service,No internet service,No internet service,No internet service,No internet service,Two year,No,Electronic check,51.65,3611.25,1,No
2620-QNH,Female,0,Yes,No,10,Yes,No,No,No internet service,No internet service,No internet service,No internet service,No internet service,No internet service,One year,Yes,Electronic check,42.19,432.04,3,No
5308-UIH,Male,0,Yes,No,1,Yes,No,DSL,No,Yes,Yes,No,No,Yes,One year,No,Electronic check,95.45,104.85,1,Yes
1191-MQS,Female,1,No,No,30,Yes,No,No,No internet service,No internet service,No internet service,No internet service,No internet service,No internet service,One year,Yes,Bank transfer (automatic),38.51,1164.66,0,No
2403-GQA,Female,0,No,No,36,Yes,Yes,DSL,Yes,No,No,No,No,No,Month-to-month,No,Electronic check,87.1,3126.11,2,No
1548-YFZ,Male,0,No,Yes,31,No,No phone service,DSL,No,No,No,No,No,Yes,Month-to-month,Yes,Mailed check,57.86,1789.08,1,No
6761-YPV,Female,0,Yes,No,31,Yes,Yes,Fiber optic,No,No,No,No,No,No,Month-to-month,Yes,Electronic check,97.36,3013.83,3,Yes
1804-LCP,Female,0,Yes,No,17,No,No phone service,Fiber optic,No,No,Yes,No,No,Yes,One year,Yes,Credit card (automatic),87.07,1492.64,3,No
7917-OOP,Male,0,No,No,1,Yes,No,Fiber optic,No,Yes,No,No,Yes,No,One year,Yes,Bank transfer (automatic),105.38,104.78,1,Yes
6651-MLJ,Female,0,Yes,No,33,Yes,Yes,No,No internet service,No internet service,No internet service,No internet service,No internet service,No internet service,Month-to-month,Yes,Mailed check,52.26,1720.92,3,No
3093-BCI,Female,1,Yes,Yes,69,Yes,Yes,Fiber optic,Yes,Yes,Yes,Yes,No,Yes,Two year,Yes,Bank transfer (automatic),146.58,10112.35,2,No
5554-KYV,Female,0,No,No,5,Yes,No,DSL,Yes,Yes,No,No,No,Yes,Month-to-month,Yes,Credit card (automatic),95.7,485.43,3,Yes
9697-NIT,Male,0,No,No,2,Yes,Yes,DSL,Yes,Yes,No,No,No,No,Month-to-month,Yes,Bank transfer (automatic),93.3,177.49,0,No
8061-IEH,Female,0,Yes,Yes,8,Yes,Yes,No,No internet service,No internet service,No internet service,No internet service,No internet service,No internet service,Two year,Yes,Bank transfer (automatic),52.14,426.86,3,No
4712-UJA,Male,0,No,No,48,Yes,Yes,Fiber optic,No,Yes,Yes,Yes,Yes,No,Two year,No,Electronic check,137.9,6633.78,2,No
9509-VGN,Female,0,Yes,No,3,Yes,No,Fiber optic,No,No,Yes,No,No,Yes,Month-to-month,Yes,Credit card (automatic),108.32,336.04,3,Yes
6892-QVZ,Female,1,Yes,No,32,Yes,Yes,Fiber optic,Yes,No,No,Yes,Yes,No,Month-to-month,Yes,Credit card (automatic),127.52,4091.64,4,Yes
3996-FPK,Female,0,Yes,No,2,Yes,Yes,DSL,Yes,No,No,No,No,Yes,One year,Yes,Electronic check,99.85,189.11,1,No
3542-GWB,Female,0,No,No,1,No,No phone service,No,No internet service,No internet service,No internet service,No internet service,No internet service,No internet service,Two year,No,Bank transfer (automatic),18.5,22.61,2,No
6643-SLP,Female,0,Yes,No,56,Yes,No,DSL,No,No,Yes,Yes,No,No,One year,No,Electronic check,85.54,4794.04,0,No
6541-CBT,Female,1,No,No,37,Yes,No,No,No internet service,No internet service,No internet service,No internet service,No internet service,No internet service,Month-to-month,No,Electronic check,42.33,1571.87,3,No
7026-ZYC,Female,0,Yes,No,23,No,No phone service,Fiber optic,No,Yes,No,No,Yes,Yes,Month-to-month,Yes,Electronic check,96.6,2232.09,3,Yes
7818-VEV,Female,0,Yes,No,5,Yes,Yes,Fiber optic,No,No,Yes,No,Yes,Yes,Month-to-month,Yes,Credit card (automatic),130.3,645.64,2,Yes
5703-CMU,Female,0,Yes,No,9,Yes,Yes,DSL,Yes,No,No,Yes,No,No,Month-to-month,Yes,Bank transfer (automatic),93.24,836.78,1,No
8111-TJB,Male,0,No,Yes,2,Yes,Yes,Fiber optic,No,No,Yes,No,No,No,Month-to-month,Yes,Credit card (automatic),107.75,225.67,2,Yes
3563-RSD,Female,0,No,No,26,No,No phone service,No,No internet service,No internet service,No internet service,No internet service,No internet service,No internet service,Two year,No,Electronic check,20.5,543.99,3,No
9723-ZIP,Male,0,No,No,29,Yes,No,No,No internet service,No internet service,No internet service,No internet service,No internet service,No internet service,Month-to-month,No,Mailed check,39.54,1147.79,1,No
8321-FYD,Male,0,No,Yes,10,Yes,Yes,No,No internet service,No internet service,No internet service,No internet service,No internet service,No internet service,Month-to-month,No,Mailed check,47.53,470.26,3,Yes
8336-MIF,Female,1,No,No,11,Yes,Yes,Fiber optic,No,No,No,Yes,No,Yes,Month-to-month,Yes,Mailed check,119.27,1315.93,0,No
2140-SNU,Male,1,No,Yes,25,Yes,No,No,No internet service,No internet service,No internet service,No internet service,No internet service,No internet service,Two year,Yes,Credit card (automatic),38.96,962.35,1,No
3562-EUR,Male,0,No,No,72,Yes,No,Fiber optic,Yes,No,No,No,Yes,Yes,One year,Yes,Mailed check,119.56,8612.71,0,No
1941-PNI,Male,1,No,Yes,13,Yes,Yes,No,No internet service,No internet service,No internet service,No internet service,No internet service,No internet service,One year,Yes,Electronic check,51.07,671.63,1,No
8430-NFU,Male,0,No,Yes,18,Yes,No,No,No internet service,No internet service,No internet service,No internet service,No internet service,No internet service,Two year,Yes,Bank transfer (automatic),40.64,722.12,3,No
1435-HBH,Female,0,No,Yes,30,Yes,No,No,No internet service,No internet service,No internet service,No internet service,No internet service,No internet service,Two year,No,Electronic check,38.11,1131.03,1,No
6248-ZQS,Male,0,No,Yes,11,Yes,Yes,Fiber optic,No,No,No,No,No,Yes,Month-to-month,Yes,Electronic check,104.58,1144.78,4,Yes
6828-VTP,Female,0,Yes,Yes,51,Yes,No,No,No internet service,No internet service,No internet service,No internet service,No internet service,No internet service,One year,Yes,Bank transfer (automatic),38.92,1994.64,2,No
6894-GRR,Male,0,No,No,47,Yes,No,No,No internet service,No internet service,No internet service,No internet service,No internet service,No internet service,Two year,No,Bank transfer (automatic),37.7,1771.25,2,No
2326-NRI,Male,0,Yes,No,29,Yes,Yes,Fiber optic,Yes,Yes,Yes,Yes,No,Yes,Month-to-month,No,Mailed check,148.1,4305.62,1,No
6645-EKH,Male,0,Yes,No,20,Yes,No,DSL,Yes,No,No,Yes,No,Yes,Month-to-month,No,Electronic check,97.6,1942.57,1,No
4332-KEQ,Female,0,No,Yes,72,Yes,Yes,DSL,No,No,No,No,Yes,No,Month-to-month,No,Electronic check,89.97,6470.04,2,No
9053-DOS,Female,0,Yes,Yes,31,Yes,No,Fiber optic,No,No,Yes,No,No,No,Month-to-month,Yes,Credit card (automatic),93.26,2878.33,1,Yes
2301-BXQ,Female,0,No,Yes,26,Yes,No,DSL,No,No,Yes,No,Yes,No,Two year,Yes,Credit card (automatic),88.29,2288.7,2,No
5299-YXQ,Female,0,No,No,53,Yes,No,Fiber optic,No,No,No,Yes,No,Yes,Month-to-month,No,Electronic check,107.08,5662.77,2,No
8881-YRS,Male,0,No,No,21,Yes,No,DSL,No,Yes,No,No,No,Yes,Month-to-month,Yes,Mailed check,85.7,1796.99,1,No
9620-NXP,Female,0,Yes,No,7,Yes,Yes,DSL,No,No,No,Yes,Yes,No,One year,Yes,Electronic check,96.87,665.06,2,No
3105-RPQ,Male,0,No,Yes,4,Yes,Yes,Fiber optic,No,No,No,No,No,Yes,Two year,Yes,Credit card (automatic),109.36,442.74,0,No
4206-LBJ,Female,0,Yes,No,16,Yes,No,DSL,No,Yes,Yes,No,Yes,No,One year,Yes,Credit card (automatic),96.34,1546.21,3,No
3628-UCS,Male,0,Yes,No,19,Yes,No,DSL,No,Yes,No,No,Yes,Yes,Two year,No,Electronic check,98.27,1856.36,3,No
7764-LCF,Male,1,No,No,44,Yes,No,Fiber optic,No,No,No,Yes,No,No,Month-to-month,No,Electronic check,96.98,4252.45,3,Yes
7642-RCT,Female,0,Yes,Yes,4,Yes,Yes,No,No internet service,No internet service,No internet service,No internet service,No internet service,No internet service,Month-to-month,No,Electronic check,49.14,205.09,4,Yes
5389-PTX,Male,0,No,Yes,29,Yes,No,Fiber optic,No,Yes,Yes,No,Yes,No,Month-to-month,No,Electronic check,115.93,3367.54,2,Yes
7114-LSS,Male,1,No,No,10,Yes,No,DSL,Yes,Yes,No,Yes,No,Yes,Month-to-month,No,Bank transfer (automatic),105.45,1052.32,4,Yes
6856-BMZ,Male,1,No,Yes,70,Yes,No,Fiber optic,No,No,Yes,No,No,No,Month-to-month,Yes,Electronic check,96.13,6742.22,4,No
9380-MBS,Male,0,No,No,16,Yes,No,Fiber optic,No,No,No,No,Yes,Yes,One year,Yes,Credit card (automatic),111.26,1783.43,2,No
9437-XPL,Male,0,No,Yes,25,Yes,No,DSL,No,No,No,No,Yes,Yes,One year,Yes,Electronic check,90.62,2276.12,2,No
8200-IQJ,Female,1,No,Yes,27,Yes,Yes,DSL,No,No,Yes,Yes,Yes,No,Month-to-month,Yes,Bank transfer (automatic),107.83,2917.2,3,No
2810-GYS,Female,0,No,Yes,3,Yes,No,Fiber optic,No,No,Yes,Yes,Yes,No,One year,Yes,Mailed check,115.9,353.08,0,No
8895-OIJ,Male,0,No,Yes,48,Yes,No,Fiber optic,Yes,No,No,No,No,Yes,Month-to-month,No,Electronic check,105.5,5057.82,1,No
4030-TTD,Male,0,No,No,5,Yes,Yes,Fiber optic,No,Yes,Yes,No,No,Yes,Two year,Yes,Mailed check,127.06,637.15,1,No
6605-DEI,Female,0,No,Yes,13,Yes,No,Fiber optic,No,Yes,No,No,No,No,One year,No,Electronic check,92.59,1197.92,3,No
1619-WHU,Female,0,Yes,Yes,28,Yes,Yes,DSL,No,No,No,No,No,No,Month-to-month,Yes,Bank transfer (automatic),74.6,2080.08,3,No
4004-KWK,Female,1,Yes,No,2,Yes,Yes,Fiber optic,No,Yes,Yes,No,Yes,Yes,Month-to-month,Yes,Credit card (automatic),139.68,265.65,1,Yes
4596-NHY,Male,0,No,Yes,22,Yes,Yes,Fiber optic,No,No,No,No,No,No,Two year,Yes,Electronic check,97.06,2142.11,3,No
6630-RSL,Male,0,Yes,Yes,14,Yes,No,DSL,No,Yes,Yes,No,Yes,Yes,Month-to-month,Yes,Mailed check,108.22,1509.42,1,No
4307-RJG,Female,0,No,Yes,2,No,No phone service,DSL,No,No,No,No,Yes,No,Month-to-month,Yes,Credit card (automatic),55.28,123.97,1,No
2787-RLN,Female,1,No,Yes,33,Yes,No,Fiber optic,No,Yes,No,No,Yes,No,One year,No,Mailed check,107.2,3527.97,2,No
6902-PBR,Female,0,Yes,No,18,Yes,No,No,No internet service,No internet service,No internet service,No internet service,No internet service,No internet service,Month-to-month,No,Credit card (automatic),39.83,707.08,1,No
4055-MTQ,Male,0,Yes,Yes,10,Yes,No,DSL,No,Yes,No,No,Yes,Yes,Month-to-month,Yes,Bank transfer (automatic),98.07,987.2,3,Yes
7513-CWJ,Male,0,No,No,3,No,No phone service,Fiber optic,No,No,No,No,No,Yes,Month-to-month,Yes,Electronic check,74.91,220.39,0,Yes
7373-CSD,Male,0,No,No,20,Yes,No,DSL,No,No,No,No,Yes,No,Month-to-month,Yes,Mailed check,78.5,1574.71,4,Yes
6587-WCH,Female,0,No,No,10,Yes,Yes,DSL,No,No,Yes,Yes,Yes,No,Month-to-month,Yes,Mailed check,105.67,1064.22,3,Yes
3471-GBU,Male,0,Yes,No,72,Yes,Yes,DSL,No,No,Yes,No,No,Yes,Month-to-month,Yes,Electronic check,97.15,6997.24,1,No
4177-DMJ,Female,0,No,Yes,23,Yes,No,Fiber optic,No,No,No,No,Yes,Yes,Month-to-month,Yes,Bank transfer (automatic),107.11,2470.97,1,Yes
3413-IKW,Female,0,No,No,9,Yes,No,DSL,Yes,No,No,No,No,No,Two year,No,Electronic check,77.8,704.87,2,No
5784-BCK,Female,1,No,No,19,Yes,Yes,Fiber optic,No,Yes,Yes,Yes,Yes,No,Two year,Yes,Bank transfer (automatic),138.87,2626.6,3,No
7961-CZO,Male,0,Yes,No,20,Yes,Yes,Fiber optic,Yes,No,No,Yes,Yes,Yes,One year,No,Mailed check,140.44,2820.76,1,No
6450-YTY,Male,0,Yes,No,33,Yes,Yes,Fiber optic,Yes,No,No,No,No,No,Two year,No,Bank transfer (automatic),104.65,3449.08,2,No
9522-SAE,Male,0,Yes,Yes,59,Yes,No,DSL,No,No,No,No,No,No,Two year,No,Mailed check,67.4,3976.86,1,No
9045-BDB,Male,0,Yes,Yes,72,Yes,No,Fiber optic,No,Yes,Yes,Yes,Yes,No,Month-to-month,Yes,Electronic check,124.07,8925.52,1,No
1529-MSE,Male,0,Yes,Yes,32,Yes,Yes,No,No internet service,No internet service,No internet service,No internet service,No internet service,No internet service,Two year,Yes,Credit card (automatic),50.64,1623.58,2,No
8443-BKZ,Male,0,No,No,20,Yes,No,Fiber optic,No,Yes,No,No,No,Yes,Two year,Yes,Electronic check,106.32,2112.8,2,No
4761-FWJ,Female,0,No,No,7,Yes,No,DSL,Yes,No,No,No,Yes,No,Month-to-month,Yes,Bank transfer (automatic),84.23,589.48,2,Yes
9661-WQV,Female,1,No,No,13,Yes,Yes,Fiber optic,Yes,No,No,No,No,Yes,Two year,No,Electronic check,115.41,1509.61,1,No
5562-QXD,Male,0,Yes,No,17,No,No phone service,Fiber optic,No,No,No,Yes,No,Yes,Month-to-month,Yes,Electronic check,84.92,1432.15,2,Yes
8289-XZN,Male,0,Yes,No,4,Yes,No,DSL,No,No,No,Yes,No,No,Two year,No,Bank transfer (automatic),74.7,313.71,2,No
3355-DNZ,Male,1,No,Yes,8,Yes,No,Fiber optic,No,No,No,No,No,No,One year,No,Credit card (automatic),87.02,710.19,0,No
6539-FIU,Female,0,No,No,72,Yes,Yes,DSL,No,Yes,No,No,No,No,Two year,Yes,Electronic check,83.53,6023.09,1,No
5927-LZH,Male,0,Yes,No,36,Yes,Yes,Fiber optic,Yes,No,Yes,Yes,No,No,Month-to-month,Yes,Mailed check,125.83,4536.48,0,No
1183-DZY,Female,0,Yes,No,17,No,No phone service,Fiber optic,No,Yes,No,Yes,No,Yes,Two year,Yes,Bank transfer (automatic),95.32,1627.42,2,No
5722-HIO,Male,0,Yes,No,7,Yes,No,No,No internet service,No internet service,No internet service,No internet service,No internet service,No internet service,Two year,Yes,Mailed check,38.27,256.69,4,No
2507-YIG,Female,0,No,No,22,Yes,Yes,Fiber optic,No,No,No,No,Yes,No,Month-to-month,No,Mailed check,104.93,2314.56,2,Yes
6855-HOS,Female,0,No,Yes,7,Yes,No,DSL,No,No,Yes,No,No,Yes,Two year,Yes,Credit card (automatic),86.97,605.46,1,No
1676-SGF,Male,0,No,Yes,6,Yes,Yes,Fiber optic,Yes,No,No,Yes,No,No,Month-to-month,Yes,Bank transfer (automatic),114.35,691.81,1,Yes
5090-SYQ,Female,0,No,Yes,3,No,No phone service,DSL,Yes,No,No,No,No,No,Month-to-month,Yes,Credit card (automatic),52.99,157.0,2,Yes
3686-KOJ,Female,0,Yes,No,11,Yes,Yes,No,No internet service,No internet service,No internet service,No internet service,No internet service,No internet service,Two year,Yes,Mailed check,49.17,533.28,5,No
2110-CCR,Female,1,Yes,Yes,20,No,No phone service,DSL,No,Yes,Yes,No,Yes,No,Month-to-month,Yes,Mailed check,74.93,1509.07,4,Yes
3200-KTZ,Female,0,No,Yes,5,Yes,Yes,Fiber optic,No,Yes,No,Yes,Yes,No,Month-to-month,Yes,Credit card (automatic),126.31,623.42,3,Yes
7321-YOG,Male,0,Yes,No,6,No,No phone service,DSL,No,Yes,Yes,No,No,No,Month-to-month,Yes,Mailed check,66.01,383.07,2,No
8414-TJM,Female,1,Yes,No,13,Yes,Yes,DSL,No,No,No,No,No,Yes,Month-to-month,Yes,Mailed check,89.4,1155.41,3,Yes
8726-WRW,Female,0,No,Yes,17,Yes,Yes,Fiber optic,Yes,No,No,No,No,No,One year,Yes,Bank transfer (automatic),103.98,1778.84,5,Yes
7787-TQC,Female,0,Yes,Yes,36,Yes,No,Fiber optic,No,Yes,No,No,No,Yes,One year,No,Electronic check,105.45,3790.26,0,No
7196-BDA,Male,0,Yes,No,21,Yes,Yes,No,No internet service,No internet service,No internet service,No internet service,No internet service,No internet service,One year,Yes,Mailed check,49.1,1033.49,1,No
7734-YAF,Male,0,Yes,No,25,Yes,No,DSL,No,No,No,No,Yes,No,One year,No,Credit card (automatic),76.34,1918.28,0,No
8814-SLA,Female,0,No,No,30,Yes,No,DSL,Yes,No,No,Yes,Yes,No,Month-to-month,No,Credit card (automatic),96.81,2899.49,1,No
8462-SMZ,Male,1,Yes,No,15,No,No phone service,Fiber optic,No,Yes,Yes,No,No,No,Two year,No,Bank transfer (automatic),84.33,1268.36,0,No
9875-LVM,Male,0,Yes,Yes,11,Yes,No,No,No internet service,No internet service,No internet service,No internet service,No internet service,No internet service,Month-to-month,No,Mailed check,42.55,476.47,2,No
7106-FJT,Male,0,No,No,41,Yes,No,Fiber optic,No,No,Yes,No,No,Yes,Month-to-month,Yes,Mailed check,106.2,4351.53,1,No
7655-XIB,Male,0,No,No,45,Yes,No,No,No internet service,No internet service,No internet service,No internet service,No internet service,No internet service,Two year,Yes,Electronic check,37.28,1671.63,2,No
9998-IYL,Male,0,Yes,No,5,Yes,No,DSL,Yes,Yes,Yes,No,Yes,No,Two year,Yes,Electronic check,108.62,534.98,1,No
7820-AVO,Male,0,No,No,72,Yes,No,DSL,No,No,No,Yes,No,No,Month-to-month,Yes,Electronic check,74.47,5364.61,4,No
4231-HAR,Male,0,No,Yes,67,Yes,Yes,DSL,No,No,No,No,No,No,Two year,Yes,Credit card (automatic),75.93,5087.49,6,No
2500-AER,Female,0,Yes,Yes,52,Yes,No,Fiber optic,Yes,No,No,Yes,No,Yes,One year,Yes,Electronic check,117.62,6119.49,2,No
5089-JDA,Female,0,Yes,No,14,Yes,Yes,Fiber optic,No,Yes,No,No,No,No,Month-to-month,Yes,Mailed check,107.07,1491.91,3,Yes
7055-EBX,Female,1,No,Yes,47,Yes,Yes,DSL,No,No,No,No,Yes,No,Month-to-month,No,Bank transfer (automatic),88.44,4165.12,2,No
2168-GQF,Male,0,No,No,25,Yes,Yes,Fiber optic,No,No,No,Yes,Yes,Yes,Month-to-month,Yes,Bank transfer (automatic),127.28,3178.41,1,Yes
4342-EOR,Female,1,Yes,No,6,Yes,No,No,No internet service,No internet service,No internet service,No internet service,No internet service,No internet service,Month-to-month,No,Electronic check,41.93,262.26,4,Yes
5593-YUU,Male,0,Yes,No,38,Yes,Yes,Fiber optic,No,No,No,No,Yes,Yes,Month-to-month,Yes,Electronic check,118.94,4511.29,4,Yes
9694-FBQ,Male,0,Yes,Yes,14,Yes,No,Fiber optic,Yes,No,No,No,No,Yes,Two year,No,Mailed check,105.96,1498.33,3,No
4871-UDL,Female,0,No,No,9,Yes,No,DSL,No,Yes,No,Yes,No,No,One year,No,Electronic check,84.49,755.61,3,No
5833-NOT,Female,0,No,Yes,53,Yes,No,Fiber optic,No,No,Yes,Yes,No,No,Month-to-month,Yes,Mailed check,107.73,5697.78,3,No
5385-DSI,Female,0,No,Yes,50,Yes,Yes,DSL,Yes,No,Yes,No,Yes,Yes,Month-to-month,Yes,Bank transfer (automatic),116.34,5803.28,3,No
7854-MLC,Female,0,No,No,50,Yes,No,Fiber optic,No,No,No,No,No,Yes,One year,No,Electronic check,99.6,4983.14,2,No
9076-ONX,Male,0,No,Yes,50,Yes,Yes,No,No internet service,No internet service,No internet service,No internet service,No internet service,No internet service,One year,No,Electronic check,52.66,2631.24,1,No
3006-VDU,Female,0,No,No,21,Yes,No,No,No internet service,No internet service,No internet service,No internet service,No internet service,No internet service,Month-to-month,Yes,Credit card (automatic),37.87,797.78,3,Yes
4330-BSW,Female,1,No,No,24,Yes,Yes,No,No internet service,No internet service,No internet service,No internet service,No internet service,No internet service,Month-to-month,Yes,Credit card (automatic),49.36,1174.74,3,No
7247-QMG,Male,0,No,No,72,Yes,Yes,No,No internet service,No internet service,No internet service,No internet service,No internet service,No internet service,Month-to-month,Yes,Credit card (automatic),51.75,3722.3,1,No
2896-LNN,Male,1,Yes,No,4,Yes,Yes,No,No internet service,No internet service,No internet service,No internet service,No internet service,No internet service,Month-to-month,Yes,Mailed check,52.74,209.11,1,No
5750-COS,Male,0,Yes,No,42,Yes,Yes,DSL,No,No,No,No,No,Yes,Month-to-month,Yes,Electronic check,85.41,3583.64,2,No
5055-TNH,Male,0,No,No,19,Yes,Yes,DSL,No,Yes,No,No,No,Yes,Month-to-month,Yes,Bank transfer (automatic),94.33,1803.18,0,No
4139-NPT,Male,0,No,No,72,Yes,No,No,No internet service,No internet service,No internet service,No internet service,No internet service,No internet service,Month-to-month,Yes,Electronic check,40.97,2954.64,1,No
8575-FWY,Female,0,Yes,No,26,Yes,Yes,Fiber optic,No,Yes,Yes,No,No,Yes,Month-to-month,No,Bank transfer (automatic),124.44,3244.58,1,Yes
6637-COC,Female,0,No,No,5,No,No phone service,Fiber optic,No,Yes,Yes,Yes,No,No,One year,Yes,Electronic check,93.23,472.05,2,Yes
9138-CJR,Male,0,No,No,43,Yes,No,Fiber optic,Yes,No,No,Yes,Yes,Yes,Month-to-month,No,Electronic check,128.58,5543.53,2,No
2376-PPJ,Female,0,No,No,28,Yes,No,Fiber optic,No,No,No,No,Yes,No,Two year,Yes,Electronic check,97.36,2735.58,4,No
6408-DCE,Male,0,No,No,5,Yes,Yes,DSL,No,No,Yes,No,Yes,Yes,Month-to-month,No,Mailed check,108.81,558.54,1,Yes
7283-YLM,Female,1,Yes,No,1,No,No phone service,No,No internet service,No internet service,No internet service,No internet service,No internet service,No internet service,Month-to-month,Yes,Credit card (automatic),21.99,30.73,1,Yes
5759-LYP,Female,0,Yes,No,20,Yes,Yes,No,No internet service,No internet service,No internet service,No internet service,No internet service,No internet service,Month-to-month,Yes,Bank transfer (automatic),49.32,983.8,4,No
1991-MEX,Female,0,Yes,No,7,Yes,Yes,Fiber optic,No,No,No,Yes,No,Yes,Month-to-month,No,Electronic check,117.1,808.67,3,Yes
9046-LSU,Female,0,No,No,51,Yes,Yes,DSL,Yes,Yes,Yes,No,Yes,No,Month-to-month,Yes,Electronic check,117.01,5963.98,0,No
2083-SUK,Female,0,Yes,No,8,Yes,No,DSL,No,No,No,No,Yes,Yes,Month-to-month,Yes,Credit card (automatic),87.22,710.38,1,Yes
2099-ZNF,Male,0,Yes,No,28,Yes,No,DSL,No,No,Yes,No,No,No,Two year,Yes,Credit card (automatic),74.24,2078.31,1,No
8744-VBX,Female,0,No,No,11,No,No phone service,Fiber optic,No,Yes,Yes,No,Yes,No,Month-to-month,Yes,Bank transfer (automatic),99.53,1089.55,0,Yes
2354-CJF,Female,0,No,No,11,Yes,Yes,Fiber optic,No,No,No,Yes,No,No,Month-to-month,Yes,Mailed check,104.83,1153.35,1,Yes
1005-TUB,Female,0,No,No,6,No,No phone service,DSL,Yes,No,Yes,No,Yes,No,One year,No,Credit card (automatic),74.7,456.86,3,Yes
4550-ZXJ,Female,0,No,No,18,Yes,No,No,No internet service,No internet service,No internet service,No internet service,No internet service,No internet service,Two year,Yes,Mailed check,40.59,734.36,2,No
6083-QNE,Male,1,Yes,No,22,Yes,Yes,Fiber optic,Yes,No,No,No,No,Yes,Two year,No,Bank transfer (automatic),116.8,2570.41,2,No
9737-ILS,Male,0,No,Yes,22,Yes,Yes,Fiber optic,Yes,No,No,No,Yes,Yes,Month-to-month,No,Mailed check,129.46,2862.54,0,Yes
3069-GIU,Male,0,No,No,49,Yes,No,DSL,No,No,No,Yes,Yes,Yes,Month-to-month,No,Mailed check,101.67,4984.74,4,No
4343-TKL,Female,0,Yes,No,27,Yes,No,No,No internet service,No internet service,No internet service,No internet service,No internet service,No internet service,One year,Yes,Mailed check,40.34,1078.13,2,No
5142-RSP,Male,0,No,No,34,Yes,Yes,Fiber optic,Yes,No,Yes,No,Yes,Yes,Month-to-month,No,Credit card (automatic),140.78,4795.13,4,Yes
5063-OEK,Male,1,No,Yes,10,Yes,No,DSL,Yes,No,No,Yes,Yes,Yes,Month-to-month,Yes,Credit card (automatic),109.14,1081.47,0,No
9142-RMD,Male,0,No,No,14,Yes,Yes,Fiber optic,No,No,Yes,No,No,No,Month-to-month,No,Mailed check,105.06,1481.48,2,Yes
6104-DPW,Male,0,Yes,Yes,1,Yes,No,Fiber optic,No,No,No,No,No,No,Month-to-month,Yes,Credit card (automatic),86.75,78.14,1,Yes
7926-NLC,Female,0,No,No,3,No,No phone service,No,No internet service,No internet service,No internet service,No internet service,No internet service,No internet service,One year,Yes,Bank transfer (automatic),19.13,69.73,4,No
9359-FVN,Female,0,No,No,13,Yes,No,Fiber optic,Yes,No,No,No,Yes,Yes,Month-to-month,No,Credit card (automatic),118.96,1552.75,2,Yes
2982-QUS,Female,0,Yes,No,6,Yes,Yes,DSL,No,No,No,Yes,Yes,No,Two year,Yes,Credit card (automatic),98.17,597.46,1,No
9191-ZOA,Female,0,Yes,Yes,42,Yes,Yes,Fiber optic,No,No,Yes,No,No,Yes,Month-to-month,No,Credit card (automatic),119.58,5036.39,3,Yes
1343-WWL,Male,0,No,No,29,Yes,No,DSL,No,Yes,Yes,No,No,Yes,Month-to-month,Yes,Electronic check,97.68,2826.36,4,Yes
4081-NJJ,Female,0,Yes,Yes,72,No,No phone service,Fiber optic,No,No,Yes,No,No,No,Month-to-month,No,Bank transfer (automatic),75.4,5424.09,3,No
3291-KVP,Female,0,No,Yes,55,Yes,Yes,Fiber optic,No,No,No,No,Yes,Yes,One year,No,Credit card (automatic),117.29,6451.78,2,No
5988-ION,Female,0,Yes,No,72,Yes,No,DSL,Yes,Yes,No,Yes,No,No,Month-to-month,Yes,Electronic check,93.72,6750.14,2,No
2438-IDU,Male,1,No,No,12,Yes,Yes,No,No internet service,No internet service,No internet service,No internet service,No internet service,No internet service,One year,Yes,Credit card (automatic),48.85,588.03,3,No
9166-VZH,Male,0,Yes,Yes,17,Yes,No,Fiber optic,No,Yes,No,No,No,No,Month-to-month,Yes,Credit card (automatic),96.34,1642.03,0,Yes
7295-HSO,Male,0,No,No,12,Yes,Yes,DSL,No,Yes,No,No,Yes,Yes,Two year,No,Mailed check,110.28,1336.08,3,No
3991-ZVW,Female,0,Yes,Yes,72,Yes,No,DSL,Yes,No,No,Yes,Yes,No,Two year,No,Bank transfer (automatic),95.5,6868.26,0,No
3493-LPD,Female,0,Yes,No,13,Yes,No,Fiber optic,No,Yes,No,Yes,No,No,One year,No,Electronic check,102.19,1316.34,4,Yes
8588-HAF,Female,0,Yes,Yes,4,No,No phone service,Fiber optic,No,Yes,No,No,Yes,No,Two year,Yes,Electronic check,84.52,325.75,2,Yes
7190-DUK,Female,0,No,No,8,Yes,No,DSL,Yes,No,Yes,Yes,No,Yes,Month-to-month,Yes,Electronic check,107.97,862.51,2,Yes
2284-RXO,Male,0,No,Yes,14,Yes,Yes,Fiber optic,No,Yes,No,No,Yes,No,Month-to-month,No,Mailed check,117.85,1649.36,6,Yes
5881-TME,Female,0,No,No,24,Yes,Yes,DSL,No,No,No,Yes,No,Yes,One year,Yes,Electronic check,99.14,2394.06,4,No
5381-AVR,Male,0,Yes,No,25,Yes,No,DSL,No,No,No,Yes,Yes,Yes,Month-to-month,Yes,Credit card (automatic),96.22,2394.36,3,No
1429-EFX,Male,1,Yes,No,36,No,No phone service,DSL,Yes,Yes,No,No,Yes,Yes,Month-to-month,No,Electronic check,86.38,3104.66,2,No
6468-PVU,Female,0,No,No,27,Yes,Yes,DSL,Yes,No,No,Yes,No,Yes,Month-to-month,Yes,Electronic check,109.06,2952.54,3,No
4467-TRB,Male,1,No,Yes,17,Yes,No,DSL,No,No,No,No,Yes,No,Two year,Yes,Mailed check,78.57,1325.63,0,No
1703-WMQ,Female,0,Yes,Yes,1,Yes,No,No,No internet service,No internet service,No internet service,No internet service,No internet service,No internet service,Month-to-month,No,Electronic check,42.8,53.62,3,Yes
9367-URH,Female,0,Yes,No,30,Yes,No,Fiber optic,No,No,No,Yes,Yes,Yes,Month-to-month,No,Bank transfer (automatic),118.09,3537.03,1,No
9573-CQR,Female,0,Yes,No,3,Yes,No,Fiber optic,No,No,Yes,No,No,No,Month-to-month,No,Mailed check,97.04,276.27,2,Yes
6497-ZWF,Female,1,Yes,No,16,Yes,Yes,Fiber optic,Yes,No,No,No,No,No,Month-to-month,No,Bank transfer (automatic),103.97,1660.63,1,Yes
8222-ZMH,Male,0,No,Yes,57,Yes,Yes,DSL,No,No,No,No,Yes,No,Two year,No,Credit card (automatic),88.6,5045.01,0,No
1402-FWO,Male,1,Yes,Yes,23,Yes,No,No,No internet service,No internet service,No internet service,No internet service,No internet service,No internet service,Month-to-month,Yes,Bank transfer (automatic),40.97,947.88,3,No
9095-JQA,Female,0,No,No,6,Yes,Yes,DSL,No,No,No,Yes,Yes,No,Two year,No,Bank transfer (automatic),97.65,584.81,3,No
9934-MCS,Male,0,No,No,42,Yes,Yes,No,No internet service,No internet service,No internet service,No internet service,No internet service,No internet service,Month-to-month,Yes,Electronic check,48.79,2040.4,2,No
1750-EKV,Male,1,No,No,9,Yes,Yes,DSL,No,Yes,No,No,No,Yes,Month-to-month,No,Bank transfer (automatic),95.33,848.73,1,Yes
2617-CFC,Male,1,No,Yes,22,Yes,No,DSL,Yes,No,No,No,Yes,No,One year,No,Mailed check,87.69,1934.01,3,No
6768-SMF,Female,0,No,No,26,Yes,No,No,No internet service,No internet service,No internet service,No internet service,No internet service,No internet service,Two year,Yes,Bank transfer (automatic),38.85,1015.83,5,No
9820-UNF,Female,1,No,No,33,Yes,Yes,DSL,Yes,No,No,No,No,Yes,Month-to-month,No,Bank transfer (automatic),98.72,3267.32,2,No
2701-QKO,Female,0,No,No,2,Yes,Yes,DSL,Yes,Yes,Yes,No,No,Yes,Month-to-month,Yes,Bank transfer (automatic),119.39,253.06,3,Yes
5340-QXG,Male,1,No,No,49,Yes,Yes,DSL,Yes,Yes,Yes,No,No,Yes,Month-to-month,No,Credit card (automatic),116.56,5712.51,2,No
7301-UAY,Female,1,Yes,No,4,Yes,No,Fiber optic,Yes,No,No,No,Yes,Yes,Month-to-month,Yes,Bank transfer (automatic),119.61,487.89,2,Yes
3975-YHE,Female,1,Yes,Yes,3,Yes,Yes,DSL,No,Yes,Yes,No,No,No,One year,Yes,Bank transfer (automatic),93.36,269.63,2,No
3567-QSL,Female,1,Yes,Yes,16,Yes,No,Fiber optic,No,No,No,No,Yes,Yes,Month-to-month,No,Electronic check,109.78,1746.46,1,Yes
5922-WOD,Female,0,Yes,Yes,12,Yes,No,DSL,Yes,No,No,No,Yes,Yes,Month-to-month,Yes,Credit card (automatic),97.97,1183.65,3,Yes
8478-LMN,Female,0,No,No,2,Yes,Yes,Fiber optic,Yes,No,No,No,Yes,Yes,Two year,Yes,Electronic check,129.0,245.17,6,Yes
4613-GOM,Female,0,No,No,5,Yes,Yes,Fiber optic,Yes,No,No,No,Yes,No,One year,No,Mailed check,118.76,600.29,3,Yes
7265-PLG,Male,0,No,No,15,Yes,Yes,Fiber optic,Yes,No,No,Yes,No,No,One year,Yes,Credit card (automatic),115.1,1716.43,2,No
3415-WWM,Female,0,Yes,Yes,45,Yes,Yes,DSL,No,No,No,No,No,No,Month-to-month,No,Electronic check,73.78,3312.54,1,No
1764-WCO,Male,0,No,No,4,Yes,Yes,No,No internet service,No internet service,No internet service,No internet service,No internet service,No internet service,Month-to-month,Yes,Bank transfer (automatic),50.89,196.63,1,No
5029-RNR,Female,0,Yes,Yes,3,Yes,Yes,DSL,Yes,Yes,No,Yes,Yes,No,One year,Yes,Electronic check,118.19,365.23,3,No
7445-TFH,Male,0,Yes,Yes,41,Yes,Yes,Fiber optic,No,No,No,Yes,No,Yes,Month-to-month,Yes,Electronic check,118.8,4860.99,3,No
5383-ZZG,Male,0,No,Yes,17,Yes,No,Fiber optic,Yes,No,No,Yes,Yes,Yes,Month-to-month,Yes,Bank transfer (automatic),130.03,2200.29,1,Yes
5145-OTV,Male,0,Yes,Yes,12,Yes,Yes,Fiber optic,No,Yes,Yes,No,No,Yes,Two year,No,Electronic check,129.92,1545.9,2,Yes
8026-VUU,Female,0,Yes,No,16,Yes,No,DSL,No,No,Yes,Yes,Yes,No,Two year,Yes,Bank transfer (automatic),94.09,1520.02,1,No
8399-UKR,Female,0,Yes,Yes,14,Yes,Yes,DSL,No,No,Yes,Yes,No,No,Two year,No,Bank transfer (automatic),95.87,1343.55,1,No
2790-IIQ,Male,0,Yes,Yes,39,No,No phone service,No,No internet service,No internet service,No internet service,No internet service,No internet service,No internet service,Month-to-month,Yes,Credit card (automatic),18.5,725.05,2,No
8681-DND,Male,0,Yes,No,1,Yes,Yes,Fiber optic,No,Yes,No,No,Yes,No,Month-to-month,Yes,Bank transfer (automatic),119.28,131.13,3,Yes
6311-NTY,Female,0,Yes,No,15,Yes,No,Fiber optic,No,Yes,No,Yes,Yes,No,Month-to-month,Yes,Credit card (automatic),114.39,1704.59,4,Yes
3025-QHN,Female,0,Yes,Yes,5,Yes,No,Fiber optic,No,Yes,No,No,No,Yes,Month-to-month,No,Electronic check,110.0,539.0,0,Yes
8316-WHE,Female,0,Yes,Yes,10,Yes,Yes,DSL,No,No,No,No,No,Yes,One year,Yes,Electronic check,88.76,881.86,1,No
3063-HJH,Male,0,No,Yes,3,Yes,No,No,No internet service,No internet service,No internet service,No internet service,No internet service,No internet service,Two year,No,Credit card (automatic),42.95,115.67,0,No
6154-QTO,Male,0,Yes,No,14,Yes,No,DSL,Yes,No,No,No,No,No,Month-to-month,No,Bank transfer (automatic),77.08,1094.03,0,No
2076-QHB,Male,0,No,No,26,Yes,No,Fiber optic,Yes,Yes,No,Yes,Yes,No,Two year,No,Bank transfer (automatic),125.43,3268.3,4,No
7385-EII,Male,0,Yes,No,28,Yes,Yes,DSL,No,No,No,Yes,No,Yes,Month-to-month,No,Bank transfer (automatic),95.11,2672.67,1,No
8777-BSW,Male,0,No,Yes,40,Yes,Yes,Fiber optic,No,Yes,No,No,No,No,Two year,No,Credit card (automatic),103.41,4148.54,1,No
9250-CQN,Female,0,No,No,43,Yes,Yes,Fiber optic,Yes,Yes,No,No,No,No,Month-to-month,Yes,Bank transfer (automatic),113.42,4884.9,2,No
9493-FCA,Male,0,Yes,No,23,Yes,Yes,DSL,No,No,Yes,No,Yes,Yes,One year,Yes,Bank transfer (automatic),109.1,2505.65,2,No
7255-DAQ,Male,0,Yes,Yes,11,Yes,Yes,DSL,No,No,No,Yes,Yes,No,Month-to-month,No,Credit card (automatic),97.23,1055.48,3,Yes
8518-PZJ,Female,0,Yes,No,2,Yes,No,DSL,No,Yes,No,No,No,No,Month-to-month,No,Electronic check,77.1,141.7,3,Yes
9523-VPL,Female,0,No,No,1,Yes,Yes,DSL,Yes,No,Yes,No,No,Yes,One year,Yes,Credit card (automatic),105.74,91.45,5,Yes
1211-SAC,Female,0,Yes,No,4,Yes,No,Fiber optic,Yes,Yes,No,Yes,No,Yes,One year,No,Electronic check,125.45,513.92,0,No
6149-IUV,Male,0,Yes,No,72,Yes,Yes,Fiber optic,No,No,No,Yes,Yes,No,Month-to-month,Yes,Electronic check,115.91,8344.75,1,No
7820-AJQ,Female,0,No,No,39,Yes,Yes,Fiber optic,Yes,No,No,No,Yes,No,Month-to-month,No,Electronic check,114.32,4473.43,3,Yes
6891-OSH,Male,0,Yes,No,13,Yes,Yes,DSL,No,No,Yes,No,No,No,Month-to-month,No,Electronic check,82.43,1068.24,1,Yes
5091-WOG,Female,0,No,No,16,Yes,No,No,No internet service,No internet service,No internet service,No internet service,No internet service,No internet service,Month-to-month,Yes,Mailed check,38.84,618.57,2,No
1622-HZW,Male,0,No,No,34,Yes,No,Fiber optic,Yes,No,No,Yes,No,No,Month-to-month,Yes,Credit card (automatic),106.47,3611.39,6,Yes
1233-RDO,Male,0,No,No,19,Yes,Yes,DSL,No,No,No,Yes,No,No,One year,No,Electronic check,85.43,1617.99,2,No
8402-VCO,Female,0,No,No,12,No,No phone service,Fiber optic,Yes,No,No,Yes,Yes,No,Month-to-month,Yes,Electronic check,95.33,1138.77,0,No
2634-OFA,Male,0,No,Yes,11,Yes,Yes,DSL,No,No,No,Yes,No,No,Two year,No,Mailed check,86.61,967.1,4,No
6581-PAU,Female,0,No,Yes,6,Yes,No,Fiber optic,Yes,No,Yes,Yes,No,No,Month-to-month,No,Bank transfer (automatic),114.49,676.43,1,Yes
9432-ZHR,Male,1,No,No,55,Yes,No,Fiber optic,Yes,No,No,Yes,No,No,Two year,Yes,Electronic check,107.04,5900.48,0,No
2999-FJJ,Male,0,Yes,No,14,No,No phone service,Fiber optic,Yes,No,Yes,No,Yes,Yes,Two year,No,Mailed check,111.4,1572.63,1,No
3779-LTQ,Male,1,Yes,No,35,Yes,Yes,DSL,Yes,Yes,Yes,Yes,Yes,Yes,Month-to-month,No,Mailed check,140.82,4932.49,1,No
2677-NCL,Female,1,Yes,No,22,Yes,Yes,Fiber optic,Yes,Yes,Yes,No,Yes,Yes,Month-to-month,Yes,Mailed check,151.87,3344.1,6,Yes
5177-LBB,Male,0,No,No,36,Yes,Yes,No,No internet service,No internet service,No internet service,No internet service,No internet service,No internet service,Month-to-month,Yes,Bank transfer (automatic),49.21,1766.5,3,No
8098-QJR,Female,0,Yes,No,10,Yes,No,DSL,No,No,No,No,No,Yes,Two year,Yes,Electronic check,74.02,737.23,2,No
5885-SZU,Male,0,Yes,No,35,Yes,Yes,DSL,No,No,No,No,No,Yes,Month-to-month,Yes,Electronic check,84.28,2941.65,1,No
7359-DYD,Male,1,Yes,No,40,No,No phone service,Fiber optic,Yes,No,No,Yes,Yes,No,Two year,Yes,Mailed check,99.53,3977.3,3,No
5861-BSU,Female,0,No,No,3,No,No phone service,Fiber optic,Yes,No,No,Yes,Yes,No,Two year,Yes,Credit card (automatic),98.11,294.39,4,No
2995-JMV,Female,1,No,No,3,Yes,No,Fiber optic,No,No,Yes,No,No,No,Two year,No,Bank transfer (automatic),92.98,289.07,2,No
2046-TWO,Male,0,Yes,No,72,Yes,No,Fiber optic,Yes,No,Yes,No,Yes,Yes,Month-to-month,Yes,Electronic check,130.09,9361.22,5,No
5476-MHY,Male,1,No,No,4,Yes,Yes,Fiber optic,No,No,Yes,No,Yes,No,Month-to-month,No,Electronic check,119.54,474.9,2,Yes
9486-XHR,Male,0,Yes,No,29,Yes,Yes,DSL,Yes,No,No,No,No,No,One year,Yes,Bank transfer (automatic),85.65,2473.06,0,No
9360-FDO,Male,1,Yes,Yes,35,Yes,Yes,DSL,No,No,Yes,No,Yes,No,Two year,Yes,Mailed check,98.62,3439.71,2,No
7180-ZEG,Male,0,No,Yes,2,Yes,Yes,Fiber optic,Yes,No,No,Yes,Yes,Yes,Month-to-month,Yes,Credit card (automatic),141.39,268.09,5,Yes
9445-IGI,Male,0,No,No,35,Yes,No,No,No internet service,No internet service,No internet service,No internet service,No internet service,No internet service,Two year,No,Mailed check,40.56,1427.67,3,No
8123-JZD,Female,0,Yes,No,14,Yes,Yes,DSL,Yes,No,Yes,No,No,No,Two year,Yes,Electronic check,97.49,1366.62,3,No
4607-NIA,Male,0,No,Yes,9,No,No phone service,No,No internet service,No internet service,No internet service,No internet service,No internet service,No internet service,One year,Yes,Bank transfer (automatic),21.96,199.16,2,No
1400-MXG,Female,0,Yes,No,28,Yes,Yes,No,No internet service,No internet service,No internet service,No internet service,No internet service,No internet service,Month-to-month,No,Electronic check,48.21,1339.4,2,No
1362-CZL,Male,0,No,No,45,Yes,Yes,Fiber optic,No,Yes,No,No,Yes,No,Two year,Yes,Credit card (automatic),115.51,5205.15,2,No
4412-COU,Male,0,No,Yes,22,No,No phone service,No,No internet service,No internet service,No internet service,No internet service,No internet service,No internet service,Month-to-month,Yes,Electronic check,22.61,497.17,1,No
2824-NTF,Female,0,Yes,No,52,Yes,Yes,Fiber optic,No,Yes,No,No,Yes,Yes,Month-to-month,No,Electronic check,129.75,6747.93,2,Yes
9822-HAD,Male,0,No,Yes,1,No,No phone service,Fiber optic,No,Yes,No,No,No,Yes,Month-to-month,No,Bank transfer (automatic),85.37,99.29,0,Yes
8418-DET,Male,0,Yes,No,34,Yes,Yes,Fiber optic,No,No,No,No,No,Yes,Month-to-month,No,Electronic check,104.49,3557.87,1,Yes
8464-WMR,Female,0,Yes,No,5,Yes,Yes,No,No internet service,No internet service,No internet service,No internet service,No internet service,No internet service,One year,No,Bank transfer (automatic),52.81,273.4,1,No
5312-AVO,Male,0,Yes,No,9,Yes,No,No,No internet service,No internet service,No internet service,No internet service,No internet service,No internet service,Month-to-month,No,Mailed check,39.37,357.15,4,No
1318-BPT,Female,0,No,No,22,Yes,Yes,No,No internet service,No internet service,No internet service,No internet service,No internet service,No internet service,Month-to-month,No,Electronic check,50.4,1112.94,1,No
6153-GCQ,Male,0,No,No,9,Yes,Yes,DSL,No,No,No,No,Yes,No,Month-to-month,Yes,Mailed check,89.27,816.78,2,Yes
8319-CMG,Male,1,No,No,5,Yes,Yes,Fiber optic,No,No,No,No,Yes,No,Month-to-month,Yes,Mailed check,104.68,537.97,3,Yes
3648-XCO,Female,0,No,No,55,No,No phone service,Fiber optic,Yes,Yes,Yes,No,No,No,One year,No,Mailed check,94.57,5197.76,3,No
3481-JWG,Female,1,Yes,No,60,Yes,Yes,Fiber optic,No,No,No,Yes,Yes,Yes,One year,Yes,Mailed check,126.87,7614.96,0,No
4684-THN,Male,0,Yes,No,1,Yes,No,Fiber optic,No,No,No,No,Yes,No,Month-to-month,No,Bank transfer (automatic),99.82,110.97,2,Yes
4651-TNL,Female,0,Yes,Yes,18,No,No phone service,DSL,Yes,No,Yes,No,Yes,No,Month-to-month,No,Mailed check,79.95,1444.29,0,No
7881-MAT,Female,0,No,No,6,Yes,Yes,No,No internet service,No internet service,No internet service,No internet service,No internet service,No internet service,Month-to-month,Yes,Bank transfer (automatic),47.57,285.26,1,No
8334-YIZ,Female,0,No,Yes,50,Yes,No,No,No internet service,No internet service,No internet service,No internet service,No internet service,No internet service,Month-to-month,Yes,Electronic check,40.35,2023.42,4,No
1016-UWM,Male,0,No,No,16,Yes,No,DSL,No,No,No,Yes,No,Yes,Month-to-month,No,Credit card (automatic),87.44,1398.9,2,No
6942-JPF,Female,0,Yes,Yes,17,Yes,No,Fiber optic,No,No,Yes,Yes,No,Yes,Month-to-month,Yes,Electronic check,115.78,1978.17,2,Yes
8599-KZT,Female,0,No,Yes,25,Yes,No,Fiber optic,No,No,Yes,No,No,Yes,Month-to-month,Yes,Credit card (automatic),105.1,2628.38,3,Yes
6058-IOM,Female,1,No,No,2,Yes,No,No,No internet service,No internet service,No internet service,No internet service,No internet service,No internet service,Two year,Yes,Electronic check,42.01,85.5,2,No
7953-TXM,Female,0,No,No,4,Yes,Yes,Fiber optic,No,No,No,Yes,No,No,Month-to-month,Yes,Credit card (automatic),106.88,432.72,0,Yes
8120-GFM,Female,1,No,No,18,Yes,Yes,Fiber optic,No,No,No,No,Yes,No,One year,Yes,Credit card (automatic),108.3,1950.81,3,No
7651-QOD,Male,0,Yes,No,72,Yes,No,No,No internet service,No internet service,No internet service,No internet service,No internet service,No internet service,Month-to-month,No,Electronic check,42.47,3064.86,2,No
5315-ONU,Male,0,No,No,47,Yes,Yes,Fiber optic,Yes,No,Yes,Yes,No,No,One year,Yes,Electronic check,125.84,5909.07,2,No
7474-XDC,Male,0,No,Yes,56,Yes,Yes,Fiber optic,No,No,Yes,Yes,No,No,One year,Yes,Bank transfer (automatic),115.79,6476.2,1,No
8393-TJM,Male,0,Yes,Yes,4,Yes,No,DSL,No,No,Yes,No,Yes,No,Two year,Yes,Bank transfer (automatic),85.68,350.45,2,No
4411-ZUW,Male,0,No,No,72,Yes,Yes,No,No internet service,No internet service,No internet service,No internet service,No internet service,No internet service,Month-to-month,No,Bank transfer (automatic),50.57,3649.38,6,No
4249-UPK,Female,0,No,Yes,33,Yes,No,Fiber optic,No,No,Yes,No,No,Yes,Month-to-month,Yes,Electronic check,104.17,3440.63,3,Yes
2161-ILS,Female,0,No,No,10,No,No phone service,Fiber optic,No,No,No,No,No,No,Two year,Yes,Mailed check,65.23,654.61,2,No
9352-RNV,Male,0,No,No,50,Yes,Yes,Fiber optic,Yes,Yes,No,Yes,No,Yes,One year,Yes,Bank transfer (automatic),136.49,6816.23,2,No
8040-QKT,Female,0,No,No,35,Yes,Yes,Fiber optic,Yes,No,Yes,No,No,No,Month-to-month,Yes,Electronic check,113.24,3951.14,4,Yes
4107-OVV,Female,0,Yes,Yes,34,Yes,No,Fiber optic,No,No,Yes,No,No,Yes,Month-to-month,No,Bank transfer (automatic),105.37,3568.08,2,Yes
8199-ZNV,Female,1,No,No,34,Yes,Yes,DSL,No,No,Yes,Yes,No,Yes,One year,Yes,Mailed check,107.58,3663.79,2,No
5768-ZIG,Male,0,Yes,Yes,41,Yes,Yes,No,No internet service,No internet service,No internet service,No internet service,No internet service,No internet service,Month-to-month,No,Electronic check,51.37,2116.87,3,No
2718-BBF,Female,0,No,No,72,Yes,Yes,DSL,No,No,No,Yes,Yes,No,Month-to-month,Yes,Credit card (automatic),98.21,7085.59,3,No
4830-STN,Female,0,Yes,No,4,Yes,No,DSL,No,Yes,No,No,No,Yes,One year,Yes,Electronic check,86.27,359.09,2,No
3882-GGD,Male,0,Yes,Yes,72,Yes,No,DSL,Yes,Yes,Yes,No,No,Yes,One year,Yes,Electronic check,105.23,7589.24,2,No
1284-WEQ,Male,0,No,No,52,Yes,Yes,No,No internet service,No internet service,No internet service,No internet service,No internet service,No internet service,One year,Yes,Bank transfer (automatic),52.38,2716.25,1,No
4065-DWM,Female,0,Yes,No,15,Yes,Yes,DSL,No,No,Yes,No,No,No,One year,No,Credit card (automatic),87.82,1305.45,1,No
5623-PBR,Female,0,Yes,Yes,5,Yes,No,Fiber optic,No,Yes,No,No,Yes,Yes,Month-to-month,Yes,Mailed check,120.19,589.49,3,Yes
5800-RZH,Male,0,No,No,16,Yes,No,Fiber optic,No,No,No,No,No,No,Two year,No,Mailed check,86.67,1379.48,2,No
5522-XXO,Male,0,Yes,No,38,Yes,No,DSL,No,No,No,No,No,No,Month-to-month,Yes,Credit card (automatic),66.5,2513.8,2,No
4888-QLJ,Female,0,Yes,No,24,No,No phone service,No,No internet service,No internet service,No internet service,No internet service,No internet service,No internet service,Month-to-month,No,Electronic check,19.84,482.74,1,No
8699-FHM,Female,0,Yes,Yes,9,Yes,No,Fiber optic,No,Yes,No,No,No,No,Month-to-month,No,Bank transfer (automatic),94.88,864.29,2,Yes
2057-SVJ,Male,0,No,No,14,Yes,No,Fiber optic,Yes,No,Yes,No,No,No,Two year,No,Electronic check,107.2,1492.34,2,No
2795-LRG,Female,0,Yes,No,72,Yes,Yes,DSL,No,Yes,Yes,No,No,No,Month-to-month,Yes,Credit card (automatic),93.8,6743.44,0,No
9215-XWZ,Male,0,No,Yes,41,Yes,Yes,DSL,No,No,No,No,Yes,No,Two year,No,Bank transfer (automatic),88.22,3605.49,1,No
7947-GJZ,Male,0,Yes,No,4,Yes,No,DSL,Yes,Yes,No,No,Yes,No,Month-to-month,Yes,Electronic check,96.46,381.25,2,Yes
8179-ATR,Male,1,Yes,No,20,No,No phone service,Fiber optic,Yes,No,No,No,No,Yes,One year,No,Bank transfer (automatic),85.11,1712.42,0,No
6458-DFZ,Female,1,Yes,Yes,67,Yes,Yes,Fiber optic,No,Yes,No,Yes,Yes,No,Month-to-month,Yes,Credit card (automatic),128.19,8592.0,2,No
4174-XWG,Female,0,No,No,1,Yes,Yes,DSL,Yes,Yes,No,No,No,No,One year,Yes,Electronic check,95.6,97.9,2,No
7387-NPW,Male,0,No,Yes,2,No,No phone service,Fiber optic,No,Yes,No,Yes,No,Yes,Two year,No,Credit card (automatic),98.53,207.61,0,No
5622-ERU,Male,0,Yes,Yes,32,Yes,Yes,DSL,No,No,No,Yes,No,Yes,One year,No,Credit card (automatic),99.43,3178.39,1,No
7995-HOU,Male,0,Yes,No,22,Yes,Yes,DSL,Yes,No,No,No,Yes,No,Two year,Yes,Credit card (automatic),97.06,2124.78,1,No
9296-SZV,Male,0,Yes,Yes,2,Yes,No,DSL,No,No,Yes,No,Yes,No,Month-to-month,Yes,Mailed check,89.33,166.08,3,Yes
9490-JCA,Female,0,No,No,72,No,No phone service,Fiber optic,No,Yes,Yes,Yes,Yes,Yes,One year,No,Bank transfer (automatic),120.8,8700.38,2,No
4854-OUN,Male,0,Yes,No,22,Yes,No,Fiber optic,No,Yes,Yes,No,No,No,Month-to-month,No,Mailed check,106.13,2322.59,3,Yes
8225-GQX,Male,0,Yes,No,17,Yes,No,Fiber optic,Yes,Yes,No,No,Yes,Yes,Month-to-month,Yes,Electronic check,131.12,2242.98,3,Yes
1038-CCZ,Male,0,No,No,15,Yes,Yes,Fiber optic,No,No,No,No,No,No,Month-to-month,No,Electronic check,97.42,1464.49,1,Yes
2436-RTV,Female,0,Yes,Yes,31,Yes,No,DSL,No,No,No,No,Yes,No,Month-to-month,No,Mailed check,75.96,2343.74,1,No
8693-CZZ,Male,0,Yes,No,16,Yes,No,No,No internet service,No internet service,No internet service,No internet service,No internet service,No internet service,Two year,No,Bank transfer (automatic),40.96,661.07,1,No
7212-CRO,Male,0,Yes,No,27,Yes,No,DSL,No,Yes,No,No,No,No,Month-to-month,No,Electronic check,73.02,1959.51,3,Yes
8550-TND,Male,0,Yes,Yes,17,Yes,No,Fiber optic,No,No,No,Yes,No,No,Month-to-month,No,Bank transfer (automatic),95.96,1641.17,1,Yes
6543-UMV,Male,0,Yes,No,24,Yes,Yes,DSL,No,Yes,Yes,No,No,No,Month-to-month,Yes,Credit card (automatic),96.48,2318.43,2,Yes
4911-OQE,Male,0,Yes,No,41,Yes,No,Fiber optic,No,No,Yes,No,Yes,Yes,Month-to-month,No,Mailed check,118.74,4865.78,3,No
6235-DKR,Female,0,No,Yes,43,Yes,Yes,DSL,No,No,No,No,No,No,Month-to-month,Yes,Bank transfer (automatic),73.41,3156.06,0,No
6360-OFW,Female,0,No,No,48,Yes,Yes,No,No internet service,No internet service,No internet service,No internet service,No internet service,No internet service,Two year,Yes,Credit card (automatic),48.99,2338.74,2,No
5111-OHI,Female,0,No,No,6,Yes,No,Fiber optic,Yes,Yes,No,No,Yes,No,One year,No,Electronic check,115.29,699.28,2,Yes
1106-BMD,Male,1,No,Yes,2,No,No phone service,Fiber optic,No,No,No,Yes,No,Yes,Month-to-month,No,Electronic check,85.23,165.59,0,Yes
7810-IES,Male,0,No,No,46,Yes,Yes,Fiber optic,No,No,Yes,No,Yes,Yes,Month-to-month,Yes,Bank transfer (automatic),126.99,5833.11,1,No
5693-CUC,Female,0,Yes,No,2,Yes,Yes,Fiber optic,No,No,Yes,No,Yes,No,Month-to-month,Yes,Mailed check,119.41,241.07,4,Yes
3011-JEY,Male,1,Yes,Yes,7,Yes,No,Fiber optic,No,Yes,No,No,No,No,Two year,Yes,Credit card (automatic),97.25,688.65,2,No
7229-XGV,Female,0,Yes,No,19,Yes,Yes,Fiber optic,Yes,Yes,No,No,No,No,Month-to-month,No,Bank transfer (automatic),117.51,2222.04,1,Yes
4997-RWH,Male,0,No,Yes,49,Yes,No,DSL,No,No,No,No,No,No,Month-to-month,Yes,Mailed check,63.64,3105.98,1,No
2184-YDX,Female,0,No,No,57,No,No phone service,Fiber optic,No,No,Yes,No,No,Yes,Month-to-month,No,Electronic check,85.81,4897.72,2,No
9102-NMJ,Female,0,Yes,No,25,Yes,No,DSL,No,No,Yes,No,No,Yes,One year,Yes,Bank transfer (automatic),86.41,2149.78,2,No
5383-ADP,Male,0,Yes,No,72,No,No phone service,DSL,No,No,No,No,Yes,No,One year,Yes,Electronic check,57.11,4101.4,6,No
1135-JPW,Male,0,No,Yes,33,Yes,No,Fiber optic,No,Yes,No,No,No,No,Month-to-month,No,Mailed check,92.25,3053.06,3,Yes
6367-KFA,Female,0,Yes,No,19,Yes,No,Fiber optic,Yes,No,Yes,No,No,Yes,One year,Yes,Credit card (automatic),116.84,2234.51,2,No
4773-LYF,Female,1,No,No,4,Yes,No,Fiber optic,Yes,No,No,No,Yes,Yes,One year,Yes,Electronic check,116.48,471.67,5,Yes
5571-MZQ,Male,0,No,No,14,Yes,Yes,DSL,No,Yes,No,No,No,No,Month-to-month,Yes,Credit card (automatic),87.04,1209.53,2,No
5127-HVH,Female,1,Yes,Yes,44,No,No phone service,No,No internet service,No internet service,No internet service,No internet service,No internet service,No internet service,One year,Yes,Mailed check,22.65,989.95,2,No
8351-KNX,Male,0,Yes,No,9,Yes,No,DSL,No,Yes,No,No,No,No,Month-to-month,No,Credit card (automatic),72.8,661.77,1,Yes
3121-OGG,Female,0,Yes,No,22,Yes,No,Fiber optic,Yes,Yes,No,Yes,No,Yes,Two year,No,Bank transfer (automatic),129.95,2857.01,1,No
5681-DYR,Male,0,Yes,No,72,Yes,Yes,No,No internet service,No internet service,No internet service,No internet service,No internet service,No internet service,Month-to-month,Yes,Electronic check,49.74,3588.7,1,No
7473-SNM,Male,0,No,No,5,Yes,No,No,No internet service,No internet service,No internet service,No internet service,No internet service,No internet service,Month-to-month,Yes,Credit card (automatic),40.22,212.22,3,Yes
1078-PBD,Male,0,Yes,Yes,3,Yes,No,DSL,Yes,Yes,Yes,Yes,Yes,Yes,One year,Yes,Bank transfer (automatic),129.24,375.97,4,Yes
5318-QJU,Female,0,Yes,Yes,40,Yes,Yes,DSL,Yes,No,No,Yes,No,Yes,Two year,No,Credit card (automatic),109.07,4363.49,3,No
8054-LUZ,Male,0,No,Yes,1,Yes,Yes,Fiber optic,No,No,No,Yes,No,Yes,Month-to-month,Yes,Bank transfer (automatic),114.69,118.38,3,Yes
7056-NMZ,Male,1,No,Yes,26,Yes,No,Fiber optic,No,No,No,No,No,Yes,Month-to-month,No,Mailed check,98.24,2561.19,2,No
9805-SDT,Male,0,Yes,No,11,Yes,Yes,Fiber optic,No,No,No,No,No,No,Month-to-month,No,Credit card (automatic),96.0,1055.94,2,Yes
6840-SCN,Female,0,Yes,No,33,Yes,Yes,DSL,No,No,No,Yes,Yes,No,One year,Yes,Credit card (automatic),99.81,3297.56,4,No
7064-MIA,Male,0,Yes,Yes,4,Yes,No,DSL,No,No,No,Yes,Yes,Yes,Month-to-month,Yes,Bank transfer (automatic),100.2,396.04,2,Yes
1184-QPR,Male,0,No,No,11,Yes,No,No,No internet service,No internet service,No internet service,No internet service,No internet service,No internet service,Two year,Yes,Electronic check,42.91,465.5,3,No
5065-NVW,Male,0,Yes,Yes,1,Yes,Yes,DSL,No,Yes,No,No,Yes,Yes,Month-to-month,Yes,Electronic check,109.08,101.16,0,Yes
8504-CBH,Male,1,Yes,No,7,Yes,No,No,No internet service,No internet service,No internet service,No internet service,No internet service,No internet service,Month-to-month,No,Bank transfer (automatic),37.61,257.18,3,Yes
1600-BBZ,Male,0,No,No,17,Yes,Yes,Fiber optic,No,No,Yes,Yes,Yes,No,One year,No,Electronic check,129.94,2205.15,3,Yes
3056-TUY,Female,0,Yes,Yes,5,Yes,Yes,DSL,No,No,No,Yes,No,No,Two year,No,Electronic check,85.23,425.84,3,No
1357-ZLY,Male,0,Yes,Yes,23,Yes,No,Fiber optic,No,No,Yes,No,No,Yes,One year,Yes,Electronic check,107.97,2497.56,3,Yes
5488-GLZ,Male,0,No,No,4,Yes,No,DSL,No,Yes,No,No,No,No,Month-to-month,Yes,Bank transfer (automatic),74.3,303.18,3,Yes
3596-PEL,Female,0,Yes,No,35,No,No phone service,Fiber optic,Yes,Yes,No,No,No,No,Two year,Yes,Mailed check,83.08,2903.05,0,No
8831-ZTI,Female,0,Yes,No,64,Yes,Yes,DSL,Yes,Yes,Yes,No,Yes,Yes,Two year,Yes,Electronic check,131.79,8421.98,1,No
6267-WKU,Female,0,Yes,No,13,Yes,Yes,No,No internet service,No internet service,No internet service,No internet service,No internet service,No internet service,Two year,Yes,Mailed check,50.86,662.49,3,No
4526-VJW,Female,0,No,No,19,Yes,Yes,No,No internet service,No internet service,No internet service,No internet service,No internet service,No internet service,One year,Yes,Mailed check,49.33,929.37,0,No
6518-BMD,Male,0,No,No,17,Yes,No,Fiber optic,Yes,Yes,No,No,No,Yes,Two year,Yes,Electronic check,117.74,2010.01,2,No
4478-ABB,Female,0,No,No,39,Yes,Yes,No,No internet service,No internet service,No internet service,No internet service,No internet service,No internet service,One year,No,Electronic check,49.48,1918.3,1,No
8011-CQN,Male,0,Yes,Yes,72,Yes,Yes,DSL,No,No,No,No,Yes,No,Month-to-month,No,Credit card (automatic),89.74,6469.98,2,No
6962-YMA,Female,1,Yes,Yes,34,Yes,Yes,DSL,Yes,Yes,No,No,No,No,Month-to-month,No,Electronic check,93.78,3192.98,2,No
9758-BBU,Female,0,No,No,7,Yes,No,Fiber optic,No,No,No,Yes,No,No,Two year,Yes,Credit card (automatic),97.17,671.54,3,No
2987-LZZ,Male,0,No,No,30,Yes,Yes,No,No internet service,No internet service,No internet service,No internet service,No internet service,No internet service,Two year,Yes,Mailed check,49.34,1479.01,3,No
4260-CTJ,Female,0,No,Yes,24,Yes,Yes,No,No internet service,No internet service,No internet service,No internet service,No internet service,No internet service,Two year,Yes,Bank transfer (automatic),48.08,1155.22,3,No
4251-RUU,Female,0,No,No,6,Yes,Yes,Fiber optic,No,No,Yes,No,Yes,No,Month-to-month,Yes,Mailed check,119.23,701.49,1,Yes
2310-JAF,Male,0,No,Yes,7,Yes,No,Fiber optic,No,No,Yes,No,No,No,Month-to-month,No,Bank transfer (automatic),96.54,662.83,3,Yes
5257-GTU,Female,0,Yes,No,27,Yes,Yes,Fiber optic,No,Yes,No,Yes,No,Yes,Month-to-month,Yes,Electronic check,125.41,3377.82,2,Yes
1468-RUS,Female,0,Yes,Yes,42,Yes,No,No,No internet service,No internet service,No internet service,No internet service,No internet service,No internet service,Month-to-month,Yes,Electronic check,37.02,1554.08,3,No
2139-YXM,Female,0,No,Yes,36,Yes,No,Fiber optic,No,Yes,No,No,Yes,Yes,Two year,Yes,Mailed check,119.82,4318.38,5,No
4006-SQA,Male,0,Yes,No,24,No,No phone service,DSL,No,Yes,Yes,Yes,Yes,No,Month-to-month,No,Mailed check,84.38,2024.33,5,No
8077-STA,Male,1,Yes,No,70,Yes,No,DSL,No,No,No,Yes,No,No,One year,Yes,Electronic check,72.57,5082.94,4,No
2191-QUV,Male,1,No,No,33,No,No phone service,DSL,No,Yes,Yes,No,Yes,Yes,Month-to-month,No,Credit card (automatic),87.83,2886.51,4,No
7193-GPG,Male,0,Yes,No,20,Yes,Yes,Fiber optic,No,No,Yes,No,No,No,Month-to-month,Yes,Mailed check,107.39,2141.76,2,Yes
1304-DLM,Male,1,Yes,No,43,Yes,No,DSL,No,No,Yes,No,No,No,Month-to-month,No,Credit card (automatic),75.43,3256.3,2,No
3804-AAG,Female,1,No,No,9,Yes,Yes,DSL,No,Yes,No,Yes,No,Yes,Month-to-month,Yes,Mailed check,106.97,963.34,1,No
1712-APR,Male,0,Yes,Yes,8,Yes,No,DSL,Yes,Yes,No,Yes,No,No,Two year,Yes,Mailed check,92.07,734.41,3,No
9366-FBI,Female,0,Yes,Yes,72,Yes,Yes,DSL,No,No,Yes,No,No,No,One year,Yes,Credit card (automatic),84.19,6071.7,2,No
7506-MKS,Male,0,Yes,No,72,Yes,Yes,No,No internet service,No internet service,No internet service,No internet service,No internet service,No internet service,Month-to-month,Yes,Electronic check,52.37,3783.72,1,No
6447-GYP,Female,1,No,No,54,No,No phone service,No,No internet service,No internet service,No internet service,No internet service,No internet service,No internet service,Two year,Yes,Electronic check,19.71,1078.15,0,No
6264-ROQ,Male,0,Yes,No,7,Yes,Yes,No,No internet service,No internet service,No internet service,No internet service,No internet service,No internet service,One year,Yes,Electronic check,50.49,355.24,1,No
3410-EPO,Male,0,No,Yes,23,Yes,No,DSL,No,Yes,Yes,No,No,No,Month-to-month,Yes,Electronic check,82.36,1903.4,0,No
7441-NBP,Female,0,Yes,No,20,Yes,Yes,Fiber optic,No,No,Yes,Yes,No,No,Two year,Yes,Mailed check,115.45,2320.22,2,No
4956-ZVL,Female,0,Yes,No,6,Yes,No,DSL,No,Yes,No,No,No,No,Month-to-month,No,Bank transfer (automatic),72.01,428.38,2,Yes
4094-MIQ,Female,0,No,No,15,Yes,No,No,No internet service,No internet service,No internet service,No internet service,No internet service,No internet service,Month-to-month,Yes,Mailed check,38.3,583.3,5,Yes
4347-LYE,Female,0,Yes,No,16,No,No phone service,No,No internet service,No internet service,No internet service,No internet service,No internet service,No internet service,Two year,Yes,Credit card (automatic),20.23,321.27,1,No
4179-ATP,Male,1,Yes,No,7,Yes,Yes,No,No internet service,No internet service,No internet service,No internet service,No internet service,No internet service,Month-to-month,Yes,Electronic check,48.92,344.4,2,Yes
5415-LIM,Female,0,No,No,72,Yes,No,DSL,No,No,Yes,Yes,Yes,No,Month-to-month,No,Electronic check,98.45,7081.73,0,No
5848-QDN,Female,0,Yes,Yes,17,Yes,Yes,DSL,No,No,Yes,No,Yes,No,Two year,Yes,Electronic check,95.91,1619.08,4,No
9262-CAL,Male,0,No,No,19,Yes,Yes,Fiber optic,No,Yes,No,Yes,Yes,Yes,Month-to-month,No,Electronic check,137.78,2630.38,2,Yes
6642-JBZ,Female,0,Yes,Yes,23,Yes,Yes,DSL,Yes,No,No,No,No,No,Two year,Yes,Electronic check,82.03,1895.45,4,No
3940-DQQ,Female,0,No,No,55,Yes,No,No,No internet service,No internet service,No internet service,No internet service,No internet service,No internet service,Month-to-month,Yes,Electronic check,40.98,2243.79,3,No
8899-HWN,Female,1,No,Yes,20,Yes,No,Fiber optic,Yes,No,Yes,No,Yes,Yes,One year,Yes,Mailed check,129.59,2577.46,2,No
5355-FSX,Male,0,Yes,No,20,No,No phone service,DSL,No,No,Yes,No,Yes,Yes,Month-to-month,No,Bank transfer (automatic),78.13,1562.64,2,No
7050-TFW,Female,0,Yes,No,7,Yes,No,No,No internet service,No internet service,No internet service,No internet service,No internet service,No internet service,Month-to-month,No,Mailed check,42.45,309.46,1,Yes
1254-LPT,Male,1,Yes,No,24,Yes,Yes,Fiber optic,No,Yes,No,No,Yes,No,Two year,No,Bank transfer (automatic),118.36,2834.64,0,No
8862-BMH,Female,1,No,No,12,Yes,No,Fiber optic,Yes,No,Yes,Yes,Yes,No,Two year,Yes,Electronic check,124.21,1483.25,2,No
7356-TPD,Male,0,No,Yes,27,No,No phone service,DSL,No,No,No,Yes,No,No,Two year,No,Electronic check,55.39,1502.03,2,No
2852-PTF,Male,0,Yes,Yes,9,Yes,Yes,Fiber optic,No,No,Yes,Yes,No,No,One year,No,Credit card (automatic),113.0,1010.16,3,No
7618-DPW,Female,0,Yes,No,32,Yes,Yes,Fiber optic,Yes,Yes,Yes,No,No,Yes,Month-to-month,Yes,Mailed check,135.32,4331.87,5,Yes
1182-UME,Female,0,Yes,No,25,Yes,Yes,DSL,No,No,Yes,Yes,No,Yes,One year,Yes,Electronic check,109.51,2749.15,2,No
7958-ZHG,Female,0,No,No,17,Yes,No,DSL,No,No,Yes,Yes,No,Yes,One year,Yes,Bank transfer (automatic),99.3,1701.14,1,No
3285-GVG,Female,0,No,No,3,Yes,Yes,Fiber optic,Yes,Yes,Yes,No,No,No,Two year,Yes,Mailed check,126.25,374.7,0,No
5822-ZRJ,Female,0,Yes,Yes,25,Yes,No,Fiber optic,No,Yes,No,No,No,No,One year,No,Electronic check,92.16,2292.38,1,No
8149-JGZ,Female,1,No,Yes,50,Yes,Yes,DSL,No,Yes,No,No,No,Yes,One year,Yes,Electronic check,97.11,4859.83,3,No
5614-EAN,Male,1,Yes,Yes,5,Yes,No,DSL,Yes,No,No,No,Yes,No,Month-to-month,Yes,Credit card (automatic),84.18,421.85,0,Yes
7673-MYH,Male,0,No,No,3,Yes,Yes,DSL,No,Yes,Yes,No,Yes,No,One year,No,Mailed check,105.0,303.37,1,No
8583-QFO,Female,0,Yes,No,2,Yes,No,DSL,No,No,No,No,Yes,Yes,Month-to-month,No,Credit card (automatic),91.02,178.81,1,Yes
6966-YPH,Male,0,No,No,1,Yes,Yes,DSL,Yes,Yes,No,No,No,Yes,One year,Yes,Electronic check,109.41,116.92,0,No
6203-OCF,Female,0,No,No,47,Yes,Yes,No,No internet service,No internet service,No internet service,No internet service,No internet service,No internet service,Month-to-month,Yes,Credit card (automatic),52.06,2435.33,2,No
9669-YHP,Female,0,No,No,33,Yes,Yes,DSL,No,Yes,No,Yes,Yes,Yes,Month-to-month,No,Credit card (automatic),117.73,3896.98,3,Yes
1366-MZT,Male,0,No,No,6,Yes,No,Fiber optic,Yes,No,Yes,No,Yes,Yes,Month-to-month,Yes,Electronic check,127.93,774.27,2,Yes
7606-RMX,Female,0,Yes,Yes,63,Yes,Yes,Fiber optic,No,No,Yes,No,No,No,Two year,Yes,Bank transfer (automatic),107.15,6756.27,4,No
4239-NKF,Male,0,No,No,4,Yes,Yes,Fiber optic,No,Yes,No,Yes,No,Yes,One year,Yes,Mailed check,126.77,497.74,2,Yes
8485-XYA,Female,0,No,No,12,Yes,Yes,Fiber optic,No,Yes,No,Yes,No,No,Two year,No,Mailed check,113.14,1368.03,2,No
1449-MAX,Male,0,Yes,No,16,Yes,Yes,Fiber optic,No,Yes,No,No,No,No,Two year,Yes,Bank transfer (automatic),106.41,1711.65,3,No
9026-DXW,Female,0,Yes,No,2,Yes,No,Fiber optic,No,No,No,No,Yes,No,One year,No,Bank transfer (automatic),98.46,207.86,2,Yes
2308-BUZ,Male,1,No,No,11,Yes,No,DSL,Yes,No,No,Yes,Yes,Yes,Month-to-month,Yes,Electronic check,108.6,1193.86,2,Yes
9339-PCQ,Male,0,Yes,No,3,Yes,No,DSL,No,Yes,No,Yes,No,No,Month-to-month,No,Bank transfer (automatic),84.85,239.83,0,Yes
4940-ZHL,Female,0,Yes,Yes,39,Yes,No,Fiber optic,Yes,No,No,No,No,Yes,Two year,No,Electronic check,106.62,4150.6,4,No
6912-WLA,Female,0,No,No,2,Yes,Yes,DSL,No,Yes,Yes,No,No,No,Month-to-month,Yes,Credit card (automatic),92.13,176.88,1,Yes
4936-OQB,Male,0,Yes,No,1,Yes,No,DSL,No,No,No,No,No,No,One year,No,Electronic check,64.7,58.24,2,No
3995-ZIL,Female,0,No,No,33,Yes,No,Fiber optic,No,No,No,No,No,No,Month-to-month,Yes,Credit card (automatic),84.98,2796.73,1,No
6766-NIW,Female,1,Yes,Yes,38,Yes,Yes,DSL,No,Yes,Yes,No,No,No,Month-to-month,No,Electronic check,94.88,3618.14,1,No
1160-ATD,Female,0,Yes,Yes,18,Yes,Yes,DSL,Yes,No,No,No,No,Yes,Month-to-month,No,Credit card (automatic),96.33,1745.86,3,No
4904-VJB,Female,0,No,No,10,Yes,No,DSL,Yes,No,Yes,No,Yes,No,Month-to-month,Yes,Electronic check,96.88,981.32,2,Yes
6582-CYW,Female,0,No,No,7,Yes,No,DSL,No,No,Yes,Yes,Yes,No,Month-to-month,Yes,Credit card (automatic),95.94,662.72,4,Yes
5880-UMC,Female,0,No,No,4,Yes,Yes,DSL,No,No,Yes,Yes,Yes,Yes,One year,No,Credit card (automatic),120.04,487.91,3,Yes
7659-KGZ,Male,0,No,No,17,Yes,No,Fiber optic,No,No,No,No,Yes,No,One year,Yes,Electronic check,95.88,1634.39,0,No
8626-XKJ,Male,0,Yes,No,17,No,No phone service,DSL,Yes,Yes,No,Yes,Yes,No,One year,Yes,Bank transfer (automatic),89.45,1525.0,1,No
3788-MLJ,Female,0,No,Yes,16,Yes,Yes,DSL,Yes,No,Yes,No,No,No,Month-to-month,No,Electronic check,93.72,1491.12,2,Yes
7731-TVO,Male,1,No,Yes,38,Yes,No,No,No internet service,No internet service,No internet service,No internet service,No internet service,No internet service,Month-to-month,Yes,Electronic check,37.06,1408.52,2,No
4044-XNL,Female,0,No,No,3,No,No phone service,DSL,Yes,Yes,Yes,No,No,No,Month-to-month,No,Bank transfer (automatic),75.75,233.63,0,Yes
4036-UKE,Male,0,No,Yes,28,Yes,Yes,Fiber optic,No,No,No,No,No,No,Month-to-month,No,Electronic check,92.01,2575.45,1,Yes
9495-ZRL,Female,0,No,No,13,Yes,Yes,Fiber optic,No,Yes,No,No,Yes,No,Two year,No,Bank transfer (automatic),118.8,1555.93,0,No
2210-EPL,Female,0,Yes,No,7,Yes,No,Fiber optic,No,No,Yes,No,No,No,Month-to-month,Yes,Mailed check,93.76,649.04,1,Yes
3774-BFW,Female,1,No,No,29,Yes,No,Fiber optic,No,No,Yes,No,No,No,Month-to-month,Yes,Credit card (automatic),97.03,2810.5,1,No
9125-DMJ,Male,0,No,Yes,6,Yes,Yes,Fiber optic,Yes,No,No,No,No,Yes,Month-to-month,No,Electronic check,118.31,719.22,6,Yes
7654-QNX,Female,0,Yes,Yes,7,Yes,No,No,No internet service,No internet service,No internet service,No internet service,No internet service,No internet service,Two year,Yes,Electronic check,37.57,273.64,5,No
8342-HWX,Female,0,No,Yes,72,Yes,No,DSL,No,No,No,Yes,Yes,Yes,Two year,No,Electronic check,96.88,6962.39,3,No
4345-CYQ,Male,0,No,No,55,Yes,No,DSL,No,Yes,Yes,No,No,Yes,Month-to-month,Yes,Bank transfer (automatic),97.4,5344.11,1,No
4743-XXG,Male,0,Yes,Yes,30,Yes,Yes,Fiber optic,No,No,No,Yes,No,No,Month-to-month,Yes,Bank transfer (automatic),107.07,3222.65,2,No
1268-PED,Female,0,No,No,10,Yes,No,Fiber optic,No,No,Yes,No,No,Yes,Two year,Yes,Electronic check,107.17,1068.53,1,No
5185-JMJ,Male,0,Yes,No,20,Yes,No,No,No internet service,No internet service,No internet service,No internet service,No internet service,No internet service,Month-to-month,Yes,Bank transfer (automatic),38.49,760.14,2,No
4865-VLA,Male,0,No,No,4,Yes,No,No,No internet service,No internet service,No internet service,No internet service,No internet service,No internet service,Month-to-month,No,Mailed check,40.29,157.22,2,Yes
1500-TTG,Female,0,Yes,No,11,Yes,No,Fiber optic,No,No,No,No,Yes,Yes,One year,No,Credit card (automatic),108.22,1177.57,2,Yes
6543-MNL,Female,1,Yes,No,2,Yes,No,Fiber optic,No,No,Yes,Yes,No,Yes,One year,Yes,Bank transfer (automatic),119.43,251.61,3,Yes
6735-UVR,Female,0,Yes,No,24,Yes,No,No,No internet service,No internet service,No internet service,No internet service,No internet service,No internet service,One year,No,Mailed check,38.02,905.05,3,No
2327-KPN,Female,0,No,No,49,Yes,No,No,No internet service,No internet service,No internet service,No internet service,No internet service,No internet service,Month-to-month,Yes,Bank transfer (automatic),39.02,1900.57,0,No
4746-UBC,Male,1,Yes,Yes,42,Yes,Yes,Fiber optic,No,Yes,No,No,No,No,Month-to-month,No,Bank transfer (automatic),102.31,4283.78,2,No
5163-VEJ,Female,1,No,No,49,Yes,No,DSL,Yes,No,No,No,Yes,No,One year,No,Mailed check,87.01,4250.51,2,No
9499-BLE,Female,0,Yes,No,5,Yes,Yes,Fiber optic,No,No,No,No,No,No,One year,No,Mailed check,92.77,471.19,3,Yes
5004-WAD,Female,0,No,Yes,27,Yes,Yes,DSL,No,No,No,No,Yes,No,Month-to-month,Yes,Bank transfer (automatic),84.7,2290.06,1,No
3234-UXL,Male,1,No,Yes,72,Yes,No,No,No internet service,No internet service,No internet service,No internet service,No internet service,No internet service,Month-to-month,Yes,Credit card (automatic),39.03,2796.74,0,No
2374-LPX,Female,1,No,Yes,39,Yes,Yes,No,No internet service,No internet service,No internet service,No internet service,No internet service,No internet service,Month-to-month,Yes,Mailed check,52.92,2067.45,2,No
1176-UJQ,Female,0,Yes,No,1,Yes,Yes,No,No internet service,No internet service,No internet service,No internet service,No internet service,No internet service,Month-to-month,Yes,Credit card (automatic),49.44,59.56,1,Yes
3928-RBY,Female,1,Yes,No,54,Yes,Yes,DSL,No,No,Yes,Yes,No,No,Two year,No,Credit card (automatic),94.86,5108.19,2,No
4715-SKQ,Male,0,No,No,31,Yes,No,No,No internet service,No internet service,No internet service,No internet service,No internet service,No internet service,One year,No,Mailed check,37.61,1154.52,0,No
5971-BFI,Female,0,No,No,4,Yes,Yes,Fiber optic,No,Yes,No,No,No,No,Month-to-month,No,Electronic check,107.75,434.54,0,Yes
4155-UIW,Female,0,Yes,No,10,Yes,No,DSL,Yes,No,No,Yes,Yes,Yes,Month-to-month,Yes,Credit card (automatic),110.23,1092.89,4,Yes
8962-HVU,Female,0,Yes,Yes,4,Yes,Yes,DSL,No,No,No,No,Yes,No,Month-to-month,No,Mailed check,84.22,324.13,2,Yes
7716-WFC,Female,0,Yes,Yes,33,Yes,Yes,Fiber optic,No,Yes,No,No,No,No,Month-to-month,No,Mailed check,106.53,3522.48,0,Yes
3954-OBM,Male,0,Yes,No,1,Yes,No,Fiber optic,No,No,No,No,No,No,Month-to-month,Yes,Credit card (automatic),87.14,88.1,1,Yes
1629-PGH,Male,0,Yes,Yes,16,Yes,No,DSL,No,No,No,No,No,No,Two year,Yes,Electronic check,63.04,1005.8,3,No
9709-XGR,Female,0,No,No,72,Yes,Yes,DSL,No,No,No,No,No,No,Month-to-month,No,Electronic check,77.78,5594.75,1,No
8197-VYV,Male,1,No,Yes,48,Yes,Yes,No,No internet service,No internet service,No internet service,No internet service,No internet service,No internet service,Two year,No,Bank transfer (automatic),51.7,2485.14,2,No
3899-GCE,Male,0,No,No,23,Yes,No,No,No internet service,No internet service,No internet service,No internet service,No internet service,No internet service,Month-to-month,No,Electronic check,42.2,966.3,1,No
7542-ZCH,Female,0,Yes,No,30,Yes,No,Fiber optic,No,No,No,No,No,Yes,Two year,No,Bank transfer (automatic),97.13,2914.04,4,No
9568-IOJ,Female,0,No,Yes,24,Yes,No,Fiber optic,Yes,Yes,No,Yes,No,No,Month-to-month,Yes,Mailed check,116.21,2779.62,2,No
2505-TES,Male,0,Yes,No,42,Yes,Yes,Fiber optic,No,Yes,Yes,Yes,No,Yes,Two year,Yes,Electronic check,137.81,5799.87,0,No
4477-OZR,Female,1,Yes,No,55,No,No phone service,No,No internet service,No internet service,No internet service,No internet service,No internet service,No internet service,Two year,Yes,Credit card (automatic),22.58,1229.98,3,No
4839-WKM,Female,0,No,No,37,Yes,No,No,No internet service,No internet service,No internet service,No internet service,No internet service,No internet service,Two year,No,Mailed check,40.96,1502.1,1,No
3553-BNF,Female,0,No,No,6,Yes,No,Fiber optic,No,No,No,Yes,No,No,Month-to-month,Yes,Electronic check,92.87,555.88,1,Yes
1551-RPU,Female,0,No,Yes,12,Yes,No,Fiber optic,Yes,Yes,No,No,Yes,No,One year,No,Credit card (automatic),114.1,1380.48,5,Yes
4051-KFC,Male,0,No,No,39,Yes,Yes,Fiber optic,No,No,Yes,Yes,Yes,No,Two year,No,Electronic check,125.71,4909.95,2,No
3555-BKV,Female,0,Yes,Yes,44,Yes,Yes,Fiber optic,No,No,No,No,No,No,One year,Yes,Electronic check,93.12,4083.97,1,No
5721-AXA,Male,0,Yes,No,25,Yes,No,DSL,Yes,No,Yes,No,No,No,Month-to-month,No,Mailed check,83.61,2102.31,4,No
8694-EFP,Female,1,No,Yes,32,Yes,No,No,No internet service,No internet service,No internet service,No internet service,No internet service,No internet service,Two year,Yes,Credit card (automatic),38.75,1231.33,2,No
6146-LLC,Female,0,No,No,5,Yes,Yes,No,No internet service,No internet service,No internet service,No internet service,No internet service,No internet service,Month-to-month,No,Electronic check,51.35,257.09,2,Yes
3589-WBG,Male,0,Yes,Yes,12,Yes,Yes,Fiber optic,No,Yes,No,Yes,No,No,Two year,No,Credit card (automatic),117.39,1402.32,2,No
8711-UGK,Male,0,Yes,No,20,Yes,No,DSL,No,Yes,No,No,No,Yes,Month-to-month,Yes,Electronic check,86.88,1728.27,1,Yes
5301-CNK,Male,0,No,No,72,Yes,No,DSL,No,Yes,No,Yes,No,No,Month-to-month,Yes,Bank transfer (automatic),86.97,6265.61,0,No
7627-QPC,Male,0,No,No,41,Yes,No,DSL,No,No,No,No,Yes,No,Month-to-month,No,Mailed check,74.85,3073.82,3,No
1248-JUO,Female,0,Yes,No,6,Yes,Yes,DSL,No,No,No,Yes,Yes,No,Month-to-month,Yes,Electronic check,94.14,566.02,1,Yes
8975-RCG,Female,0,No,No,11,Yes,Yes,Fiber optic,No,No,No,No,Yes,No,Month-to-month,Yes,Mailed check,106.13,1156.72,0,Yes
9893-JTI,Male,0,No,Yes,7,Yes,No,DSL,Yes,No,No,Yes,No,No,Month-to-month,Yes,Electronic check,82.57,579.07,2,Yes
7966-NKA,Female,0,Yes,Yes,5,Yes,No,Fiber optic,Yes,No,No,Yes,No,Yes,Month-to-month,No,Electronic check,119.52,598.7,2,Yes
6091-ZFV,Female,0,Yes,No,4,No,No phone service,DSL,No,No,Yes,No,No,Yes,Month-to-month,No,Credit card (automatic),66.06,262.13,0,No
2561-VEC,Female,0,No,No,72,Yes,No,No,No internet service,No internet service,No internet service,No internet service,No internet service,No internet service,Two year,Yes,Credit card (automatic),37.88,2742.25,5,No
4656-SSQ,Male,0,Yes,No,60,Yes,Yes,Fiber optic,No,No,No,No,Yes,No,One year,Yes,Bank transfer (automatic),104.11,6257.85,4,No
9081-KLC,Male,0,No,Yes,17,Yes,Yes,Fiber optic,No,Yes,No,No,No,No,Month-to-month,Yes,Credit card (automatic),105.8,1808.34,5,Yes
1209-XFG,Male,0,No,Yes,20,Yes,Yes,Fiber optic,Yes,Yes,No,No,No,No,Month-to-month,No,Bank transfer (automatic),114.3,2282.64,1,Yes
5945-MVS,Male,0,Yes,No,46,Yes,No,No,No internet service,No internet service,No internet service,No internet service,No internet service,No internet service,One year,Yes,Electronic check,39.77,1834.22,1,No
3824-CWL,Male,0,No,No,27,Yes,Yes,Fiber optic,Yes,No,No,No,Yes,Yes,Month-to-month,Yes,Credit card (automatic),126.47,3427.02,0,No
3163-XRH,Male,1,No,No,33,Yes,No,Fiber optic,No,No,No,No,Yes,Yes,One year,Yes,Electronic check,108.23,3578.14,2,No
6448-MHV,Male,0,Yes,No,40,Yes,No,Fiber optic,Yes,Yes,No,Yes,No,Yes,Month-to-month,Yes,Mailed check,128.3,5128.4,2,No
2513-QGQ,Female,0,No,No,17,Yes,No,No,No internet service,No internet service,No internet service,No internet service,No internet service,No internet service,Month-to-month,No,Mailed check,39.57,672.16,1,No
6238-RXB,Female,0,No,No,72,Yes,Yes,Fiber optic,No,No,No,Yes,No,Yes,One year,No,Mailed check,116.01,8366.78,5,No
3556-SAU,Male,0,No,No,25,Yes,Yes,Fiber optic,Yes,No,Yes,Yes,No,No,One year,No,Bank transfer (automatic),126.19,3141.96,0,No
3164-JUN,Female,0,Yes,No,26,Yes,Yes,DSL,No,No,No,No,No,Yes,Month-to-month,No,Electronic check,85.02,2201.69,4,Yes
3021-FSU,Female,0,No,Yes,4,Yes,Yes,No,No internet service,No internet service,No internet service,No internet service,No internet service,No internet service,One year,No,Bank transfer (automatic),51.51,218.04,2,No
6969-USE,Male,0,Yes,No,72,Yes,No,Fiber optic,No,No,Yes,Yes,No,No,Month-to-month,Yes,Mailed check,104.54,7514.61,2,No
7168-KJQ,Female,0,No,Yes,2,Yes,No,DSL,No,Yes,No,Yes,No,Yes,Two year,No,Electronic check,95.31,193.8,2,No
8203-ZUR,Female,0,Yes,No,72,Yes,No,Fiber optic,No,Yes,No,Yes,No,No,Month-to-month,No,Credit card (automatic),106.2,7649.81,3,No
6307-RAN,Male,0,No,Yes,61,Yes,No,Fiber optic,Yes,Yes,Yes,No,Yes,No,Month-to-month,Yes,Mailed check,125.93,7670.71,1,No
9129-SOB,Male,0,Yes,Yes,49,Yes,Yes,DSL,No,No,Yes,Yes,No,No,Month-to-month,No,Credit card (automatic),95.92,4691.37,0,No
8459-ASU,Female,0,Yes,No,28,No,No phone service,Fiber optic,No,Yes,Yes,Yes,Yes,No,One year,No,Electronic check,104.13,2906.37,3,No
3857-ATV,Male,0,Yes,No,24,Yes,No,Fiber optic,No,Yes,No,No,Yes,No,Month-to-month,Yes,Credit card (automatic),109.56,2639.26,2,Yes
9291-GGV,Male,0,No,Yes,72,Yes,Yes,DSL,Yes,No,Yes,Yes,Yes,No,Month-to-month,No,Electronic check,114.81,8271.23,1,No
3737-MJX,Female,0,Yes,No,72,Yes,No,No,No internet service,No internet service,No internet service,No internet service,No internet service,No internet service,One year,Yes,Credit card (automatic),41.82,3013.72,0,No
2607-JNN,Male,0,No,No,42,No,No phone service,DSL,No,Yes,Yes,Yes,No,Yes,Month-to-month,No,Bank transfer (automatic),85.81,3618.7,5,No
5682-FUA,Female,0,Yes,Yes,3,Yes,Yes,Fiber optic,No,Yes,No,No,No,No,Month-to-month,Yes,Bank transfer (automatic),104.25,319.03,1,Yes
7609-CTK,Male,0,No,No,12,Yes,No,Fiber optic,Yes,Yes,No,Yes,No,Yes,Month-to-month,Yes,Mailed check,126.42,1530.37,4,Yes
8250-UXX,Female,0,No,No,51,Yes,Yes,DSL,Yes,No,No,Yes,No,No,Month-to-month,No,Bank transfer (automatic),94.73,4829.56,4,No
7723-YJB,Male,0,Yes,No,31,Yes,Yes,Fiber optic,Yes,Yes,Yes,Yes,No,No,Month-to-month,No,Credit card (automatic),134.99,4194.0,2,No
2248-FKJ,Female,0,Yes,No,4,Yes,No,Fiber optic,No,No,Yes,No,No,Yes,One year,No,Electronic check,108.85,428.82,1,Yes
7444-ABC,Male,0,Yes,Yes,11,Yes,No,Fiber optic,No,No,No,No,Yes,Yes,Month-to-month,No,Mailed check,108.64,1188.46,1,Yes
8017-JLR,Female,0,No,Yes,1,Yes,Yes,Fiber optic,Yes,Yes,Yes,No,No,Yes,Month-to-month,No,Electronic check,136.77,146.47,2,Yes
1660-UAC,Male,0,Yes,Yes,56,Yes,No,No,No internet service,No internet service,No internet service,No internet service,No internet service,No internet service,Month-to-month,No,Bank transfer (automatic),37.32,2100.85,5,No
8512-ZQH,Female,0,No,Yes,35,No,No phone service,DSL,No,Yes,No,No,Yes,Yes,Month-to-month,Yes,Mailed check,76.98,2690.84,2,No
4600-IFQ,Male,0,Yes,No,15,Yes,Yes,DSL,Yes,No,No,Yes,No,No,Month-to-month,No,Credit card (automatic),94.39,1404.79,1,No
2767-UGG,Female,1,Yes,No,36,Yes,Yes,No,No internet service,No internet service,No internet service,No internet service,No internet service,No internet service,Month-to-month,Yes,Electronic check,51.94,1864.85,1,No
9949-HIO,Female,0,No,No,68,Yes,No,No,No internet service,No internet service,No internet service,No internet service,No internet service,No internet service,Month-to-month,No,Electronic check,38.25,2591.53,4,No
7337-GOR,Male,0,Yes,Yes,9,Yes,Yes,No,No internet service,No internet service,No internet service,No internet service,No internet service,No internet service,One year,No,Electronic check,52.85,479.16,3,Yes
8409-JVR,Male,0,No,No,9,Yes,No,DSL,No,Yes,No,No,Yes,No,One year,Yes,Electronic check,88.1,785.89,0,No
5896-GCN,Female,0,No,No,17,Yes,Yes,DSL,No,Yes,No,No,No,No,Month-to-month,No,Bank transfer (automatic),85.42,1458.78,0,No
7059-NDM,Male,0,Yes,No,31,Yes,Yes,Fiber optic,No,No,No,No,No,No,Two year,Yes,Mailed check,96.3,2971.52,1,No
7276-TYF,Female,0,No,Yes,72,Yes,Yes,No,No internet service,No internet service,No internet service,No internet service,No internet service,No internet service,Month-to-month,No,Mailed check,51.23,3686.87,3,No
1037-GXX,Female,0,Yes,Yes,5,Yes,No,DSL,No,No,No,No,Yes,No,Month-to-month,Yes,Mailed check,79.72,386.31,2,Yes
1473-MLS,Female,0,No,Yes,11,Yes,No,Fiber optic,No,No,No,No,Yes,Yes,Two year,Yes,Electronic check,106.71,1182.11,1,No
3614-WAH,Female,0,Yes,Yes,12,No,No phone service,DSL,No,No,No,Yes,No,No,Month-to-month,No,Credit card (automatic),56.41,672.96,2,No
9276-VSU,Female,0,No,No,33,Yes,No,Fiber optic,Yes,No,No,Yes,No,Yes,Month-to-month,Yes,Electronic check,119.64,3957.37,0,No
7436-QCS,Female,0,Yes,Yes,55,Yes,No,DSL,Yes,No,No,No,Yes,No,Month-to-month,Yes,Bank transfer (automatic),87.74,4831.5,1,No
3076-WAW,Male,0,No,Yes,6,Yes,No,DSL,No,No,No,No,No,No,Month-to-month,Yes,Mailed check,62.56,386.29,1,Yes
5787-IWE,Female,0,No,No,32,No,No phone service,Fiber optic,No,No,No,No,No,Yes,One year,No,Mailed check,74.43,2394.63,1,No
8494-YZF,Female,0,Yes,No,61,Yes,Yes,DSL,Yes,No,Yes,No,No,No,Month-to-month,Yes,Bank transfer (automatic),94.7,5764.41,1,No
7832-VQM,Female,0,Yes,No,4,Yes,Yes,No,No internet service,No internet service,No internet service,No internet service,No internet service,No internet service,One year,No,Credit card (automatic),49.58,185.76,3,No
4787-DHE,Female,0,No,Yes,26,Yes,Yes,Fiber optic,No,Yes,Yes,No,Yes,No,Month-to-month,Yes,Electronic check,124.89,3252.69,1,Yes
1932-MZK,Female,0,Yes,Yes,6,Yes,No,DSL,Yes,Yes,Yes,No,No,No,One year,Yes,Bank transfer (automatic),96.78,569.54,2,No
5852-HQW,Male,0,No,No,15,No,No phone service,Fiber optic,No,No,Yes,No,Yes,No,Month-to-month,Yes,Electronic check,89.59,1352.4,1,Yes
4646-STQ,Male,0,No,No,4,Yes,Yes,No,No internet service,No internet service,No internet service,No internet service,No internet service,No internet service,Month-to-month,Yes,Bank transfer (automatic),52.51,220.16,2,Yes
3054-ZCS,Female,0,No,No,29,Yes,No,Fiber optic,Yes,Yes,No,No,No,Yes,Month-to-month,Yes,Credit card (automatic),117.13,3408.34,1,Yes
3802-XIJ,Female,0,No,Yes,13,No,No phone service,Fiber optic,No,Yes,No,No,Yes,No,Two year,Yes,Mailed check,86.25,1117.36,2,No
9313-OZA,Female,1,Yes,Yes,21,Yes,No,DSL,Yes,No,No,No,Yes,No,Month-to-month,Yes,Mailed check,88.58,1874.97,4,No
4037-YFO,Male,0,No,No,19,Yes,No,Fiber optic,No,No,Yes,No,No,No,Month-to-month,No,Electronic check,92.56,1762.23,1,Yes
2368-FRA,Male,0,Yes,No,30,Yes,Yes,Fiber optic,No,No,No,No,No,No,Two year,Yes,Credit card (automatic),95.15,2862.14,4,No
4773-XCQ,Female,0,Yes,No,57,Yes,Yes,Fiber optic,No,Yes,No,No,No,No,One year,Yes,Credit card (automatic),103.71,5919.46,0,No
3415-HQH,Male,0,Yes,No,9,Yes,No,Fiber optic,No,Yes,Yes,No,Yes,No,Month-to-month,Yes,Bank transfer (automatic),118.01,1062.87,5,Yes
8101-ILY,Female,0,No,No,23,Yes,No,No,No internet service,No internet service,No internet service,No internet service,No internet service,No internet service,One year,No,Electronic check,39.48,914.38,1,No
9306-DUV,Female,0,Yes,No,22,Yes,No,No,No internet service,No internet service,No internet service,No internet service,No internet service,No internet service,Month-to-month,Yes,Electronic check,39.59,877.83,1,No
9330-DNN,Male,0,No,No,10,No,No phone service,No,No internet service,No internet service,No internet service,No internet service,No internet service,No internet service,One year,No,Credit card (automatic),18.5,193.2,3,No
7437-QBH,Male,0,Yes,No,18,Yes,Yes,Fiber optic,No,Yes,Yes,No,No,Yes,Two year,No,Electronic check,127.26,2289.44,1,No
2315-JGD,Male,0,Yes,No,2,Yes,No,DSL,Yes,No,No,No,Yes,No,Month-to-month,No,Electronic check,85.19,182.78,5,Yes
2549-PYI,Male,0,No,Yes,14,Yes,Yes,Fiber optic,No,No,No,No,Yes,Yes,Two year,Yes,Bank transfer (automatic),120.1,1678.15,3,No
7659-XFA,Male,0,Yes,Yes,8,Yes,Yes,Fiber optic,Yes,Yes,No,Yes,No,No,One year,Yes,Mailed check,127.44,1032.07,1,No
1510-GAS,Female,0,Yes,No,50,Yes,No,DSL,Yes,No,No,Yes,No,No,Month-to-month,No,Electronic check,87.43,4368.27,3,No
1064-AGU,Male,0,No,Yes,12,No,No phone service,DSL,Yes,No,Yes,No,No,No,Month-to-month,No,Credit card (automatic),65.2,780.32,3,Yes
7124-APV,Female,0,Yes,No,6,Yes,No,Fiber optic,No,No,No,No,Yes,No,Two year,No,Electronic check,96.18,584.59,2,No
7109-VND,Male,1,Yes,No,19,Yes,No,Fiber optic,No,No,No,Yes,Yes,No,Month-to-month,No,Electronic check,105.45,2013.88,2,Yes
2238-WLY,Female,0,Yes,Yes,42,Yes,Yes,No,No internet service,No internet service,No internet service,No internet service,No internet service,No internet service,Month-to-month,Yes,Credit card (automatic),48.57,2044.66,1,No
6620-OJC,Male,0,No,No,11,Yes,No,No,No internet service,No internet service,No internet service,No internet service,No internet service,No internet service,Month-to-month,Yes,Bank transfer (automatic),41.97,463.71,2,No
5470-TTL,Male,0,No,Yes,47,Yes,No,Fiber optic,No,Yes,No,Yes,No,No,Month-to-month,Yes,Mailed check,106.55,5004.88,3,No
8177-ROB,Female,0,Yes,Yes,10,Yes,No,DSL,No,Yes,No,Yes,Yes,Yes,One year,No,Mailed check,111.76,1115.7,1,No
2840-HVV,Male,0,Yes,No,34,Yes,No,DSL,Yes,No,Yes,Yes,No,No,Month-to-month,Yes,Mailed check,94.43,3213.76,1,No
2561-ZIU,Female,0,Yes,No,4,Yes,No,DSL,Yes,No,No,Yes,Yes,No,Month-to-month,Yes,Mailed check,96.17,378.1,1,No
5190-TKF,Male,0,Yes,Yes,2,Yes,No,Fiber optic,No,No,Yes,No,No,No,Month-to-month,No,Electronic check,92.8,184.62,4,Yes
4597-AGX,Female,0,No,Yes,34,Yes,No,No,No internet service,No internet service,No internet service,No internet service,No internet service,No internet service,Two year,No,Credit card (automatic),40.33,1363.12,2,No
3634-XWP,Female,0,Yes,No,12,No,No phone service,No,No internet service,No internet service,No internet service,No internet service,No internet service,No internet service,Two year,No,Electronic check,18.5,214.02,2,No
7194-BOC,Male,0,No,Yes,13,Yes,Yes,DSL,No,No,No,Yes,Yes,No,One year,No,Electronic check,96.61,1251.08,0,No
2523-VGL,Male,1,No,No,22,Yes,No,Fiber optic,No,No,No,Yes,No,Yes,Two year,No,Electronic check,109.79,2428.62,3,No
7403-JFY,Male,0,No,No,72,Yes,Yes,Fiber optic,No,No,No,No,Yes,No,Month-to-month,Yes,Bank transfer (automatic),109.62,7898.7,1,No
7301-VNC,Male,1,Yes,Yes,5,Yes,No,Fiber optic,No,No,Yes,Yes,Yes,No,Two year,Yes,Credit card (automatic),114.86,565.5,2,No
3288-KJZ,Male,0,No,No,9,Yes,Yes,No,No internet service,No internet service,No internet service,No internet service,No internet service,No internet service,Month-to-month,Yes,Bank transfer (automatic),49.25,436.88,2,Yes
8796-JJC,Female,0,No,No,27,Yes,No,Fiber optic,No,Yes,No,Yes,No,Yes,Month-to-month,No,Mailed check,119.31,3231.87,2,No
4959-ZOQ,Male,0,Yes,No,31,Yes,No,Fiber optic,No,Yes,No,No,No,Yes,Month-to-month,Yes,Mailed check,104.88,3263.97,3,Yes
6338-RSS,Male,0,No,Yes,31,No,No phone service,Fiber optic,No,No,Yes,No,No,No,Month-to-month,Yes,Electronic check,73.86,2297.95,1,No
4927-EXP,Female,1,No,Yes,23,Yes,Yes,Fiber optic,No,Yes,No,No,No,No,Two year,Yes,Electronic check,102.55,2369.45,2,No
1413-OOF,Female,0,Yes,No,23,Yes,No,No,No internet service,No internet service,No internet service,No internet service,No internet service,No internet service,Month-to-month,No,Electronic check,42.62,992.09,4,No
7571-BTI,Male,0,No,No,5,Yes,No,Fiber optic,Yes,No,Yes,Yes,Yes,Yes,One year,Yes,Bank transfer (automatic),138.44,683.73,3,Yes
6892-UZH,Female,1,Yes,No,45,Yes,No,No,No internet service,No internet service,No internet service,No internet service,No internet service,No internet service,One year,Yes,Mailed check,38.69,1740.57,1,No
6909-JGV,Male,1,Yes,Yes,1,Yes,No,Fiber optic,No,Yes,Yes,Yes,Yes,No,Month-to-month,Yes,Bank transfer (automatic),125.38,130.18,5,Yes
5221-EPO,Female,0,No,No,14,No,No phone service,Fiber optic,No,No,No,No,No,No,Month-to-month,Yes,Bank transfer (automatic),65.31,927.68,4,Yes
9580-CWJ,Female,0,No,No,7,Yes,Yes,DSL,Yes,No,No,No,No,No,Two year,Yes,Credit card (automatic),83.82,589.27,4,No
2028-WOR,Female,0,No,No,3,Yes,Yes,Fiber optic,Yes,No,No,No,No,Yes,One year,Yes,Mailed check,115.44,358.71,3,Yes
6656-HUB,Male,0,Yes,Yes,10,Yes,No,Fiber optic,Yes,Yes,No,No,Yes,Yes,One year,Yes,Electronic check,128.77,1281.45,3,Yes
2878-HDS,Female,1,No,No,27,Yes,No,DSL,Yes,No,Yes,Yes,No,Yes,Two year,Yes,Electronic check,108.47,2935.73,3,No
5735-WRU,Male,0,No,No,18,Yes,Yes,DSL,No,Yes,No,No,No,Yes,Month-to-month,No,Electronic check,97.22,1745.93,1,Yes
6852-WAT,Male,0,No,Yes,52,No,No phone service,Fiber optic,Yes,Yes,No,No,No,No,One year,No,Electronic check,87.4,4551.65,1,No
5270-RVL,Male,1,No,No,23,Yes,Yes,No,No internet service,No internet service,No internet service,No internet service,No internet service,No internet service,One year,No,Bank transfer (automatic),47.03,1074.63,4,No
2376-GSA,Female,0,No,No,8,Yes,No,Fiber optic,No,No,No,No,No,No,Month-to-month,No,Mailed check,85.67,680.63,4,Yes
1062-XGB,Male,1,Yes,No,19,Yes,No,No,No internet service,No internet service,No internet service,No internet service,No internet service,No internet service,Two year,Yes,Credit card (automatic),41.4,790.1,3,No
7566-SMY,Female,0,Yes,No,7,Yes,Yes,No,No internet service,No internet service,No internet service,No internet service,No internet service,No internet service,Two year,Yes,Electronic check,47.87,340.77,1,No
2234-AAR,Female,0,Yes,No,5,Yes,No,Fiber optic,No,No,No,Yes,No,No,Month-to-month,Yes,Credit card (automatic),93.42,457.51,3,Yes
2952-EIL,Male,0,No,No,72,Yes,Yes,DSL,No,No,No,Yes,No,Yes,Month-to-month,Yes,Electronic check,98.55,7085.82,2,No
1968-RWK,Male,0,Yes,No,16,Yes,Yes,No,No internet service,No internet service,No internet service,No internet service,No internet service,No internet service,Month-to-month,Yes,Credit card (automatic),52.13,846.63,1,No
9338-VYJ,Male,0,No,No,27,Yes,No,Fiber optic,No,No,Yes,No,No,No,Month-to-month,Yes,Electronic check,92.44,2490.07,3,Yes
9734-TBS,Male,0,Yes,No,52,Yes,Yes,Fiber optic,No,No,Yes,No,No,No,Month-to-month,Yes,Electronic check,104.51,5438.45,1,No
4359-JIH,Male,0,No,Yes,10,Yes,Yes,Fiber optic,No,No,No,No,No,No,Month-to-month,No,Bank transfer (automatic),93.26,918.64,1,Yes
9921-KIT,Female,0,Yes,No,39,Yes,No,DSL,Yes,No,No,No,No,No,Two year,No,Mailed check,77.58,3039.75,4,No
3555-TIH,Female,0,Yes,No,39,Yes,Yes,DSL,No,No,No,Yes,Yes,No,Month-to-month,No,Credit card (automatic),95.95,3754.05,1,No
8931-OBX,Male,0,Yes,No,44,Yes,Yes,Fiber optic,Yes,Yes,Yes,No,No,Yes,One year,Yes,Electronic check,138.19,6077.76,4,No
3912-IIM,Male,0,Yes,Yes,6,Yes,No,No,No internet service,No internet service,No internet service,No internet service,No internet service,No internet service,Month-to-month,Yes,Bank transfer (automatic),40.14,227.18,1,No
2242-UEC,Male,0,No,No,72,Yes,Yes,DSL,Yes,Yes,Yes,Yes,Yes,No,One year,Yes,Mailed check,127.29,9174.49,1,No
4412-DQP,Female,0,No,No,9,Yes,No,No,No internet service,No internet service,No internet service,No internet service,No internet service,No internet service,Month-to-month,Yes,Credit card (automatic),40.17,358.62,1,Yes
8160-ZTC,Female,0,No,Yes,38,Yes,Yes,DSL,No,Yes,Yes,No,Yes,No,Month-to-month,Yes,Electronic check,105.75,4007.68,1,No
5960-UPO,Male,0,No,No,5,Yes,Yes,Fiber optic,No,No,Yes,No,No,Yes,Month-to-month,Yes,Credit card (automatic),118.09,583.22,2,Yes
3025-YOF,Male,0,Yes,Yes,65,Yes,Yes,DSL,No,No,No,No,No,No,One year,Yes,Electronic check,77.85,5054.6,2,No
5823-XQA,Female,0,No,No,14,Yes,No,No,No internet service,No internet service,No internet service,No internet service,No internet service,No internet service,Month-to-month,Yes,Credit card (automatic),37.33,519.44,4,Yes
1539-DTP,Female,0,No,No,28,Yes,No,DSL,Yes,Yes,No,No,No,No,One year,Yes,Credit card (automatic),85.25,2398.93,2,No
6959-AZS,Male,0,No,No,48,Yes,Yes,DSL,Yes,No,Yes,No,Yes,No,Month-to-month,Yes,Electronic check,106.98,5144.82,1,No
6546-QYJ,Male,0,Yes,Yes,9,Yes,No,No,No internet service,No internet service,No internet service,No internet service,No internet service,No internet service,Two year,Yes,Mailed check,38.66,350.34,2,No
3758-LOH,Female,0,Yes,No,13,Yes,No,Fiber optic,No,No,No,No,No,No,Month-to-month,No,Credit card (automatic),86.82,1120.76,3,Yes
3500-NBP,Female,0,Yes,No,10,No,No phone service,Fiber optic,No,No,No,Yes,No,Yes,One year,Yes,Mailed check,89.56,904.57,4,Yes
3364-QCW,Female,0,Yes,Yes,9,Yes,No,No,No internet service,No internet service,No internet service,No internet service,No internet service,No internet service,One year,Yes,Electronic check,42.93,391.28,1,No
7458-RRD,Female,0,Yes,No,18,Yes,No,Fiber optic,Yes,No,No,Yes,No,No,One year,Yes,Electronic check,102.44,1853.07,6,Yes
8630-SSJ,Female,0,Yes,No,20,Yes,No,DSL,No,No,Yes,No,No,Yes,One year,Yes,Bank transfer (automatic),88.57,1765.18,4,No
9594-KGE,Male,0,Yes,No,2,Yes,No,Fiber optic,No,No,Yes,No,No,No,Month-to-month,No,Electronic check,94.47,188.36,2,Yes
7155-SOL,Male,0,Yes,No,28,Yes,Yes,DSL,No,No,Yes,Yes,No,No,Month-to-month,No,Electronic check,95.32,2659.27,4,Yes
2149-LRQ,Female,0,No,No,14,Yes,No,No,No internet service,No internet service,No internet service,No internet service,No internet service,No internet service,Two year,Yes,Electronic check,42.58,595.68,2,No
6938-PKB,Female,1,No,No,56,No,No phone service,Fiber optic,Yes,No,No,No,No,No,Two year,Yes,Bank transfer (automatic),74.8,4203.39,1,No
1751-AQR,Female,0,Yes,No,55,Yes,Yes,DSL,No,No,No,No,No,No,Month-to-month,Yes,Credit card (automatic),72.07,3965.58,2,No
1700-YME,Female,1,No,No,32,Yes,Yes,DSL,Yes,Yes,Yes,No,No,No,One year,No,Credit card (automatic),105.15,3356.08,2,No
4032-XFA,Male,0,No,No,49,Yes,No,No,No internet service,No internet service,No internet service,No internet service,No internet service,No internet service,Two year,Yes,Bank transfer (automatic),42.65,2081.14,1,No
6796-AWZ,Male,1,Yes,No,64,Yes,No,Fiber optic,No,No,No,Yes,No,Yes,Month-to-month,Yes,Electronic check,107.69,6878.67,0,No
3314-XXG,Male,0,Yes,No,22,Yes,Yes,DSL,No,Yes,Yes,No,No,Yes,One year,Yes,Electronic check,108.04,2373.69,0,No
2649-UTU,Male,0,Yes,No,72,Yes,Yes,DSL,No,No,No,No,No,No,One year,Yes,Bank transfer (automatic),77.82,5596.3,1,No
4800-ODP,Female,0,No,No,72,Yes,No,Fiber optic,No,No,No,No,No,Yes,Two year,No,Credit card (automatic),98.38,7077.84,1,No
8054-LHH,Female,0,Yes,No,3,Yes,Yes,DSL,No,No,No,No,No,Yes,Month-to-month,Yes,Bank transfer (automatic),88.34,270.25,1,Yes
9433-FEB,Male,0,No,Yes,19,Yes,No,Fiber optic,No,No,Yes,No,Yes,No,One year,Yes,Credit card (automatic),108.38,2062.92,3,No
8115-ZDW,Female,1,No,No,4,Yes,Yes,No,No internet service,No internet service,No internet service,No internet service,No internet service,No internet service,Month-to-month,Yes,Bank transfer (automatic),49.92,212.96,1,No
3256-PIZ,Male,0,No,No,29,Yes,Yes,DSL,Yes,No,No,No,No,No,One year,Yes,Credit card (automatic),84.11,2435.54,1,No
8387-AOL,Female,0,Yes,Yes,37,Yes,Yes,DSL,Yes,No,No,No,No,No,Month-to-month,Yes,Mailed check,87.0,3229.15,0,No
3487-RTB,Female,1,Yes,No,55,Yes,Yes,Fiber optic,No,No,No,Yes,No,Yes,Month-to-month,Yes,Electronic check,114.85,6328.64,2,No
5517-VLR,Male,1,Yes,Yes,27,Yes,No,Fiber optic,No,No,No,No,No,No,Month-to-month,Yes,Electronic check,86.18,2320.96,4,Yes
5703-TDA,Female,0,Yes,No,16,Yes,Yes,Fiber optic,No,No,Yes,No,No,Yes,One year,Yes,Mailed check,117.93,1881.39,1,No
7286-RNC,Female,1,No,No,5,Yes,Yes,DSL,No,No,Yes,No,No,Yes,Two year,No,Electronic check,97.18,499.15,4,Yes
4716-XVC,Female,0,No,No,4,Yes,No,Fiber optic,No,Yes,Yes,No,No,Yes,Two year,No,Bank transfer (automatic),116.19,461.47,1,No
2653-GFZ,Male,0,No,No,17,Yes,Yes,DSL,Yes,No,No,No,No,Yes,Month-to-month,No,Electronic check,96.81,1659.0,0,No
4403-TWY,Female,0,Yes,No,45,Yes,Yes,DSL,Yes,No,No,Yes,No,No,Month-to-month,No,Mailed check,96.0,4313.82,3,No
7940-RIS,Female,0,Yes,No,35,Yes,No,Fiber optic,No,No,Yes,Yes,Yes,No,Two year,No,Bank transfer (automatic),118.49,4158.32,4,No
4194-OVH,Female,0,No,No,54,Yes,Yes,Fiber optic,No,No,Yes,Yes,Yes,No,Month-to-month,Yes,Electronic check,124.4,6715.8,4,Yes
6350-VRP,Male,0,No,No,42,Yes,No,No,No internet service,No internet service,No internet service,No internet service,No internet service,No internet service,Month-to-month,Yes,Bank transfer (automatic),39.4,1657.33,5,No
1129-DTP,Female,0,Yes,No,6,No,No phone service,DSL,No,No,No,Yes,No,Yes,One year,Yes,Mailed check,64.79,388.44,0,No
2858-XWB,Female,0,No,No,6,Yes,Yes,Fiber optic,Yes,Yes,No,No,No,Yes,Month-to-month,Yes,Bank transfer (automatic),127.92,777.64,7,Yes
4097-YEB,Male,0,Yes,Yes,16,Yes,No,Fiber optic,Yes,No,Yes,Yes,No,No,Month-to-month,Yes,Credit card (automatic),116.5,1856.83,3,Yes
1723-BBV,Female,0,Yes,No,6,Yes,Yes,DSL,Yes,No,No,Yes,Yes,Yes,Month-to-month,No,Mailed check,120.15,709.19,1,Yes
2299-RYT,Female,0,No,No,6,Yes,Yes,DSL,Yes,No,No,No,No,Yes,Month-to-month,Yes,Credit card (automatic),94.52,560.14,3,Yes
1152-UNO,Female,0,No,No,8,Yes,Yes,DSL,No,No,Yes,No,No,Yes,One year,No,Electronic check,96.61,787.33,1,No
4051-KKG,Male,0,Yes,Yes,1,No,No phone service,No,No internet service,No internet service,No internet service,No internet service,No internet service,No internet service,Month-to-month,No,Credit card (automatic),19.71,30.74,2,Yes
7347-PEB,Female,0,No,Yes,22,Yes,No,DSL,No,No,Yes,No,Yes,No,Month-to-month,No,Mailed check,87.8,1921.5,5,Yes
1949-PWO,Female,1,No,Yes,13,Yes,No,No,No internet service,No internet service,No internet service,No internet service,No internet service,No internet service,Month-to-month,No,Credit card (automatic),41.54,553.13,2,Yes
8082-FMS,Male,0,No,No,7,Yes,Yes,Fiber optic,Yes,No,No,No,No,Yes,Two year,No,Bank transfer (automatic),116.58,815.15,3,No
8593-XSE,Male,0,No,No,4,Yes,No,No,No internet service,No internet service,No internet service,No internet service,No internet service,No internet service,Two year,Yes,Mailed check,42.5,165.81,4,No
3296-UGK,Female,1,Yes,No,16,Yes,No,DSL,No,No,No,No,Yes,Yes,Month-to-month,No,Bank transfer (automatic),87.05,1392.8,1,No
8028-PRU,Female,0,Yes,No,24,Yes,Yes,Fiber optic,No,Yes,Yes,No,Yes,No,One year,No,Electronic check,126.5,3023.22,3,Yes
5021-ONS,Female,0,No,No,72,Yes,Yes,Fiber optic,No,No,No,No,Yes,No,Month-to-month,No,Bank transfer (automatic),109.13,7851.19,3,No
9954-EDM,Male,0,No,No,8,No,No phone service,Fiber optic,No,Yes,No,No,No,No,Two year,No,Mailed check,76.97,630.66,3,No
8057-LWU,Female,0,Yes,No,1,Yes,No,Fiber optic,No,Yes,Yes,No,No,Yes,Two year,Yes,Electronic check,119.81,131.25,5,Yes
9878-WID,Male,0,No,Yes,34,Yes,No,Fiber optic,No,Yes,No,Yes,No,Yes,Month-to-month,Yes,Electronic check,114.55,3909.39,1,No
4624-MJP,Female,0,No,No,7,Yes,No,DSL,No,Yes,No,No,No,No,Two year,No,Electronic check,76.69,545.58,1,No
2693-MDU,Male,0,No,Yes,17,No,No phone service,Fiber optic,No,No,Yes,Yes,No,Yes,Month-to-month,Yes,Bank transfer (automatic),98.57,1667.38,2,Yes
1684-UHM,Male,0,No,No,42,Yes,No,Fiber optic,No,No,No,No,No,Yes,Month-to-month,No,Mailed check,99.97,4206.21,3,Yes
6454-TTM,Male,0,No,No,1,Yes,Yes,Fiber optic,No,Yes,No,Yes,No,No,One year,No,Credit card (automatic),115.0,103.35,2,Yes
8350-EVV,Female,0,Yes,No,4,Yes,No,Fiber optic,Yes,Yes,Yes,Yes,No,No,Month-to-month,No,Bank transfer (automatic),126.81,510.94,1,Yes
6919-FZE,Male,0,Yes,No,3,Yes,Yes,Fiber optic,No,Yes,Yes,Yes,No,No,One year,Yes,Mailed check,127.96,396.18,4,Yes
2292-EYM,Male,0,Yes,No,7,Yes,Yes,Fiber optic,No,Yes,No,Yes,Yes,No,Month-to-month,Yes,Bank transfer (automatic),124.12,866.65,2,Yes
8902-TWH,Female,0,No,No,5,Yes,No,DSL,No,No,No,No,Yes,No,Month-to-month,No,Credit card (automatic),78.4,396.15,2,Yes
2979-IUS,Male,0,No,No,10,Yes,No,DSL,No,No,No,Yes,Yes,No,One year,Yes,Credit card (automatic),84.73,856.49,1,No
2918-TOZ,Male,0,Yes,No,35,Yes,Yes,Fiber optic,No,No,No,No,Yes,No,Month-to-month,Yes,Mailed check,108.31,3804.81,4,Yes
5661-JKE,Female,0,Yes,No,2,Yes,No,No,No internet service,No internet service,No internet service,No internet service,No internet service,No internet service,Month-to-month,No,Bank transfer (automatic),39.29,86.89,1,Yes
4048-KSB,Male,0,Yes,No,2,Yes,No,Fiber optic,No,Yes,No,No,Yes,No,One year,Yes,Mailed check,104.43,205.87,3,Yes
9741-WUA,Female,0,No,No,21,Yes,No,DSL,No,Yes,Yes,No,Yes,Yes,Month-to-month,No,Credit card (automatic),110.69,2314.97,1,Yes
7811-NTZ,Female,1,Yes,No,19,Yes,Yes,DSL,Yes,No,No,No,No,Yes,Month-to-month,No,Electronic check,95.58,1821.25,2,No
8108-QOF,Female,1,Yes,No,17,Yes,No,Fiber optic,No,No,No,No,Yes,Yes,Month-to-month,Yes,Electronic check,106.37,1800.31,1,Yes
6837-NYQ,Male,0,No,No,19,Yes,No,No,No internet service,No internet service,No internet service,No internet service,No internet service,No internet service,One year,Yes,Credit card (automatic),41.95,811.09,3,No
8167-HSI,Female,1,Yes,No,34,Yes,Yes,DSL,Yes,No,No,No,Yes,No,Month-to-month,Yes,Mailed check,97.79,3333.27,2,No
5426-MMX,Male,0,Yes,No,22,Yes,No,No,No internet service,No internet service,No internet service,No internet service,No internet service,No internet service,Month-to-month,Yes,Credit card (automatic),42.33,936.37,4,Yes
5370-ZUS,Male,1,No,No,16,Yes,No,No,No internet service,No internet service,No internet service,No internet service,No internet service,No internet service,Two year,Yes,Bank transfer (automatic),40.2,652.08,1,No
5862-TVC,Male,0,No,Yes,3,No,No phone service,Fiber optic,Yes,No,Yes,Yes,Yes,Yes,Month-to-month,Yes,Bank transfer (automatic),119.27,352.01,3,Yes
7386-EHN,Male,0,Yes,No,72,Yes,No,DSL,Yes,No,Yes,No,No,Yes,One year,No,Electronic check,97.61,7013.69,1,No
2292-KHS,Female,0,No,No,7,Yes,No,Fiber optic,No,No,No,No,No,Yes,Month-to-month,No,Electronic check,96.2,669.49,1,Yes
3217-ZRZ,Female,1,No,Yes,51,Yes,Yes,No,No internet service,No internet service,No internet service,No internet service,No internet service,No internet service,Two year,No,Mailed check,52.5,2679.06,1,No
6176-GPF,Male,0,No,No,12,Yes,Yes,Fiber optic,No,Yes,No,No,No,No,One year,No,Electronic check,104.12,1258.98,1,Yes
9239-PWX,Male,0,No,No,29,Yes,No,No,No internet service,No internet service,No internet service,No internet service,No internet service,No internet service,Month-to-month,No,Bank transfer (automatic),41.03,1203.25,3,No
7176-XSC,Female,1,No,Yes,16,Yes,No,DSL,Yes,No,No,Yes,No,No,Month-to-month,No,Bank transfer (automatic),82.56,1307.6,2,No
8683-DDJ,Female,0,No,No,11,Yes,No,DSL,No,No,Yes,No,No,No,One year,Yes,Credit card (automatic),73.89,798.39,2,No
3056-HSQ,Female,0,Yes,Yes,24,Yes,No,No,No internet service,No internet service,No internet service,No internet service,No internet service,No internet service,Two year,No,Electronic check,38.33,921.94,1,No
4680-TNV,Male,0,No,No,20,Yes,Yes,Fiber optic,No,Yes,No,Yes,Yes,Yes,One year,No,Electronic check,140.69,2807.39,3,No
4114-CXH,Female,1,Yes,No,7,Yes,Yes,Fiber optic,Yes,No,No,No,No,No,Month-to-month,Yes,Electronic check,105.23,747.14,3,Yes
8512-JQH,Female,1,No,Yes,11,Yes,Yes,DSL,Yes,Yes,No,No,No,Yes,One year,No,Mailed check,106.22,1178.82,3,No
4317-ATU,Female,1,No,No,1,Yes,Yes,No,No internet service,No internet service,No internet service,No internet service,No internet service,No internet service,Month-to-month,Yes,Electronic check,48.38,62.69,1,Yes
5552-LVZ,Male,0,Yes,No,6,Yes,No,Fiber optic,No,No,Yes,Yes,No,No,Month-to-month,No,Mailed check,103.15,610.72,3,Yes
9456-TXC,Female,0,Yes,No,11,Yes,Yes,No,No internet service,No internet service,No internet service,No internet service,No internet service,No internet service,Month-to-month,No,Mailed check,50.5,542.4,2,Yes
4317-IVA,Female,0,Yes,No,72,Yes,Yes,No,No internet service,No internet service,No internet service,No internet service,No internet service,No internet service,Month-to-month,No,Credit card (automatic),49.89,3603.93,3,No
6064-EFS,Female,0,Yes,Yes,19,Yes,Yes,DSL,No,No,Yes,No,No,No,Two year,No,Electronic check,86.34,1645.91,2,No
8775-MTD,Male,0,No,No,31,No,No phone service,Fiber optic,No,No,Yes,No,No,No,One year,Yes,Credit card (automatic),77.83,2424.87,4,No
4819-EJY,Male,0,No,No,28,Yes,Yes,Fiber optic,No,Yes,Yes,No,Yes,Yes,Month-to-month,Yes,Bank transfer (automatic),137.36,3854.03,3,Yes
3780-XGU,Female,0,No,No,72,Yes,No,DSL,No,No,Yes,No,Yes,Yes,Month-to-month,No,Credit card (automatic),98.68,7106.91,2,No
6288-IJJ,Male,1,No,Yes,21,Yes,Yes,DSL,No,No,Yes,No,Yes,Yes,Month-to-month,Yes,Credit card (automatic),109.28,2291.29,4,Yes
9961-DHN,Male,0,Yes,No,23,Yes,Yes,DSL,No,Yes,Yes,Yes,No,No,Month-to-month,Yes,Electronic check,105.43,2425.99,4,Yes
3124-UXR,Female,0,No,No,9,Yes,Yes,Fiber optic,No,Yes,No,Yes,No,No,Two year,No,Credit card (automatic),112.5,1010.74,2,No
9657-MHZ,Male,0,No,No,25,No,No phone service,Fiber optic,No,No,No,No,Yes,Yes,One year,Yes,Credit card (automatic),87.82,2196.88,3,No
6279-LYW,Female,0,Yes,Yes,36,Yes,No,Fiber optic,Yes,Yes,Yes,No,No,No,Month-to-month,No,Credit card (automatic),114.66,4139.05,2,No
3039-UAT,Male,0,Yes,No,3,Yes,Yes,Fiber optic,No,No,No,No,No,No,Month-to-month,Yes,Electronic check,93.19,274.58,5,Yes
4934-RCL,Male,0,Yes,Yes,17,No,No phone service,DSL,Yes,No,Yes,No,Yes,No,Month-to-month,No,Credit card (automatic),79.44,1342.23,3,No
9172-JOT,Female,1,Yes,No,14,Yes,Yes,Fiber optic,Yes,Yes,No,No,Yes,No,Month-to-month,No,Electronic check,124.53,1728.94,2,Yes
3418-CNG,Female,0,No,No,4,Yes,No,Fiber optic,No,No,Yes,Yes,Yes,No,Two year,Yes,Credit card (automatic),114.89,455.32,0,No
3439-KVT,Female,0,Yes,Yes,11,No,No phone service,No,No internet service,No internet service,No internet service,No internet service,No internet service,No internet service,Month-to-month,Yes,Mailed check,18.83,194.48,1,No
2989-KQJ,Male,0,No,Yes,20,Yes,Yes,Fiber optic,No,No,No,No,No,No,Two year,No,Credit card (automatic),93.63,1880.34,2,No
6751-QUB,Male,0,No,No,27,Yes,No,DSL,Yes,Yes,Yes,No,No,No,One year,No,Electronic check,92.84,2493.19,2,No
6885-BLC,Male,0,Yes,Yes,9,Yes,No,No,No internet service,No internet service,No internet service,No internet service,No internet service,No internet service,One year,Yes,Bank transfer (automatic),41.9,382.11,4,No
9951-NHU,Male,1,Yes,No,17,Yes,Yes,DSL,Yes,No,No,No,No,No,Month-to-month,Yes,Electronic check,87.14,1490.33,4,Yes
2785-NCP,Female,0,No,No,34,Yes,Yes,No,No internet service,No internet service,No internet service,No internet service,No internet service,No internet service,Month-to-month,Yes,Credit card (automatic),50.48,1705.34,1,No
9590-GOM,Female,1,No,No,14,Yes,No,No,No internet service,No internet service,No internet service,No internet service,No internet service,No internet service,Month-to-month,Yes,Bank transfer (automatic),41.43,587.81,4,Yes
1238-QDV,Female,0,Yes,Yes,71,Yes,No,Fiber optic,Yes,No,No,No,No,No,Two year,Yes,Mailed check,96.07,6828.22,1,No
9491-SVJ,Female,0,No,No,1,Yes,No,DSL,No,No,No,No,Yes,Yes,Month-to-month,Yes,Mailed check,91.9,85.56,1,Yes
6861-YIB,Female,0,No,No,8,Yes,Yes,DSL,Yes,Yes,No,No,No,No,One year,Yes,Credit card (automatic),95.89,761.85,1,No
5323-IOM,Male,0,Yes,Yes,4,Yes,No,DSL,No,No,No,No,No,Yes,Month-to-month,No,Mailed check,75.61,316.8,4,Yes
1723-HZS,Male,0,No,Yes,20,No,No phone service,Fiber optic,Yes,No,Yes,No,No,No,Month-to-month,No,Electronic check,87.52,1743.37,2,Yes
3834-YPK,Female,0,Yes,No,5,Yes,Yes,No,No internet service,No internet service,No internet service,No internet service,No internet service,No internet service,Month-to-month,Yes,Credit card (automatic),49.4,250.56,3,Yes
5000-JRC,Male,0,Yes,No,34,Yes,No,No,No internet service,No internet service,No internet service,No internet service,No internet service,No internet service,One year,No,Credit card (automatic),38.04,1288.54,1,No
8165-KRC,Male,0,No,No,63,Yes,No,Fiber optic,No,Yes,Yes,Yes,No,Yes,One year,Yes,Bank transfer (automatic),129.49,8167.91,4,No
5671-FON,Male,1,Yes,Yes,6,Yes,Yes,DSL,No,No,No,No,No,No,One year,Yes,Mailed check,73.44,432.35,1,No
1414-JVQ,Female,1,Yes,Yes,60,Yes,No,No,No internet service,No internet service,No internet service,No internet service,No internet service,No internet service,Month-to-month,Yes,Credit card (automatic),41.93,2510.74,4,No
5858-SQL,Male,0,Yes,No,25,Yes,Yes,Fiber optic,No,No,No,No,No,Yes,Month-to-month,Yes,Credit card (automatic),107.15,2678.35,2,Yes
6465-LYI,Female,0,Yes,No,6,Yes,No,Fiber optic,No,No,No,No,No,Yes,Two year,Yes,Credit card (automatic),96.14,575.45,1,No
9260-DLP,Male,1,Yes,No,34,Yes,Yes,No,No internet service,No internet service,No internet service,No internet service,No internet service,No internet service,Month-to-month,No,Bank transfer (automatic),51.28,1754.1,3,No
9898-ZRQ,Male,0,No,No,3,No,No phone service,Fiber optic,No,No,No,Yes,No,Yes,Month-to-month,Yes,Electronic check,89.57,268.62,3,Yes
9123-JBX,Female,0,Yes,No,30,Yes,Yes,Fiber optic,Yes,No,No,No,No,Yes,Month-to-month,Yes,Bank transfer (automatic),117.06,3512.51,3,Yes
9727-CWW,Female,0,Yes,Yes,50,Yes,No,No,No internet service,No internet service,No internet service,No internet service,No internet service,No internet service,One year,Yes,Electronic check,39.91,2002.66,0,No
2345-SBO,Female,0,Yes,No,72,Yes,No,No,No internet service,No internet service,No internet service,No internet service,No internet service,No internet service,Two year,Yes,Bank transfer (automatic),37.82,2727.44,2,No
7647-UCE,Female,0,Yes,No,2,Yes,No,DSL,No,No,No,No,No,No,Month-to-month,Yes,Electronic check,62.0,132.17,0,Yes
3282-XGF,Male,0,Yes,No,2,Yes,No,DSL,No,Yes,No,No,No,No,Month-to-month,No,Electronic check,75.26,142.1,1,Yes
4360-ZQQ,Female,1,No,No,67,Yes,No,DSL,Yes,No,No,No,No,No,One year,Yes,Credit card (automatic),75.49,5058.47,3,No
3925-JHH,Female,0,No,No,39,Yes,Yes,Fiber optic,Yes,Yes,No,No,No,No,Two year,Yes,Bank transfer (automatic),116.21,4533.63,2,No
8110-FDA,Male,1,No,No,38,Yes,No,Fiber optic,Yes,No,Yes,No,No,Yes,Month-to-month,Yes,Bank transfer (automatic),118.05,4499.73,1,No
9814-ATC,Male,0,Yes,Yes,34,Yes,Yes,Fiber optic,No,No,No,Yes,No,No,Two year,Yes,Electronic check,103.7,3516.81,0,No
5726-EED,Male,0,No,No,32,Yes,No,DSL,Yes,No,Yes,No,No,Yes,One year,Yes,Bank transfer (automatic),94.44,3032.52,3,No
7451-NZH,Female,0,No,No,24,Yes,Yes,DSL,Yes,Yes,No,No,Yes,No,Month-to-month,Yes,Credit card (automatic),106.08,2557.63,2,No
4809-HAD,Female,1,No,No,42,Yes,No,No,No internet service,No internet service,No internet service,No internet service,No internet service,No internet service,One year,Yes,Credit card (automatic),41.32,1736.95,4,No
5260-EUT,Male,0,Yes,No,1,Yes,Yes,Fiber optic,Yes,No,No,Yes,No,Yes,Month-to-month,Yes,Bank transfer (automatic),128.41,129.46,2,Yes
2874-LTA,Male,0,Yes,No,34,Yes,No,Fiber optic,Yes,No,No,No,No,Yes,Two year,Yes,Credit card (automatic),107.49,3640.1,2,No
6254-QBK,Male,0,No,Yes,22,Yes,No,Fiber optic,Yes,No,Yes,No,No,Yes,Month-to-month,Yes,Bank transfer (automatic),114.92,2525.68,3,Yes
2210-CVF,Female,0,No,Yes,60,No,No phone service,No,No internet service,No internet service,No internet service,No internet service,No internet service,No internet service,Month-to-month,Yes,Mailed check,18.83,1119.22,1,No
6429-KRR,Male,0,No,No,69,Yes,Yes,DSL,No,No,No,No,Yes,No,One year,Yes,Electronic check,87.52,6045.39,4,No
5758-WUX,Female,0,Yes,No,7,Yes,Yes,Fiber optic,Yes,Yes,No,Yes,No,No,Month-to-month,No,Credit card (automatic),123.26,851.04,2,Yes
8413-OUT,Female,1,Yes,No,39,Yes,No,Fiber optic,No,No,No,No,Yes,Yes,Month-to-month,Yes,Credit card (automatic),109.55,4265.87,2,No
2686-DUU,Male,0,No,No,72,Yes,Yes,Fiber optic,No,No,No,Yes,No,No,Two year,Yes,Electronic check,102.27,7360.75,1,No
1256-OQS,Female,0,Yes,No,8,Yes,Yes,DSL,No,No,No,Yes,Yes,No,One year,Yes,Credit card (automatic),96.01,759.52,2,No
7590-NSR,Female,1,No,Yes,48,Yes,Yes,DSL,Yes,No,No,Yes,Yes,Yes,Month-to-month,No,Mailed check,118.33,5683.06,2,No
5731-BFM,Female,0,Yes,Yes,23,Yes,Yes,DSL,Yes,No,No,No,No,Yes,Two year,Yes,Electronic check,95.97,2195.24,4,No
6748-VEG,Female,1,No,No,13,Yes,No,Fiber optic,No,No,No,No,No,No,Two year,Yes,Credit card (automatic),83.0,1066.57,2,No
9032-MSV,Female,0,Yes,Yes,44,Yes,No,Fiber optic,No,No,No,No,Yes,No,One year,No,Bank transfer (automatic),94.71,4180.0,3,No
9066-ZYA,Female,1,Yes,Yes,52,Yes,No,DSL,No,No,No,No,No,Yes,Month-to-month,Yes,Mailed check,78.09,4070.83,3,No
9167-QMN,Male,0,Yes,Yes,9,No,No phone service,DSL,No,Yes,Yes,Yes,No,No,One year,No,Mailed check,72.76,645.73,4,No
3233-XVW,Female,0,No,No,40,No,No phone service,Fiber optic,No,No,No,No,Yes,Yes,One year,Yes,Credit card (automatic),86.12,3438.82,0,No
7359-FVF,Male,0,Yes,No,2,Yes,No,DSL,No,No,No,No,Yes,Yes,One year,Yes,Mailed check,90.86,184.54,3,No
1615-MRW,Female,0,No,No,14,Yes,No,No,No internet service,No internet service,No internet service,No internet service,No internet service,No internet service,Month-to-month,Yes,Mailed check,42.48,607.32,2,No
2566-DQE,Male,0,No,No,2,No,No phone service,DSL,No,Yes,No,No,Yes,No,Two year,Yes,Mailed check,67.08,143.68,1,No
3339-WEN,Male,0,No,Yes,9,Yes,No,DSL,No,Yes,No,No,Yes,No,Month-to-month,Yes,Credit card (automatic),84.68,751.51,0,No
8374-TQF,Male,0,Yes,No,72,Yes,No,Fiber optic,Yes,No,No,No,Yes,No,Month-to-month,No,Bank transfer (automatic),107.67,7751.03,2,No
1378-JVW,Female,1,Yes,No,34,Yes,No,No,No internet service,No internet service,No internet service,No internet service,No internet service,No internet service,Month-to-month,No,Credit card (automatic),39.13,1342.49,3,No
2007-QNT,Female,0,No,No,36,Yes,Yes,Fiber optic,No,No,No,No,Yes,No,Two year,No,Bank transfer (automatic),105.42,3805.72,3,No
4883-IOL,Female,0,No,No,4,Yes,Yes,No,No internet service,No internet service,No internet service,No internet service,No internet service,No internet service,Month-to-month,Yes,Credit card (automatic),52.23,216.96,2,Yes
2005-ZVR,Female,0,No,No,22,Yes,No,Fiber optic,No,No,No,Yes,No,No,One year,Yes,Mailed check,95.45,2110.91,0,No
6701-DZW,Female,0,Yes,Yes,13,Yes,Yes,Fiber optic,Yes,No,Yes,Yes,No,Yes,Month-to-month,Yes,Bank transfer (automatic),137.57,1799.99,2,Yes
8595-MSV,Female,0,No,No,34,Yes,No,DSL,No,Yes,No,No,Yes,No,One year,Yes,Electronic check,88.5,3000.45,3,No
8020-LTC,Male,1,No,No,5,Yes,No,Fiber optic,Yes,Yes,No,No,No,No,Month-to-month,Yes,Electronic check,102.5,513.77,2,Yes
1205-RSJ,Female,0,No,Yes,9,Yes,Yes,DSL,Yes,Yes,Yes,Yes,Yes,No,One year,Yes,Electronic check,127.05,1131.6,6,Yes
4120-OSI,Female,0,No,Yes,58,Yes,No,DSL,No,No,Yes,No,No,Yes,Month-to-month,No,Credit card (automatic),85.45,4968.67,4,No
9899-OSP,Female,0,No,No,5,Yes,No,No,No internet service,No internet service,No internet service,No internet service,No internet service,No internet service,Month-to-month,No,Electronic check,38.35,197.55,3,Yes
1112-UAG,Male,0,Yes,Yes,26,Yes,No,Fiber optic,Yes,Yes,No,No,Yes,Yes,Month-to-month,No,Mailed check,127.93,3311.69,1,No
9350-RLP,Male,0,No,No,10,Yes,Yes,No,No internet service,No internet service,No internet service,No internet service,No internet service,No internet service,Two year,Yes,Credit card (automatic),49.32,478.85,1,No
3298-OGQ,Male,0,No,Yes,3,No,No phone service,DSL,Yes,No,No,No,No,Yes,Month-to-month,Yes,Mailed check,64.42,178.58,1,Yes
3154-FFO,Male,0,No,No,7,Yes,No,Fiber optic,No,No,Yes,No,No,Yes,Month-to-month,Yes,Credit card (automatic),108.6,769.47,3,Yes
2222-KQW,Female,0,No,Yes,51,Yes,No,No,No internet service,No internet service,No internet service,No internet service,No internet service,No internet service,One year,Yes,Electronic check,42.77,2170.07,3,No
4729-VXU,Female,0,Yes,No,61,Yes,Yes,Fiber optic,No,No,No,Yes,No,No,Month-to-month,Yes,Mailed check,106.88,6509.77,4,No
2561-SHX,Male,0,No,No,14,Yes,No,DSL,No,No,No,No,Yes,Yes,Two year,No,Mailed check,90.04,1258.22,2,No
3675-HUK,Male,0,No,Yes,25,Yes,Yes,Fiber optic,No,No,Yes,No,Yes,No,Month-to-month,Yes,Bank transfer (automatic),119.66,3004.33,1,Yes
9066-WNI,Female,1,Yes,No,19,Yes,Yes,Fiber optic,No,Yes,No,No,No,No,Two year,Yes,Electronic check,104.61,1996.91,0,No
2120-AZL,Male,0,No,Yes,9,Yes,No,No,No internet service,No internet service,No internet service,No internet service,No internet service,No internet service,One year,No,Bank transfer (automatic),42.43,392.42,2,No
4370-UAT,Male,0,No,No,11,Yes,No,Fiber optic,No,No,Yes,No,No,No,One year,Yes,Electronic check,96.97,1074.43,1,Yes
5496-OBR,Male,0,Yes,No,19,Yes,No,No,No internet service,No internet service,No internet service,No internet service,No internet service,No internet service,One year,No,Credit card (automatic),40.73,761.2,4,No
7991-DHB,Male,0,Yes,Yes,30,Yes,No,No,No internet service,No internet service,No internet service,No internet service,No internet service,No internet service,Month-to-month,No,Mailed check,42.17,1267.31,6,Yes
3413-YOI,Female,0,Yes,No,11,No,No phone service,Fiber optic,Yes,No,No,No,Yes,No,Month-to-month,Yes,Electronic check,84.98,922.25,2,Yes
4457-QZJ,Male,0,Yes,Yes,31,Yes,Yes,No,No internet service,No internet service,No internet service,No internet service,No internet service,No internet service,Two year,No,Electronic check,48.35,1488.29,4,No
8454-BXS,Female,0,Yes,No,72,Yes,Yes,Fiber optic,Yes,Yes,Yes,No,No,No,One year,No,Credit card (automatic),123.81,8914.99,4,No
4178-QJR,Male,0,No,No,1,No,No phone service,No,No internet service,No internet service,No internet service,No internet service,No internet service,No internet service,Month-to-month,Yes,Credit card (automatic),18.92,18.5,4,Yes
7454-FPR,Male,0,Yes,No,5,Yes,Yes,No,No internet service,No internet service,No internet service,No internet service,No internet service,No internet service,One year,Yes,Electronic check,47.01,235.69,2,No
7387-RAC,Female,0,No,No,63,Yes,Yes,DSL,Yes,No,No,Yes,No,No,Month-to-month,Yes,Mailed check,93.94,5930.23,1,No
1206-TJU,Female,0,Yes,No,2,Yes,No,No,No internet service,No internet service,No internet service,No internet service,No internet service,No internet service,Two year,Yes,Credit card (automatic),42.76,94.14,3,No
2828-OWN,Male,1,No,No,37,Yes,Yes,Fiber optic,No,No,No,No,No,Yes,Month-to-month,Yes,Mailed check,105.38,3892.03,5,Yes
7094-JXI,Male,0,Yes,No,25,No,No phone service,Fiber optic,No,Yes,No,Yes,No,Yes,Month-to-month,No,Bank transfer (automatic),94.58,2354.01,5,Yes
8979-GEY,Male,0,No,No,2,Yes,No,DSL,No,No,No,No,No,Yes,Month-to-month,No,Mailed check,75.58,161.65,4,Yes
6943-JYZ,Female,1,Yes,No,1,Yes,Yes,Fiber optic,Yes,No,No,No,Yes,Yes,Two year,Yes,Credit card (automatic),128.04,117.18,4,Yes
6439-HVT,Male,0,Yes,No,18,Yes,Yes,DSL,No,No,Yes,No,No,No,Month-to-month,No,Credit card (automatic),82.94,1492.81,0,No
8000-PLI,Male,0,Yes,No,4,Yes,Yes,Fiber optic,Yes,No,Yes,No,No,Yes,Two year,No,Bank transfer (automatic),129.08,504.56,1,No
7639-JIZ,Female,0,No,Yes,52,Yes,No,Fiber optic,No,No,Yes,Yes,Yes,No,Month-to-month,Yes,Electronic check,114.14,5945.18,4,Yes
7626-SKF,Male,0,Yes,Yes,17,Yes,No,DSL,No,No,No,Yes,Yes,Yes,Month-to-month,Yes,Electronic check,97.05,1643.82,2,Yes
5741-OOM,Male,1,No,No,7,Yes,Yes,Fiber optic,No,Yes,No,No,Yes,No,Two year,No,Electronic check,119.08,835.69,0,No
7196-BWL,Male,1,Yes,No,5,Yes,No,No,No internet service,No internet service,No internet service,No internet service,No internet service,No internet service,Two year,No,Bank transfer (automatic),37.81,202.95,2,No
1658-XTO,Female,1,Yes,Yes,46,Yes,No,DSL,No,No,Yes,No,Yes,Yes,Month-to-month,No,Bank transfer (automatic),101.47,4657.13,0,No
6776-YNW,Male,1,Yes,No,32,Yes,No,Fiber optic,No,No,No,No,Yes,No,One year,No,Bank transfer (automatic),97.2,3112.07,2,No
2691-RVX,Male,0,No,No,32,Yes,No,Fiber optic,Yes,No,Yes,Yes,Yes,No,Month-to-month,Yes,Electronic check,125.82,4015.12,3,Yes
4130-EVL,Male,0,Yes,No,3,Yes,Yes,Fiber optic,No,No,Yes,No,No,Yes,One year,No,Electronic check,114.69,342.32,4,Yes
1967-FYO,Male,0,Yes,No,25,Yes,Yes,Fiber optic,No,No,No,No,No,No,Month-to-month,Yes,Bank transfer (automatic),96.77,2423.73,0,No
3968-FLO,Female,0,No,No,51,Yes,Yes,Fiber optic,No,No,No,Yes,No,No,Month-to-month,Yes,Bank transfer (automatic),103.21,5261.0,4,No
6992-SUB,Male,0,Yes,Yes,37,Yes,Yes,Fiber optic,Yes,No,No,No,Yes,No,Month-to-month,Yes,Electronic check,118.0,4363.94,2,No
7023-MDF,Male,1,No,No,4,Yes,No,No,No internet service,No internet service,No internet service,No internet service,No internet service,No internet service,Month-to-month,Yes,Mailed check,38.98,158.89,3,Yes
3155-LQG,Male,1,Yes,No,72,Yes,No,Fiber optic,No,Yes,No,No,Yes,Yes,Month-to-month,No,Credit card (automatic),118.69,8555.72,2,No
8607-QJW,Male,0,No,No,2,Yes,Yes,Fiber optic,No,No,Yes,No,Yes,No,One year,Yes,Electronic check,118.58,228.36,1,Yes
5197-IOP,Female,0,No,No,21,Yes,No,No,No internet service,No internet service,No internet service,No internet service,No internet service,No internet service,Month-to-month,Yes,Electronic check,38.79,827.61,3,No
6412-RTN,Male,0,Yes,Yes,72,Yes,Yes,DSL,No,No,Yes,Yes,No,No,Month-to-month,Yes,Credit card (automatic),93.28,6730.17,2,No
8169-WWC,Male,0,Yes,No,44,Yes,No,DSL,Yes,Yes,No,Yes,No,No,One year,Yes,Bank transfer (automatic),92.37,4072.23,1,No
3989-GOQ,Female,0,No,Yes,29,Yes,Yes,No,No internet service,No internet service,No internet service,No internet service,No internet service,No internet service,Two year,No,Mailed check,52.51,1533.47,1,No
6376-IVN,Male,0,No,No,49,Yes,Yes,Fiber optic,No,No,No,No,No,Yes,Month-to-month,Yes,Bank transfer (automatic),109.05,5350.57,1,No
6615-UMF,Female,0,No,Yes,28,Yes,Yes,Fiber optic,Yes,No,Yes,No,Yes,Yes,Month-to-month,No,Electronic check,139.59,3915.21,6,Yes
3808-DCQ,Male,0,No,Yes,2,Yes,Yes,DSL,No,Yes,Yes,Yes,No,Yes,Two year,Yes,Bank transfer (automatic),114.35,237.11,1,No
1797-BST,Female,0,Yes,No,11,Yes,No,Fiber optic,Yes,Yes,No,No,Yes,No,Month-to-month,No,Mailed check,116.33,1267.13,1,Yes
3262-VHY,Female,0,No,No,14,Yes,No,Fiber optic,No,No,Yes,Yes,No,No,Month-to-month,Yes,Credit card (automatic),104.28,1470.14,5,Yes
4342-FWT,Male,0,No,No,20,Yes,No,Fiber optic,Yes,Yes,No,Yes,No,No,Month-to-month,Yes,Electronic check,115.04,2292.64,5,Yes
5174-TLC,Female,0,No,No,7,Yes,Yes,Fiber optic,Yes,Yes,No,No,Yes,Yes,Month-to-month,No,Credit card (automatic),138.01,966.5,4,Yes
6833-NVN,Female,1,No,No,54,Yes,No,Fiber optic,No,Yes,No,No,No,No,Month-to-month,Yes,Electronic check,92.54,5009.95,2,Yes
7242-ATA,Male,1,No,No,7,Yes,No,No,No internet service,No internet service,No internet service,No internet service,No internet service,No internet service,One year,No,Electronic check,39.77,275.95,1,No
7162-XJD,Male,0,No,No,27,Yes,No,No,No internet service,No internet service,No internet service,No internet service,No internet service,No internet service,Month-to-month,Yes,Electronic check,37.36,1011.67,1,No
7732-ZIG,Male,1,No,No,53,Yes,No,DSL,No,No,No,No,No,No,Month-to-month,Yes,Bank transfer (automatic),64.13,3403.51,1,No
4187-TJX,Male,0,Yes,No,33,Yes,Yes,DSL,Yes,Yes,Yes,Yes,No,Yes,Month-to-month,No,Bank transfer (automatic),128.9,4268.12,5,Yes
3297-ZVP,Male,1,Yes,Yes,4,Yes,No,No,No internet service,No internet service,No internet service,No internet service,No internet service,No internet service,One year,No,Credit card (automatic),42.52,166.86,1,No
4544-JPH,Male,0,Yes,No,72,Yes,No,DSL,No,No,Yes,Yes,No,No,Month-to-month,Yes,Mailed check,84.39,6067.35,2,No
1968-OUC,Male,0,No,No,3,Yes,No,Fiber optic,No,Yes,No,Yes,No,No,Month-to-month,No,Bank transfer (automatic),103.81,307.76,2,Yes
5364-LUI,Male,0,No,Yes,6,No,No phone service,No,No internet service,No internet service,No internet service,No internet service,No internet service,No internet service,Two year,No,Credit card (automatic),20.02,119.34,3,No
7125-SGP,Male,0,Yes,No,4,Yes,No,Fiber optic,Yes,No,Yes,Yes,Yes,No,One year,No,Mailed check,125.72,517.11,1,No
9277-TEJ,Female,0,Yes,No,28,Yes,Yes,DSL,No,No,Yes,No,No,Yes,Month-to-month,No,Mailed check,94.75,2665.32,0,No
4729-KGN,Female,0,Yes,No,42,Yes,No,No,No internet service,No internet service,No internet service,No internet service,No internet service,No internet service,One year,No,Mailed check,42.91,1805.42,1,No
1275-RKV,Female,0,Yes,Yes,7,Yes,Yes,Fiber optic,No,Yes,No,No,No,Yes,Two year,Yes,Mailed check,115.5,796.83,0,No
9022-AWJ,Female,0,No,No,72,Yes,No,DSL,Yes,Yes,No,No,No,Yes,Two year,No,Electronic check,96.22,6928.92,0,No
1128-FGQ,Female,0,No,No,4,Yes,Yes,No,No internet service,No internet service,No internet service,No internet service,No internet service,No internet service,Two year,Yes,Electronic check,48.97,209.1,1,No
8622-QCP,Female,0,No,Yes,10,Yes,No,No,No internet service,No internet service,No internet service,No internet service,No internet service,No internet service,One year,No,Mailed check,37.07,367.43,2,No
4556-TRA,Female,0,Yes,No,17,Yes,Yes,DSL,No,No,No,No,No,Yes,Two year,Yes,Credit card (automatic),87.7,1476.57,0,No
5355-WKT,Male,0,No,Yes,42,Yes,Yes,DSL,Yes,Yes,No,Yes,Yes,Yes,Month-to-month,No,Credit card (automatic),129.0,5423.63,3,No
4903-HHE,Female,0,No,No,12,Yes,Yes,Fiber optic,No,No,No,No,No,Yes,Month-to-month,Yes,Electronic check,109.56,1319.06,2,Yes
2152-OYR,Female,0,No,No,5,Yes,No,No,No internet service,No internet service,No internet service,No internet service,No internet service,No internet service,One year,No,Credit card (automatic),40.95,198.22,4,Yes
6289-NUZ,Female,0,No,No,16,Yes,No,Fiber optic,No,Yes,No,No,Yes,No,Two year,Yes,Electronic check,106.26,1712.9,2,No
7716-HCV,Female,0,No,Yes,17,Yes,Yes,DSL,No,Yes,Yes,Yes,Yes,Yes,Month-to-month,Yes,Electronic check,128.06,2168.45,3,Yes
5075-LOG,Female,0,No,No,1,Yes,Yes,DSL,Yes,No,No,No,No,No,Month-to-month,Yes,Mailed check,82.56,96.69,1,Yes
2658-DUI,Male,0,Yes,No,1,Yes,Yes,Fiber optic,No,Yes,No,No,Yes,Yes,One year,No,Electronic check,128.46,135.69,4,Yes
9053-PZM,Female,0,No,No,9,Yes,Yes,No,No internet service,No internet service,No internet service,No internet service,No internet service,No internet service,Month-to-month,No,Electronic check,52.63,486.17,1,No
8971-XIZ,Female,0,Yes,Yes,34,Yes,Yes,No,No internet service,No internet service,No internet service,No internet service,No internet service,No internet service,Month-to-month,No,Bank transfer (automatic),49.77,1692.85,1,No
4476-ROO,Male,0,Yes,No,12,Yes,Yes,Fiber optic,No,No,Yes,No,No,No,Month-to-month,Yes,Electronic check,106.26,1277.57,2,Yes
1027-HUQ,Female,0,Yes,No,6,Yes,Yes,No,No internet service,No internet service,No internet service,No internet service,No internet service,No internet service,Two year,Yes,Mailed check,49.91,298.9,2,No
2264-XZR,Male,0,Yes,Yes,3,Yes,No,DSL,Yes,No,No,No,No,No,One year,Yes,Electronic check,74.74,228.53,2,Yes
2251-OBB,Male,0,No,No,9,Yes,Yes,Fiber optic,No,No,No,Yes,No,No,One year,Yes,Mailed check,103.19,936.69,2,No
1361-CHT,Male,0,Yes,No,17,Yes,No,No,No internet service,No internet service,No internet service,No internet service,No internet service,No internet service,Month-to-month,No,Credit card (automatic),37.07,617.79,1,No
2670-LZS,Female,0,Yes,No,3,Yes,No,Fiber optic,No,No,No,Yes,Yes,No,Month-to-month,No,Credit card (automatic),105.62,306.62,3,Yes
5443-ONP,Female,0,Yes,Yes,1,Yes,No,No,No internet service,No internet service,No internet service,No internet service,No internet service,No internet service,Two year,No,Mailed check,41.71,39.62,2,No
3172-NCR,Male,0,No,No,4,Yes,No,Fiber optic,Yes,Yes,No,No,Yes,No,Two year,No,Electronic check,114.64,458.12,3,No
3939-VFQ,Female,1,No,Yes,34,Yes,No,Fiber optic,No,Yes,Yes,No,Yes,Yes,Two year,Yes,Credit card (automatic),131.97,4497.03,2,No
6965-NTM,Female,0,Yes,Yes,16,Yes,Yes,DSL,No,No,No,No,Yes,Yes,Two year,No,Mailed check,100.28,1616.62,1,No
8770-CMX,Male,0,No,No,15,Yes,Yes,No,No internet service,No internet service,No internet service,No internet service,No internet service,No internet service,Two year,Yes,Electronic check,47.74,715.62,1,No
8084-HPX,Male,0,No,Yes,1,Yes,Yes,Fiber optic,No,Yes,No,No,No,Yes,Month-to-month,No,Electronic check,117.22,110.13,4,Yes
4010-MDR,Female,0,No,Yes,32,Yes,No,DSL,Yes,No,Yes,No,Yes,Yes,Month-to-month,No,Credit card (automatic),111.66,3577.23,4,Yes
1949-UOQ,Male,0,No,No,6,Yes,No,Fiber optic,No,Yes,No,No,Yes,No,One year,Yes,Electronic check,104.7,633.16,2,Yes
1543-JAF,Male,0,No,No,3,Yes,No,Fiber optic,No,Yes,Yes,No,Yes,Yes,One year,Yes,Electronic check,126.02,368.92,3,Yes
3866-GMM,Female,0,Yes,No,47,Yes,No,No,No internet service,No internet service,No internet service,No internet service,No internet service,No internet service,Two year,Yes,Electronic check,37.85,1774.72,0,No
9560-ANZ,Female,0,No,No,17,Yes,No,DSL,No,No,No,No,Yes,No,One year,No,Bank transfer (automatic),76.1,1299.48,0,No
5333-XAP,Male,0,No,No,35,Yes,Yes,Fiber optic,No,No,No,No,Yes,No,Month-to-month,No,Mailed check,105.66,3710.06,1,Yes
3185-MDI,Female,0,Yes,No,44,Yes,Yes,DSL,No,No,No,No,No,No,Two year,Yes,Electronic check,73.23,3221.17,3,No
8309-DJH,Female,0,No,Yes,72,Yes,Yes,Fiber optic,No,No,No,No,No,No,Month-to-month,Yes,Credit card (automatic),97.97,7040.69,3,No
9086-CWG,Female,0,No,No,25,Yes,Yes,Fiber optic,Yes,No,Yes,No,Yes,Yes,Month-to-month,No,Mailed check,139.87,3492.33,6,Yes
3985-CBO,Female,0,Yes,Yes,2,Yes,Yes,DSL,No,Yes,Yes,No,Yes,No,Month-to-month,No,Credit card (automatic),105.08,222.77,2,Yes
8496-OQG,Female,0,No,No,21,Yes,No,DSL,Yes,Yes,No,No,Yes,Yes,Two year,Yes,Credit card (automatic),106.45,2247.24,3,No
2681-ORX,Female,0,Yes,No,18,Yes,No,No,No internet service,No internet service,No internet service,No internet service,No internet service,No internet service,One year,No,Bank transfer (automatic),39.15,701.15,1,No
7283-WUZ,Male,0,Yes,No,2,Yes,Yes,No,No internet service,No internet service,No internet service,No internet service,No internet service,No internet service,Month-to-month,No,Mailed check,49.79,89.12,0,No
4143-BBE,Male,0,No,No,10,Yes,No,DSL,No,No,Yes,No,No,Yes,Month-to-month,No,Mailed check,88.15,886.15,2,Yes
2781-DFW,Male,0,No,No,14,Yes,No,Fiber optic,No,Yes,No,No,No,Yes,One year,Yes,Mailed check,107.83,1504.49,1,Yes
8148-SKM,Male,0,Yes,No,5,Yes,No,No,No internet service,No internet service,No internet service,No internet service,No internet service,No internet service,Two year,No,Electronic check,39.33,191.12,5,Yes
5935-GMA,Male,1,No,No,1,Yes,Yes,DSL,Yes,No,Yes,No,No,No,Month-to-month,Yes,Bank transfer (automatic),96.03,100.4,0,Yes
2157-GPO,Female,1,No,No,36,Yes,Yes,Fiber optic,No,No,No,Yes,No,No,Month-to-month,No,Electronic check,104.43,3766.24,3,Yes
8649-ZYW,Female,0,No,No,48,No,No phone service,Fiber optic,No,Yes,No,No,No,No,Month-to-month,No,Electronic check,74.78,3586.94,0,No
8983-QXO,Male,0,Yes,No,7,Yes,Yes,No,No internet service,No internet service,No internet service,No internet service,No internet service,No internet service,One year,Yes,Credit card (automatic),47.89,333.9,4,No
3530-DLE,Female,0,No,No,1,Yes,No,Fiber optic,No,No,No,Yes,Yes,Yes,Two year,Yes,Credit card (automatic),116.61,127.83,3,No
3064-FJV,Male,0,No,No,56,Yes,No,DSL,No,No,Yes,Yes,No,Yes,Month-to-month,No,Electronic check,96.74,5413.46,3,No
4569-JFX,Female,0,No,Yes,4,Yes,Yes,DSL,Yes,Yes,Yes,No,No,No,Month-to-month,Yes,Electronic check,107.16,422.88,2,Yes
2925-TOD,Male,0,No,No,13,Yes,No,DSL,No,No,No,Yes,Yes,No,Two year,Yes,Electronic check,88.17,1152.21,3,No
1440-PVX,Female,0,Yes,Yes,12,No,No phone service,Fiber optic,No,No,No,Yes,Yes,Yes,Two year,Yes,Credit card (automatic),101.0,1214.1,2,No
9039-GSZ,Male,0,Yes,No,5,Yes,Yes,Fiber optic,No,No,No,Yes,No,No,Month-to-month,No,Bank transfer (automatic),103.8,507.68,1,Yes
4824-UMO,Female,0,Yes,No,23,Yes,No,DSL,No,No,No,No,No,Yes,One year,Yes,Bank transfer (automatic),78.45,1817.91,2,No
9089-ZBJ,Male,0,No,No,63,Yes,No,DSL,Yes,Yes,No,Yes,No,No,Month-to-month,Yes,Electronic check,94.21,5941.63,1,No
1477-WKM,Female,0,No,No,19,Yes,No,DSL,Yes,No,No,No,Yes,Yes,Two year,No,Mailed check,98.3,1880.03,2,No
3162-XYX,Female,0,No,No,72,Yes,Yes,Fiber optic,No,Yes,No,No,No,Yes,Month-to-month,Yes,Bank transfer (automatic),116.37,8372.63,2,No
2845-ECS,Male,0,No,No,6,Yes,Yes,No,No internet service,No internet service,No internet service,No internet service,No internet service,No internet service,Two year,Yes,Credit card (automatic),47.13,285.73,2,No
9909-FVI,Male,0,Yes,No,48,Yes,Yes,Fiber optic,No,Yes,No,No,No,No,Month-to-month,Yes,Bank transfer (automatic),105.16,5040.06,2,No
2776-HZM,Male,0,Yes,No,8,Yes,Yes,No,No internet service,No internet service,No internet service,No internet service,No internet service,No internet service,One year,No,Credit card (automatic),48.89,392.53,0,No
2244-VVQ,Male,0,Yes,No,8,Yes,No,DSL,No,No,No,No,Yes,Yes,Month-to-month,Yes,Credit card (automatic),87.79,713.54,2,No
2794-FNO,Male,0,No,No,4,Yes,No,DSL,Yes,No,Yes,No,Yes,No,Month-to-month,Yes,Bank transfer (automatic),96.64,398.35,1,No
2933-KKI,Male,0,No,No,50,Yes,No,No,No internet service,No internet service,No internet service,No internet service,No internet service,No internet service,One year,Yes,Mailed check,37.5,1889.68,3,No
8973-OLF,Male,0,No,No,33,Yes,Yes,Fiber optic,Yes,No,No,Yes,Yes,Yes,Month-to-month,Yes,Credit card (automatic),137.16,4540.78,2,Yes
1792-PTO,Male,1,Yes,Yes,11,Yes,Yes,Fiber optic,Yes,Yes,No,No,No,Yes,Month-to-month,No,Bank transfer (automatic),124.18,1366.63,2,Yes
7369-QCC,Female,0,No,Yes,11,Yes,Yes,Fiber optic,No,No,No,No,No,Yes,Month-to-month,No,Bank transfer (automatic),106.38,1164.49,1,Yes
1292-QWQ,Female,0,Yes,No,47,Yes,No,Fiber optic,No,Yes,Yes,Yes,Yes,No,Month-to-month,Yes,Electronic check,124.3,5854.93,5,Yes
6171-VKW,Female,0,No,No,66,Yes,Yes,Fiber optic,No,Yes,Yes,No,Yes,No,One year,Yes,Credit card (automatic),127.9,8433.58,3,No
2037-MTZ,Female,1,Yes,Yes,24,Yes,Yes,Fiber optic,Yes,No,Yes,No,No,No,Month-to-month,Yes,Electronic check,112.78,2703.32,4,Yes
8048-IPL,Male,0,Yes,Yes,14,Yes,No,DSL,No,Yes,No,No,Yes,Yes,Month-to-month,No,Electronic check,99.53,1408.35,4,Yes
2161-FRB,Female,0,No,No,2,Yes,No,Fiber optic,No,No,Yes,No,No,No,One year,Yes,Bank transfer (automatic),97.83,188.21,1,No
1978-FBO,Female,0,No,Yes,4,No,No phone service,DSL,Yes,No,Yes,No,No,Yes,Month-to-month,Yes,Electronic check,77.91,315.43,3,Yes
6129-JRJ,Male,0,Yes,Yes,4,No,No phone service,DSL,No,No,No,No,Yes,No,Month-to-month,Yes,Bank transfer (automatic),55.17,211.07,2,Yes
5808-XSA,Female,0,Yes,Yes,9,Yes,No,No,No internet service,No internet service,No internet service,No internet service,No internet service,No internet service,Month-to-month,No,Electronic check,39.43,345.96,2,Yes
9771-XCJ,Male,0,Yes,No,8,Yes,No,Fiber optic,No,No,No,No,Yes,No,Month-to-month,No,Electronic check,94.22,741.89,3,Yes
9587-RWT,Female,0,Yes,Yes,20,Yes,No,No,No internet service,No internet service,No internet service,No internet service,No internet service,No internet service,Month-to-month,Yes,Electronic check,41.51,816.61,1,No
6253-UBJ,Female,0,No,No,72,Yes,No,DSL,No,No,No,Yes,No,Yes,One year,No,Electronic check,86.81,6259.52,1,No
3589-IJB,Male,0,No,No,50,Yes,Yes,No,No internet service,No internet service,No internet service,No internet service,No internet service,No internet service,Two year,Yes,Mailed check,49.57,2489.26,3,No
4239-XQQ,Male,0,Yes,No,18,Yes,Yes,Fiber optic,Yes,Yes,No,No,No,No,One year,No,Electronic check,112.86,2017.66,3,Yes
4484-DRL,Female,0,Yes,Yes,1,Yes,No,Fiber optic,No,Yes,No,No,No,No,One year,No,Mailed check,92.86,100.13,3,Yes
7878-QIS,Female,0,Yes,No,2,Yes,No,Fiber optic,No,Yes,Yes,No,Yes,No,Month-to-month,Yes,Electronic check,119.98,229.85,0,Yes
7189-QBH,Female,0,Yes,Yes,50,Yes,No,No,No internet service,No internet service,No internet service,No internet service,No internet service,No internet service,Two year,Yes,Credit card (automatic),37.53,1871.68,1,No
6380-GVP,Male,0,No,No,9,Yes,No,Fiber optic,Yes,No,No,Yes,No,Yes,Month-to-month,Yes,Electronic check,119.91,1066.9,0,Yes
1592-VGT,Male,0,No,No,10,No,No phone service,DSL,Yes,Yes,No,Yes,No,No,Month-to-month,Yes,Bank transfer (automatic),77.83,771.02,3,No
2238-KOR,Male,1,Yes,Yes,4,Yes,No,DSL,No,No,No,No,No,No,Month-to-month,Yes,Bank transfer (automatic),64.86,259.84,5,Yes
4598-WFR,Male,1,Yes,No,7,Yes,Yes,DSL,No,No,No,No,Yes,No,Month-to-month,Yes,Electronic check,84.03,601.92,1,Yes
2502-TIH,Male,0,Yes,Yes,8,Yes,Yes,No,No internet service,No internet service,No internet service,No internet service,No internet service,No internet service,One year,No,Electronic check,50.99,407.92,0,No
9301-SSH,Male,0,Yes,No,14,Yes,No,Fiber optic,No,No,No,No,Yes,Yes,One year,Yes,Credit card (automatic),108.85,1535.57,2,Yes
1225-YDF,Female,1,Yes,No,25,Yes,Yes,Fiber optic,No,No,No,Yes,Yes,No,One year,Yes,Electronic check,117.03,2912.4,0,No
1098-SKJ,Male,0,No,No,11,No,No phone service,Fiber optic,No,No,No,No,Yes,No,Month-to-month,No,Mailed check,78.53,862.88,3,Yes
3699-NRX,Male,0,No,No,15,Yes,Yes,Fiber optic,Yes,No,No,No,Yes,Yes,Month-to-month,Yes,Bank transfer (automatic),126.31,1881.74,3,Yes
4528-OXZ,Female,0,Yes,Yes,6,Yes,No,DSL,Yes,No,No,Yes,Yes,No,One year,Yes,Electronic check,99.6,591.32,3,No
6578-JRD,Female,0,Yes,No,2,Yes,No,Fiber optic,No,No,No,Yes,Yes,No,Two year,Yes,Mailed check,108.61,203.67,1,No
7013-FUM,Male,1,Yes,No,11,Yes,Yes,No,No internet service,No internet service,No internet service,No internet service,No internet service,No internet service,Month-to-month,Yes,Electronic check,47.82,522.02,2,Yes
3680-ZTE,Male,1,Yes,Yes,2,Yes,Yes,Fiber optic,No,No,No,No,No,No,Month-to-month,Yes,Credit card (automatic),92.38,182.58,1,Yes
4731-NMN,Male,0,No,No,9,Yes,Yes,No,No internet service,No internet service,No internet service,No internet service,No internet service,No internet service,One year,Yes,Electronic check,51.55,459.24,1,No
5231-PMX,Male,0,No,No,46,Yes,No,DSL,No,No,No,Yes,No,Yes,Month-to-month,No,Electronic check,87.51,4028.95,1,No
1981-BRS,Female,0,Yes,No,12,Yes,Yes,DSL,No,Yes,No,No,No,No,Month-to-month,Yes,Mailed check,83.87,1007.34,3,Yes
9935-CWZ,Female,0,No,No,6,Yes,No,Fiber optic,No,No,No,No,No,No,Month-to-month,Yes,Electronic check,83.31,491.62,3,Yes
7349-ZIH,Female,0,No,No,59,Yes,No,Fiber optic,No,Yes,No,No,Yes,Yes,Month-to-month,No,Credit card (automatic),117.45,6920.96,5,Yes
3928-WWX,Male,1,Yes,No,26,Yes,No,Fiber optic,No,Yes,Yes,No,No,No,Month-to-month,No,Credit card (automatic),105.1,2731.61,1,Yes
9783-JUJ,Female,0,Yes,Yes,72,Yes,No,Fiber optic,No,No,Yes,Yes,Yes,No,One year,Yes,Credit card (automatic),117.93,8483.3,3,No
3872-YXF,Male,0,Yes,No,9,Yes,Yes,No,No internet service,No internet service,No internet service,No internet service,No internet service,No internet service,Month-to-month,Yes,Credit card (automatic),47.75,431.87,1,No
1112-POV,Female,0,No,No,6,Yes,Yes,No,No internet service,No internet service,No internet service,No internet service,No internet service,No internet service,Month-to-month,No,Mailed check,50.63,318.37,2,No
2987-DBK,Male,1,No,Yes,9,Yes,Yes,DSL,Yes,No,No,No,No,No,Month-to-month,Yes,Mailed check,84.94,749.94,2,No
6091-UUP,Male,0,No,No,42,Yes,Yes,DSL,No,No,No,No,No,No,One year,No,Bank transfer (automatic),77.98,3271.61,3,No
4156-DAZ,Female,0,No,No,5,Yes,No,DSL,No,No,No,No,No,Yes,Month-to-month,Yes,Credit card (automatic),79.49,405.36,0,No
3945-IWY,Female,0,No,No,7,Yes,Yes,Fiber optic,No,Yes,No,Yes,No,Yes,One year,Yes,Mailed check,126.51,878.68,2,No
3092-RPP,Male,0,No,No,31,Yes,Yes,No,No internet service,No internet service,No internet service,No internet service,No internet service,No internet service,Month-to-month,No,Electronic check,48.76,1511.17,1,No
6112-JIK,Female,0,No,Yes,34,Yes,Yes,Fiber optic,Yes,No,No,No,Yes,Yes,Month-to-month,No,Credit card (automatic),129.72,4402.46,2,No
2112-ZZD,Male,1,No,Yes,72,Yes,No,DSL,No,Yes,No,No,Yes,Yes,Month-to-month,Yes,Bank transfer (automatic),99.97,7203.69,2,No
2314-FCI,Male,0,Yes,No,72,Yes,No,DSL,Yes,No,No,Yes,Yes,Yes,Month-to-month,Yes,Mailed check,108.22,7780.5,3,No
9290-RHV,Female,0,Yes,No,28,Yes,No,DSL,Yes,Yes,No,No,Yes,Yes,Month-to-month,Yes,Electronic check,109.1,3063.15,2,Yes
6710-MGS,Female,0,Yes,Yes,12,Yes,No,DSL,Yes,Yes,Yes,No,No,No,Month-to-month,Yes,Mailed check,95.6,1146.86,2,Yes
5583-JQA,Male,0,No,No,16,Yes,Yes,DSL,No,No,Yes,No,No,Yes,Two year,Yes,Electronic check,97.2,1545.91,2,No
9668-ZMX,Male,0,No,No,15,Yes,Yes,Fiber optic,No,Yes,No,Yes,No,Yes,One year,No,Mailed check,126.64,1900.07,3,No
2705-FEB,Male,0,Yes,Yes,13,Yes,No,DSL,No,No,No,Yes,No,No,One year,Yes,Electronic check,76.89,1013.08,4,No
3506-IFH,Male,1,No,No,11,Yes,Yes,DSL,No,Yes,Yes,Yes,No,No,Month-to-month,Yes,Bank transfer (automatic),103.06,1143.94,1,No
6479-CMS,Male,0,Yes,No,5,Yes,No,Fiber optic,No,No,No,No,No,No,Month-to-month,Yes,Electronic check,86.25,445.78,2,Yes
7497-QPD,Male,0,No,No,12,No,No phone service,DSL,No,No,No,No,Yes,No,Month-to-month,Yes,Mailed check,59.16,704.82,3,Yes
7993-NBM,Female,0,No,No,72,Yes,No,Fiber optic,Yes,Yes,Yes,Yes,No,Yes,Two year,No,Electronic check,138.64,9996.58,1,No
3906-UTQ,Female,0,No,No,54,Yes,No,Fiber optic,No,No,Yes,Yes,No,Yes,Month-to-month,No,Electronic check,118.08,6373.12,3,No
4742-OYT,Female,0,Yes,No,25,Yes,No,Fiber optic,Yes,No,No,No,Yes,Yes,Two year,No,Credit card (automatic),117.69,2942.99,3,No
9964-GRX,Male,0,No,Yes,6,Yes,Yes,No,No internet service,No internet service,No internet service,No internet service,No internet service,No internet service,Month-to-month,Yes,Bank transfer (automatic),47.56,289.65,3,Yes
9036-MRB,Male,0,Yes,No,53,Yes,No,DSL,No,No,Yes,No,No,Yes,Two year,No,Bank transfer (automatic),87.87,4670.54,1,No
4283-DMX,Female,0,No,No,10,No,No phone service,Fiber optic,Yes,Yes,No,No,Yes,Yes,One year,No,Mailed check,108.96,1099.24,0,No
4439-FZH,Female,1,Yes,Yes,20,Yes,No,Fiber optic,No,No,No,No,No,Yes,One year,No,Bank transfer (automatic),95.29,1912.98,5,Yes
4247-MWZ,Female,1,No,No,61,Yes,No,Fiber optic,No,No,No,No,No,Yes,One year,Yes,Mailed check,95.26,5804.73,4,No
5609-IRQ,Male,0,No,Yes,11,Yes,Yes,DSL,No,Yes,No,No,Yes,No,Month-to-month,Yes,Mailed check,95.84,1055.46,1,No
4335-ZOI,Male,0,No,No,62,Yes,No,DSL,No,No,Yes,No,No,Yes,One year,No,Credit card (automatic),88.25,5479.35,2,No
8056-WBF,Male,0,No,No,7,Yes,No,DSL,No,No,Yes,No,No,No,Month-to-month,Yes,Mailed check,77.14,542.44,1,No
2372-EQB,Female,1,Yes,No,67,Yes,Yes,Fiber optic,Yes,Yes,Yes,No,No,Yes,One year,Yes,Electronic check,137.02,9171.06,3,No
1063-JJF,Female,0,Yes,No,12,No,No phone service,DSL,No,Yes,No,Yes,No,Yes,Month-to-month,Yes,Electronic check,78.32,942.4,0,No
5858-LQM,Female,0,Yes,Yes,12,Yes,Yes,Fiber optic,No,No,Yes,Yes,Yes,No,Two year,No,Credit card (automatic),125.5,1509.96,2,No
5539-PJU,Male,0,Yes,No,21,Yes,Yes,Fiber optic,Yes,No,No,Yes,No,No,Month-to-month,No,Credit card (automatic),114.43,2404.08,1,No
1449-BWG,Female,0,No,No,11,Yes,No,DSL,Yes,No,No,No,No,No,Month-to-month,Yes,Mailed check,76.58,847.82,3,Yes
1869-ALM,Female,0,No,Yes,15,Yes,No,Fiber optic,No,Yes,No,No,Yes,Yes,Month-to-month,No,Mailed check,119.16,1786.44,0,Yes
4659-SIJ,Male,0,No,No,18,Yes,Yes,Fiber optic,No,No,No,No,Yes,No,Month-to-month,Yes,Electronic check,106.37,1920.53,1,Yes
3448-RHG,Male,0,Yes,No,17,Yes,No,DSL,No,No,Yes,No,No,No,Month-to-month,No,Credit card (automatic),76.23,1293.35,0,No
8592-JLO,Female,0,No,No,72,Yes,No,DSL,No,Yes,Yes,No,No,No,One year,No,Electronic check,85.54,6156.05,3,No
9219-DDW,Male,0,No,No,9,Yes,No,DSL,No,Yes,No,No,No,Yes,Month-to-month,No,Credit card (automatic),88.64,801.42,1,Yes
1832-ZLY,Female,0,No,No,9,No,No phone service,DSL,Yes,Yes,Yes,No,No,Yes,Month-to-month,No,Electronic check,88.49,807.07,1,No
5193-OQG,Male,0,Yes,No,46,Yes,Yes,No,No internet service,No internet service,No internet service,No internet service,No internet service,No internet service,One year,Yes,Electronic check,49.27,2275.15,1,No
1891-UZN,Male,0,No,No,13,Yes,Yes,DSL,No,Yes,No,No,No,Yes,Month-to-month,No,Credit card (automatic),94.01,1227.19,1,Yes
6283-EAA,Male,0,Yes,No,2,Yes,Yes,No,No internet service,No internet service,No internet service,No internet service,No internet service,No internet service,Month-to-month,No,Mailed check,52.63,113.06,2,Yes
7452-FEB,Male,1,Yes,No,17,No,No phone service,Fiber optic,No,No,No,No,No,No,Month-to-month,Yes,Credit card (automatic),65.2,1103.22,4,Yes
7394-EZI,Male,0,No,Yes,20,Yes,Yes,Fiber optic,Yes,Yes,No,No,Yes,Yes,Month-to-month,Yes,Bank transfer (automatic),141.95,2841.77,1,Yes
9114-UOM,Male,0,No,No,25,Yes,No,Fiber optic,No,No,Yes,No,Yes,Yes,Two year,Yes,Bank transfer (automatic),116.49,2906.79,2,No
4137-DRU,Female,0,No,No,7,Yes,No,Fiber optic,Yes,No,No,Yes,Yes,No,Month-to-month,No,Mailed check,118.54,838.32,1,Yes
7409-MLB,Female,0,Yes,No,72,Yes,No,Fiber optic,No,Yes,Yes,No,No,No,Month-to-month,No,Electronic check,105.23,7567.05,2,No
5313-ONY,Female,0,Yes,No,34,Yes,No,Fiber optic,No,No,No,No,No,Yes,Month-to-month,Yes,Electronic check,94.26,3190.29,0,No
4721-VHY,Male,1,Yes,Yes,32,Yes,No,DSL,No,No,No,No,No,No,Month-to-month,Yes,Bank transfer (automatic),64.28,2064.06,0,No
2671-UUV,Male,0,No,No,52,Yes,No,No,No internet service,No internet service,No internet service,No internet service,No internet service,No internet service,Month-to-month,No,Electronic check,42.97,2221.31,2,No
7496-MHR,Female,0,Yes,No,1,Yes,No,No,No internet service,No internet service,No internet service,No internet service,No internet service,No internet service,Month-to-month,Yes,Mailed check,42.19,38.6,0,No
4989-IMC,Female,0,No,Yes,24,Yes,Yes,DSL,No,No,No,No,Yes,No,Month-to-month,No,Credit card (automatic),89.81,2159.06,0,No
2321-EYF,Female,0,No,No,43,Yes,Yes,DSL,No,No,No,No,No,No,Month-to-month,No,Credit card (automatic),73.07,3156.73,3,No
8101-HXG,Male,1,No,No,1,Yes,No,Fiber optic,Yes,Yes,No,No,No,No,Month-to-month,No,Mailed check,107.2,106.2,0,Yes
4412-RNO,Female,0,Yes,No,36,No,No phone service,No,No internet service,No internet service,No internet service,No internet service,No internet service,No internet service,Month-to-month,Yes,Mailed check,21.34,774.96,1,No
4481-ULG,Female,0,Yes,No,72,Yes,No,Fiber optic,No,No,No,Yes,Yes,Yes,One year,Yes,Mailed check,118.89,8570.76,1,No
9219-GKM,Female,0,No,No,23,Yes,No,No,No internet service,No internet service,No internet service,No internet service,No internet service,No internet service,Month-to-month,Yes,Electronic check,41.02,952.79,1,No
6326-RGF,Female,0,No,No,14,Yes,No,DSL,No,No,No,No,Yes,No,Two year,Yes,Electronic check,78.06,1104.22,1,No
8798-KHT,Male,0,No,Yes,16,Yes,Yes,DSL,No,Yes,Yes,No,No,Yes,Two year,Yes,Electronic check,104.6,1675.14,2,No
5999-SCE,Female,0,Yes,No,29,Yes,Yes,DSL,No,No,Yes,No,No,No,Month-to-month,Yes,Credit card (automatic),87.12,2541.29,3,No
4405-UOX,Female,0,No,Yes,22,Yes,Yes,Fiber optic,Yes,Yes,No,Yes,Yes,No,Month-to-month,No,Credit card (automatic),139.78,3086.86,3,Yes
6848-BNK,Male,0,No,No,39,Yes,Yes,No,No internet service,No internet service,No internet service,No internet service,No internet service,No internet service,Two year,Yes,Electronic check,52.32,2035.43,1,No
9396-YGJ,Male,0,Yes,Yes,14,Yes,Yes,DSL,No,Yes,No,No,Yes,No,Month-to-month,Yes,Bank transfer (automatic),99.77,1396.35,2,Yes
9983-AUY,Male,0,No,No,14,Yes,No,Fiber optic,No,Yes,Yes,No,No,No,One year,Yes,Credit card (automatic),106.3,1485.39,4,Yes
4747-RFB,Male,0,No,Yes,35,Yes,Yes,No,No internet service,No internet service,No internet service,No internet service,No internet service,No internet service,Two year,Yes,Credit card (automatic),47.08,1652.25,3,No
2607-PSR,Male,0,Yes,Yes,26,No,No phone service,Fiber optic,No,No,No,No,Yes,No,Month-to-month,No,Electronic check,74.36,1937.46,4,Yes
7733-CPA,Female,0,Yes,No,38,Yes,No,Fiber optic,No,No,No,No,No,No,Month-to-month,No,Electronic check,87.44,3311.59,1,Yes
8645-NSV,Female,0,No,Yes,55,Yes,Yes,DSL,Yes,No,No,No,No,No,Month-to-month,No,Electronic check,84.29,4642.16,2,No
5166-NER,Female,0,Yes,No,8,Yes,Yes,Fiber optic,No,No,No,No,Yes,No,One year,Yes,Mailed check,106.7,843.7,2,Yes
1771-YQL,Male,1,Yes,No,10,Yes,No,No,No internet service,No internet service,No internet service,No internet service,No internet service,No internet service,One year,Yes,Mailed check,42.12,418.75,2,No
6713-HUO,Female,1,Yes,No,19,Yes,Yes,No,No internet service,No internet service,No internet service,No internet service,No internet service,No internet service,One year,No,Electronic check,51.32,967.11,4,Yes
2151-CBX,Male,0,No,No,67,Yes,No,No,No internet service,No internet service,No internet service,No internet service,No internet service,No internet service,Two year,No,Credit card (automatic),40.94,2753.05,1,No
4944-HDB,Male,0,No,No,45,Yes,No,Fiber optic,No,No,No,No,No,Yes,Two year,No,Electronic check,96.27,4339.47,1,No
3669-BBV,Female,0,No,No,16,Yes,Yes,DSL,No,No,No,No,No,No,Month-to-month,Yes,Mailed check,77.73,1253.68,0,No
1422-LFR,Male,1,Yes,No,22,Yes,No,DSL,No,No,No,Yes,Yes,No,Two year,No,Mailed check,89.19,1963.01,0,No
9722-MTU,Female,0,Yes,No,32,Yes,Yes,DSL,Yes,No,No,No,Yes,No,Month-to-month,Yes,Credit card (automatic),96.96,3093.02,0,No
2942-YBH,Male,0,No,Yes,19,Yes,No,Fiber optic,Yes,No,No,No,No,No,Month-to-month,Yes,Credit card (automatic),95.57,1815.85,0,Yes
5626-IZD,Female,0,Yes,Yes,3,Yes,Yes,Fiber optic,Yes,No,Yes,Yes,Yes,No,One year,Yes,Electronic check,137.38,423.4,4,Yes
1079-SJF,Male,0,No,No,11,Yes,No,No,No internet service,No internet service,No internet service,No internet service,No internet service,No internet service,One year,Yes,Mailed check,39.82,449.05,3,No
3223-JMI,Male,0,Yes,Yes,2,Yes,No,DSL,Yes,No,Yes,Yes,No,No,Month-to-month,No,Mailed check,92.68,175.54,1,No
5518-DSZ,Male,1,Yes,No,28,Yes,No,DSL,No,No,No,No,No,Yes,Month-to-month,No,Electronic check,79.85,2239.06,2,No
3623-SLM,Female,0,No,No,11,Yes,Yes,Fiber optic,No,Yes,Yes,No,Yes,No,One year,Yes,Credit card (automatic),128.05,1413.29,3,Yes
1739-YJU,Male,0,No,No,34,Yes,No,No,No internet service,No internet service,No internet service,No internet service,No internet service,No internet service,Month-to-month,No,Electronic check,41.6,1418.69,2,No
4878-EQR,Female,0,No,Yes,15,Yes,No,DSL,No,No,No,Yes,No,Yes,Month-to-month,Yes,Electronic check,84.95,1261.23,0,No
3154-OUV,Male,0,No,No,2,No,No phone service,DSL,No,Yes,No,No,No,No,Month-to-month,Yes,Credit card (automatic),52.21,93.03,4,Yes
9697-YFR,Female,0,No,Yes,12,No,No phone service,Fiber optic,No,No,No,No,Yes,No,Two year,No,Electronic check,78.29,936.77,5,Yes
5815-BSA,Male,0,Yes,No,7,Yes,No,DSL,No,No,No,Yes,Yes,Yes,Two year,Yes,Mailed check,101.99,726.28,5,No
2720-ZKT,Female,0,Yes,No,7,Yes,No,No,No internet service,No internet service,No internet service,No internet service,No internet service,No internet service,Month-to-month,Yes,Mailed check,41.3,281.72,2,Yes
8076-PWA,Male,0,No,Yes,12,No,No phone service,Fiber optic,No,Yes,No,No,No,No,Month-to-month,Yes,Credit card (automatic),75.67,900.45,2,Yes
3066-NCB,Male,0,Yes,No,72,Yes,Yes,No,No internet service,No internet service,No internet service,No internet service,No internet service,No internet service,Month-to-month,Yes,Credit card (automatic),47.48,3416.12,3,No
6175-EQR,Male,0,No,No,72,Yes,No,No,No internet service,No internet service,No internet service,No internet service,No internet service,No internet service,Month-to-month,Yes,Electronic check,38.87,2804.66,0,No
9928-OVI,Female,0,No,No,41,Yes,Yes,DSL,No,No,No,No,No,Yes,One year,Yes,Bank transfer (automatic),84.11,3445.68,3,No
7426-WEM,Male,0,No,No,8,Yes,Yes,DSL,No,Yes,No,Yes,No,Yes,Two year,No,Electronic check,106.41,863.87,2,No
3935-JTY,Male,0,No,Yes,37,Yes,Yes,DSL,No,No,No,No,Yes,No,One year,No,Bank transfer (automatic),86.13,3199.65,1,No
1461-VUZ,Male,0,Yes,No,1,Yes,No,Fiber optic,Yes,Yes,No,Yes,No,Yes,Month-to-month,Yes,Credit card (automatic),126.08,139.55,1,Yes
7507-KWG,Female,0,No,No,2,No,No phone service,DSL,No,No,No,No,No,No,Month-to-month,Yes,Electronic check,42.32,79.63,1,Yes
5561-GXT,Male,0,No,Yes,46,Yes,No,No,No internet service,No internet service,No internet service,No internet service,No internet service,No internet service,Month-to-month,No,Electronic check,40.95,1882.38,3,No
3122-LZP,Female,0,No,No,21,Yes,Yes,DSL,No,Yes,Yes,Yes,No,No,Two year,Yes,Electronic check,107.5,2264.4,0,No
2586-KPW,Female,0,No,No,12,Yes,Yes,No,No internet service,No internet service,No internet service,No internet service,No internet service,No internet service,Month-to-month,No,Bank transfer (automatic),48.73,598.15,1,No
9826-LHC,Male,0,Yes,No,34,Yes,No,Fiber optic,No,Yes,No,Yes,No,No,One year,No,Mailed check,102.55,3490.4,2,No
6249-FPT,Male,0,No,Yes,4,Yes,Yes,Fiber optic,No,Yes,Yes,Yes,Yes,No,Month-to-month,No,Electronic check,139.26,556.7,3,Yes
6527-ONB,Female,1,Yes,No,9,Yes,No,Fiber optic,No,No,No,No,Yes,Yes,Month-to-month,No,Electronic check,111.38,1004.92,4,Yes
6073-BAT,Female,0,No,No,33,Yes,Yes,No,No internet service,No internet service,No internet service,No internet service,No internet service,No internet service,Month-to-month,Yes,Credit card (automatic),50.66,1662.86,3,Yes
6416-IPK,Male,0,No,Yes,6,Yes,Yes,DSL,Yes,Yes,No,Yes,No,No,Month-to-month,Yes,Electronic check,104.16,637.39,2,Yes
7315-CLW,Female,0,Yes,No,23,Yes,No,DSL,No,Yes,Yes,No,No,No,Month-to-month,Yes,Electronic check,85.15,1962.83,2,Yes
3728-TVF,Female,0,No,No,15,Yes,No,Fiber optic,Yes,Yes,Yes,No,No,No,One year,Yes,Mailed check,116.55,1739.44,1,No
5938-CDJ,Male,0,No,Yes,6,Yes,Yes,Fiber optic,Yes,No,No,No,Yes,Yes,Two year,Yes,Electronic check,127.54,763.37,2,No
1293-AHH,Male,0,No,No,55,Yes,No,DSL,No,No,No,Yes,No,Yes,Month-to-month,No,Bank transfer (automatic),88.58,4863.69,0,No
4685-QSA,Female,0,No,Yes,15,Yes,Yes,Fiber optic,No,No,Yes,No,Yes,No,Month-to-month,No,Electronic check,115.81,1744.11,3,Yes
8310-MUC,Female,0,No,No,23,Yes,No,Fiber optic,No,No,No,No,Yes,No,One year,Yes,Electronic check,96.42,2225.65,1,No
9641-CIP,Male,0,Yes,No,8,Yes,Yes,Fiber optic,No,No,Yes,Yes,Yes,Yes,Month-to-month,Yes,Bank transfer (automatic),137.58,1111.25,1,Yes
6303-MSR,Female,0,No,Yes,11,Yes,No,DSL,No,No,No,No,No,No,Two year,No,Mailed check,63.39,708.25,2,No
9148-LLA,Female,0,No,No,2,Yes,Yes,No,No internet service,No internet service,No internet service,No internet service,No internet service,No internet service,Two year,Yes,Electronic check,52.3,100.17,3,No
2235-HQU,Male,0,No,No,17,Yes,No,Fiber optic,No,No,No,No,Yes,No,Two year,Yes,Mailed check,96.22,1647.84,3,Yes
5411-TVG,Female,0,No,No,11,Yes,Yes,Fiber optic,Yes,Yes,No,Yes,No,Yes,One year,No,Mailed check,135.4,1487.03,3,Yes
6352-QJD,Female,0,No,No,10,Yes,Yes,DSL,No,No,No,No,Yes,No,Two year,No,Credit card (automatic),84.94,862.22,1,No
3261-ZGG,Female,0,No,Yes,56,No,No phone service,No,No internet service,No internet service,No internet service,No internet service,No internet service,No internet service,Two year,Yes,Electronic check,22.36,1256.74,1,No
2853-ZXX,Female,0,No,Yes,31,Yes,No,DSL,No,Yes,No,No,Yes,No,Month-to-month,Yes,Credit card (automatic),89.11,2771.06,2,No
7895-LOH,Male,0,Yes,Yes,16,Yes,Yes,No,No internet service,No internet service,No internet service,No internet service,No internet service,No internet service,One year,Yes,Electronic check,51.72,839.73,2,No
1862-POX,Female,0,No,No,6,No,No phone service,Fiber optic,No,Yes,No,Yes,No,No,Month-to-month,No,Credit card (automatic),83.29,487.84,2,Yes
2219-TPJ,Female,0,No,No,72,No,No phone service,DSL,No,No,No,No,No,No,Two year,Yes,Mailed check,46.15,3319.66,1,No
3922-ZEK,Male,0,Yes,No,2,Yes,Yes,Fiber optic,Yes,Yes,Yes,No,No,Yes,Two year,Yes,Mailed check,136.74,286.73,3,No
1846-FPO,Female,1,Yes,No,4,Yes,Yes,Fiber optic,No,No,No,Yes,No,Yes,Two year,Yes,Bank transfer (automatic),116.11,464.48,0,No
4283-BBL,Female,0,Yes,No,8,Yes,Yes,Fiber optic,No,No,Yes,Yes,Yes,No,Month-to-month,No,Electronic check,129.35,1043.27,2,Yes
2359-SBQ,Male,0,Yes,Yes,72,No,No phone service,No,No internet service,No internet service,No internet service,No internet service,No internet service,No internet service,Month-to-month,Yes,Credit card (automatic),21.7,1575.19,1,No
1471-PEJ,Female,1,Yes,No,9,No,No phone service,Fiber optic,Yes,No,No,Yes,No,Yes,Month-to-month,No,Credit card (automatic),98.34,893.2,2,Yes
4948-PIX,Female,0,No,Yes,17,Yes,No,DSL,No,Yes,Yes,No,No,No,Month-to-month,Yes,Electronic check,82.28,1392.93,2,Yes
7172-ZPW,Female,0,No,Yes,36,No,No phone service,DSL,Yes,No,No,No,No,Yes,Month-to-month,Yes,Mailed check,66.68,2403.46,3,No
3330-KGQ,Female,1,Yes,No,67,Yes,No,No,No internet service,No internet service,No internet service,No internet service,No internet service,No internet service,Two year,Yes,Mailed check,37.37,2493.21,3,No
7837-MDN,Female,0,Yes,No,24,Yes,Yes,Fiber optic,No,Yes,No,No,Yes,No,One year,Yes,Bank transfer (automatic),118.71,2842.87,1,No
8354-LBZ,Female,0,No,No,13,Yes,No,Fiber optic,Yes,No,No,Yes,No,No,One year,Yes,Bank transfer (automatic),102.7,1323.44,2,No
2430-IEH,Female,0,No,Yes,72,Yes,No,DSL,No,No,Yes,Yes,Yes,Yes,Month-to-month,No,Bank transfer (automatic),106.45,7669.39,0,No
2421-GGI,Male,0,Yes,No,1,Yes,Yes,Fiber optic,No,No,No,Yes,No,No,Month-to-month,Yes,Credit card (automatic),106.49,97.43,1,Yes
3818-NQR,Male,0,Yes,Yes,45,No,No phone service,Fiber optic,No,No,Yes,No,No,No,Month-to-month,Yes,Bank transfer (automatic),77.35,3470.18,1,No
2195-VNZ,Male,0,Yes,No,9,Yes,Yes,Fiber optic,No,No,No,Yes,No,No,Month-to-month,Yes,Mailed check,102.14,928.32,0,No
6305-MNI,Female,1,No,No,43,Yes,Yes,No,No internet service,No internet service,No internet service,No internet service,No internet service,No internet service,One year,Yes,Mailed check,49.52,2129.68,4,No
1842-QBS,Male,0,No,Yes,5,Yes,No,Fiber optic,No,Yes,No,Yes,Yes,No,Month-to-month,Yes,Electronic check,117.61,595.1,2,Yes
1294-RME,Male,0,Yes,No,11,Yes,No,No,No internet service,No internet service,No internet service,No internet service,No internet service,No internet service,One year,Yes,Mailed check,39.67,435.54,4,No
7678-ZXX,Male,0,Yes,Yes,2,Yes,No,DSL,Yes,Yes,No,No,No,No,One year,No,Credit card (automatic),86.56,169.16,3,No
6020-POH,Male,0,No,No,6,Yes,Yes,No,No internet service,No internet service,No internet service,No internet service,No internet service,No internet service,Month-to-month,No,Bank transfer (automatic),47.03,285.43,3,Yes
5864-QON,Female,0,No,Yes,24,Yes,No,Fiber optic,No,No,No,Yes,Yes,Yes,Two year,Yes,Electronic check,119.79,2886.78,0,No
3381-JBF,Female,0,Yes,No,36,Yes,Yes,DSL,Yes,Yes,No,No,No,No,One year,Yes,Electronic check,94.86,3421.59,1,No
1381-QEE,Female,0,No,Yes,61,Yes,Yes,Fiber optic,No,No,Yes,Yes,No,No,One year,No,Electronic check,117.2,7149.81,2,No
6454-OTK,Male,0,Yes,No,4,Yes,No,Fiber optic,No,Yes,Yes,Yes,Yes,No,Two year,Yes,Credit card (automatic),124.48,488.69,1,No
5804-AKK,Female,0,No,No,4,Yes,No,Fiber optic,Yes,No,Yes,No,Yes,Yes,Month-to-month,Yes,Credit card (automatic),126.97,499.01,2,Yes
8621-WHB,Male,0,Yes,No,70,Yes,No,DSL,Yes,Yes,No,No,Yes,No,Month-to-month,Yes,Electronic check,94.7,6641.54,1,No
9654-WVI,Female,0,Yes,No,37,Yes,Yes,Fiber optic,No,Yes,No,No,Yes,Yes,Month-to-month,No,Electronic check,127.79,4723.23,2,Yes
1942-HPN,Female,0,No,No,20,Yes,No,DSL,Yes,No,Yes,No,Yes,No,One year,No,Mailed check,97.98,1970.0,2,No
2326-TMI,Male,0,Yes,Yes,17,Yes,Yes,Fiber optic,No,No,Yes,Yes,No,Yes,One year,No,Electronic check,124.86,2134.25,3,No
3106-FHT,Male,0,Yes,Yes,5,Yes,Yes,No,No internet service,No internet service,No internet service,No internet service,No internet service,No internet service,Month-to-month,No,Electronic check,49.14,249.86,2,Yes
2375-ZQU,Female,1,No,No,12,Yes,No,DSL,No,No,No,No,No,Yes,Month-to-month,No,Electronic check,77.32,924.51,2,Yes
3348-VDD,Female,1,Yes,Yes,12,No,No phone service,No,No internet service,No internet service,No internet service,No internet service,No internet service,No internet service,Two year,No,Bank transfer (automatic),18.5,223.4,0,No
1479-EPN,Female,0,No,No,27,Yes,Yes,Fiber optic,Yes,No,Yes,No,No,Yes,Month-to-month,Yes,Bank transfer (automatic),129.12,3472.37,4,Yes
6757-NNY,Male,0,Yes,No,23,Yes,Yes,DSL,No,No,No,Yes,Yes,No,Month-to-month,Yes,Bank transfer (automatic),94.55,2159.7,2,No
1087-YNS,Male,0,No,No,2,Yes,Yes,No,No internet service,No internet service,No internet service,No internet service,No internet service,No internet service,Month-to-month,Yes,Electronic check,48.21,91.08,2,Yes
1162-QNJ,Male,0,No,Yes,48,Yes,No,Fiber optic,No,No,No,No,No,Yes,Month-to-month,Yes,Electronic check,99.43,4778.45,0,No
3348-VDK,Male,0,Yes,Yes,70,Yes,Yes,DSL,Yes,No,Yes,Yes,No,No,One year,Yes,Bank transfer (automatic),105.98,7423.43,1,No
5142-OXB,Female,0,No,Yes,38,Yes,No,DSL,No,Yes,Yes,No,No,No,Two year,Yes,Electronic check,85.96,3259.39,0,No
3474-BWE,Male,0,No,No,5,Yes,No,Fiber optic,No,Yes,No,Yes,Yes,No,Two year,Yes,Bank transfer (automatic),118.93,607.42,1,No
6830-GJF,Male,0,Yes,No,5,Yes,No,DSL,Yes,No,Yes,No,No,No,Month-to-month,Yes,Credit card (automatic),85.38,422.56,1,Yes
6811-LMX,Male,0,No,No,33,Yes,No,No,No internet service,No internet service,No internet service,No internet service,No internet service,No internet service,Month-to-month,No,Credit card (automatic),42.04,1386.91,4,No
9987-KRB,Female,1,No,Yes,15,Yes,No,DSL,Yes,Yes,Yes,No,No,No,Month-to-month,No,Bank transfer (automatic),97.42,1458.82,3,Yes
2903-BSF,Female,0,Yes,Yes,38,Yes,Yes,No,No internet service,No internet service,No internet service,No internet service,No internet service,No internet service,One year,Yes,Credit card (automatic),52.9,1997.77,1,No
6376-KRJ,Male,0,No,No,2,Yes,Yes,Fiber optic,No,No,Yes,No,Yes,Yes,Month-to-month,Yes,Electronic check,131.67,269.77,5,Yes
7065-ASP,Male,0,Yes,Yes,32,Yes,No,No,No internet service,No internet service,No internet service,No internet service,No internet service,No internet service,Month-to-month,No,Mailed check,41.26,1332.3,2,No
4577-GOA,Female,0,No,No,14,Yes,Yes,DSL,No,No,Yes,No,Yes,No,Two year,No,Bank transfer (automatic),94.88,1320.86,2,No
3134-UIB,Female,0,Yes,Yes,1,Yes,No,DSL,No,No,No,No,No,No,Month-to-month,Yes,Mailed check,66.03,62.53,2,Yes
6776-YXJ,Male,0,Yes,Yes,20,Yes,No,Fiber optic,No,No,Yes,No,No,No,Two year,No,Credit card (automatic),92.86,1849.35,2,No
6828-HHE,Female,0,Yes,No,31,Yes,No,No,No internet service,No internet service,No internet service,No internet service,No internet service,No internet service,Month-to-month,Yes,Electronic check,38.66,1203.04,1,No
7278-MMQ,Male,0,Yes,Yes,19,Yes,Yes,DSL,No,Yes,Yes,No,Yes,No,Month-to-month,No,Electronic check,104.31,1995.49,2,Yes
9195-RJC,Female,0,No,No,4,Yes,No,No,No internet service,No internet service,No internet service,No internet service,No internet service,No internet service,One year,No,Credit card (automatic),39.48,150.88,3,No
9843-AKR,Male,0,Yes,No,43,Yes,No,DSL,No,No,No,No,Yes,Yes,Two year,Yes,Electronic check,90.52,3893.18,2,No
4271-TSQ,Male,0,Yes,No,10,Yes,Yes,Fiber optic,Yes,No,No,No,No,No,Two year,Yes,Mailed check,103.08,1043.91,1,No
1289-CCF,Male,0,Yes,No,64,Yes,Yes,DSL,No,No,Yes,No,No,Yes,Month-to-month,Yes,Bank transfer (automatic),95.16,6075.8,0,No
9425-XVR,Male,0,Yes,Yes,60,Yes,No,DSL,Yes,No,No,Yes,No,Yes,One year,No,Mailed check,97.9,5874.75,2,No
9623-GAQ,Female,0,No,Yes,6,Yes,No,Fiber optic,Yes,Yes,No,No,No,No,Month-to-month,No,Mailed check,103.64,627.21,1,Yes
4044-AUQ,Female,0,Yes,Yes,17,Yes,Yes,DSL,No,No,No,Yes,No,No,Month-to-month,Yes,Electronic check,84.58,1450.5,3,Yes
5318-LYT,Male,0,No,No,4,Yes,Yes,Fiber optic,No,Yes,No,No,No,Yes,Month-to-month,Yes,Credit card (automatic),115.72,473.41,0,Yes
3422-POM,Female,1,No,No,29,Yes,No,DSL,No,No,Yes,No,No,No,Month-to-month,Yes,Bank transfer (automatic),74.51,2166.75,0,No
5721-TVN,Male,0,No,No,48,Yes,Yes,No,No internet service,No internet service,No internet service,No internet service,No internet service,No internet service,Month-to-month,No,Credit card (automatic),48.96,2362.58,3,No
2486-LIZ,Female,0,Yes,Yes,27,Yes,No,No,No internet service,No internet service,No internet service,No internet service,No internet service,No internet service,One year,No,Credit card (automatic),42.6,1138.06,1,No
4749-JHP,Male,0,No,No,8,Yes,No,Fiber optic,Yes,Yes,No,No,Yes,Yes,Month-to-month,Yes,Credit card (automatic),128.58,1037.16,3,Yes
8055-SIP,Female,0,Yes,Yes,2,Yes,No,Fiber optic,Yes,No,No,Yes,No,No,Month-to-month,Yes,Mailed check,107.69,220.6,1,Yes
5382-VZD,Female,1,Yes,Yes,2,Yes,No,Fiber optic,No,No,Yes,No,No,No,Month-to-month,Yes,Mailed check,94.63,198.26,1,Yes
9428-ROD,Female,0,No,No,24,No,No phone service,Fiber optic,No,Yes,No,No,No,No,Two year,Yes,Credit card (automatic),73.14,1747.93,2,No
7152-DPU,Female,0,No,No,72,Yes,Yes,Fiber optic,No,Yes,Yes,Yes,Yes,No,Month-to-month,No,Electronic check,139.66,10066.23,2,No
4950-XBN,Male,0,Yes,Yes,30,Yes,Yes,Fiber optic,Yes,Yes,Yes,Yes,No,Yes,One year,Yes,Electronic check,145.89,4387.44,2,No
8285-WDA,Male,1,No,Yes,33,Yes,Yes,Fiber optic,No,Yes,No,Yes,No,Yes,One year,Yes,Bank transfer (automatic),126.63,4163.93,4,Yes
9918-IQN,Female,0,No,No,10,Yes,Yes,DSL,No,Yes,No,No,No,Yes,Month-to-month,No,Electronic check,95.4,948.33,1,Yes
8216-AJW,Female,0,Yes,No,23,Yes,No,DSL,Yes,Yes,No,No,Yes,Yes,Month-to-month,Yes,Electronic check,110.29,2530.76,3,Yes
6999-YSX,Female,0,Yes,No,10,No,No phone service,Fiber optic,No,No,No,No,Yes,No,One year,Yes,Mailed check,79.24,795.6,0,No
8288-CLC,Female,1,Yes,Yes,58,No,No phone service,Fiber optic,No,No,No,No,Yes,No,Month-to-month,No,Electronic check,74.56,4335.57,2,No
8921-GSG,Male,0,Yes,No,4,Yes,No,No,No internet service,No internet service,No internet service,No internet service,No internet service,No internet service,Month-to-month,Yes,Electronic check,38.57,139.74,1,Yes
7191-SYO,Female,1,Yes,No,25,Yes,Yes,Fiber optic,No,Yes,Yes,No,Yes,No,One year,Yes,Electronic check,129.64,3232.95,2,Yes
5934-EWK,Female,1,Yes,No,33,No,No phone service,DSL,No,No,No,No,Yes,Yes,Month-to-month,No,Bank transfer (automatic),69.02,2277.49,2,No
7473-YUW,Female,0,Yes,Yes,30,Yes,No,DSL,No,No,Yes,Yes,Yes,No,One year,Yes,Credit card (automatic),99.53,3000.65,2,No
9032-TAH,Female,0,Yes,Yes,8,Yes,Yes,Fiber optic,No,No,No,No,No,No,Month-to-month,Yes,Bank transfer (automatic),95.89,754.15,3,Yes
4042-BDS,Female,0,Yes,No,17,Yes,No,Fiber optic,No,No,Yes,No,Yes,Yes,Month-to-month,Yes,Mailed check,121.2,2070.04,4,Yes
2732-XJX,Female,0,Yes,No,28,Yes,No,Fiber optic,No,No,Yes,Yes,Yes,No,Month-to-month,No,Credit card (automatic),118.12,3303.54,5,Yes
8802-WHM,Female,0,Yes,Yes,67,Yes,No,DSL,No,Yes,No,No,Yes,No,Month-to-month,Yes,Electronic check,84.53,5671.52,1,No
5868-ZZL,Female,0,No,No,18,No,No phone service,No,No internet service,No internet service,No internet service,No internet service,No internet service,No internet service,One year,Yes,Electronic check,21.35,382.03,3,No
1716-VHO,Male,0,Yes,No,9,Yes,No,No,No internet service,No internet service,No internet service,No internet service,No internet service,No internet service,One year,Yes,Mailed check,39.37,347.51,2,No
1204-AVF,Female,1,No,No,13,Yes,Yes,DSL,No,No,No,No,Yes,Yes,Month-to-month,No,Electronic check,96.51,1252.51,0,No
5094-KMU,Female,0,No,No,20,Yes,Yes,Fiber optic,Yes,Yes,No,Yes,No,No,Month-to-month,Yes,Mailed check,126.97,2537.43,4,Yes
8219-AKZ,Female,0,Yes,No,72,Yes,Yes,DSL,No,Yes,No,No,No,Yes,One year,Yes,Mailed check,99.77,7192.82,2,No
5842-HVC,Female,0,Yes,Yes,25,Yes,No,DSL,Yes,No,No,No,Yes,No,Month-to-month,Yes,Credit card (automatic),88.34,2216.7,2,No
6051-SLF,Male,0,No,No,5,Yes,No,DSL,No,Yes,No,Yes,No,No,Month-to-month,No,Electronic check,82.55,399.87,2,Yes
8835-WHE,Female,0,Yes,No,47,Yes,Yes,Fiber optic,No,Yes,No,No,Yes,Yes,Month-to-month,No,Mailed check,128.02,6026.21,3,Yes
8529-VPL,Male,0,Yes,No,6,Yes,No,No,No internet service,No internet service,No internet service,No internet service,No internet service,No internet service,Month-to-month,Yes,Electronic check,39.19,225.34,0,No
5368-FIJ,Male,0,Yes,No,1,Yes,No,No,No internet service,No internet service,No internet service,No internet service,No internet service,No internet service,Month-to-month,No,Credit card (automatic),42.26,27.61,2,Yes
9973-ZQY,Male,0,Yes,No,3,No,No phone service,DSL,No,No,No,Yes,No,Yes,One year,Yes,Bank transfer (automatic),67.57,193.52,2,No
6839-ACW,Male,0,Yes,Yes,39,Yes,Yes,Fiber optic,No,No,No,No,Yes,No,Month-to-month,Yes,Credit card (automatic),105.17,4089.49,5,Yes
8097-ROI,Female,0,No,No,59,Yes,No,DSL,No,No,Yes,No,No,Yes,One year,Yes,Mailed check,84.32,4969.14,3,No
9924-REX,Male,0,Yes,No,8,Yes,Yes,Fiber optic,No,No,Yes,No,No,Yes,Month-to-month,Yes,Credit card (automatic),116.76,946.69,3,Yes
3427-ZHC,Male,1,No,Yes,18,Yes,Yes,Fiber optic,Yes,Yes,No,No,Yes,Yes,Month-to-month,Yes,Bank transfer (automatic),139.38,2509.69,1,Yes
5353-YSH,Female,0,No,No,23,Yes,No,No,No internet service,No internet service,No internet service,No internet service,No internet service,No internet service,One year,Yes,Electronic check,41.48,942.17,3,No
5865-SAV,Male,0,Yes,Yes,14,Yes,No,No,No internet service,No internet service,No internet service,No internet service,No internet service,No internet service,One year,Yes,Electronic check,41.59,590.18,5,Yes
1172-WTQ,Male,0,Yes,No,2,Yes,Yes,DSL,No,No,Yes,No,No,Yes,Month-to-month,No,Electronic check,94.68,191.92,6,Yes
5005-DQU,Male,0,No,No,2,Yes,Yes,Fiber optic,No,No,Yes,No,Yes,No,One year,Yes,Electronic check,119.1,224.52,3,Yes
2694-PVK,Male,0,Yes,No,15,Yes,No,Fiber optic,No,No,No,No,No,No,Month-to-month,Yes,Bank transfer (automatic),83.18,1248.79,1,Yes
1142-RJF,Female,0,Yes,Yes,40,Yes,Yes,Fiber optic,Yes,No,No,No,No,No,Two year,No,Credit card (automatic),105.12,4210.74,3,No
6087-UPE,Male,1,Yes,No,3,Yes,No,DSL,No,No,Yes,No,No,Yes,Month-to-month,Yes,Electronic check,84.23,243.62,1,Yes
1837-NZW,Female,0,Yes,No,6,Yes,No,DSL,No,No,Yes,Yes,Yes,No,Month-to-month,Yes,Electronic check,94.55,581.86,3,Yes
9463-YGB,Female,0,Yes,No,8,Yes,Yes,No,No internet service,No internet service,No internet service,No internet service,No internet service,No internet service,Two year,No,Credit card (automatic),50.74,413.49,1,No
9997-IGB,Female,0,No,Yes,21,Yes,Yes,DSL,No,No,No,No,Yes,No,One year,Yes,Electronic check,87.78,1832.39,3,No
1882-HKY,Male,0,Yes,No,2,Yes,Yes,No,No internet service,No internet service,No internet service,No internet service,No internet service,No internet service,One year,Yes,Credit card (automatic),49.95,97.67,5,Yes
4171-PYR,Male,0,Yes,Yes,50,Yes,No,DSL,No,No,No,No,No,Yes,One year,No,Electronic check,77.67,3882.24,1,No
7732-EBK,Female,0,No,No,16,No,No phone service,Fiber optic,No,No,No,Yes,No,No,Month-to-month,No,Credit card (automatic),76.46,1224.94,1,Yes
6900-ERN,Female,1,No,No,17,Yes,Yes,Fiber optic,Yes,No,No,Yes,No,No,Month-to-month,Yes,Mailed check,116.35,1965.03,1,No
9774-HRG,Female,0,No,No,10,Yes,No,DSL,No,Yes,No,No,No,No,Month-to-month,Yes,Bank transfer (automatic),76.37,753.35,1,No
7515-QPK,Female,1,No,No,6,Yes,No,No,No internet service,No internet service,No internet service,No internet service,No internet service,No internet service,Month-to-month,Yes,Credit card (automatic),38.5,241.28,0,No
3866-AUH,Female,0,Yes,No,12,Yes,No,Fiber optic,No,Yes,No,Yes,Yes,No,Month-to-month,Yes,Electronic check,118.33,1413.48,1,Yes
1637-ISU,Female,0,No,No,62,Yes,Yes,DSL,Yes,Yes,Yes,No,Yes,Yes,Month-to-month,Yes,Mailed check,130.54,8107.89,2,No
5392-UYJ,Male,1,No,No,3,Yes,No,No,No internet service,No internet service,No internet service,No internet service,No internet service,No internet service,Month-to-month,Yes,Electronic check,39.83,109.71,1,No
8257-HTL,Male,0,No,Yes,2,Yes,No,No,No internet service,No internet service,No internet service,No internet service,No internet service,No internet service,Month-to-month,No,Mailed check,39.69,67.0,4,Yes
1159-AJD,Male,0,No,No,4,No,No phone service,DSL,No,No,Yes,No,Yes,No,One year,No,Credit card (automatic),64.08,241.44,4,No
6938-FEE,Female,0,No,No,38,Yes,No,No,No internet service,No internet service,No internet service,No internet service,No internet service,No internet service,Two year,Yes,Electronic check,42.28,1612.61,2,No
9411-CVB,Male,0,No,No,2,Yes,Yes,No,No internet service,No internet service,No internet service,No internet service,No internet service,No internet service,Month-to-month,Yes,Mailed check,50.27,106.73,3,Yes
6059-RIS,Female,0,No,Yes,11,Yes,Yes,DSL,No,No,No,No,No,No,One year,No,Electronic check,75.23,812.74,3,No
1921-JVO,Female,1,No,Yes,14,Yes,No,DSL,No,Yes,No,Yes,No,Yes,Month-to-month,Yes,Mailed check,98.7,1383.8,1,No
5576-KNJ,Male,0,No,No,18,Yes,No,Fiber optic,No,Yes,Yes,Yes,Yes,Yes,Month-to-month,Yes,Electronic check,139.08,2516.13,1,Yes
1724-PHB,Female,1,Yes,No,1,Yes,Yes,No,No internet service,No internet service,No internet service,No internet service,No internet service,No internet service,Two year,Yes,Electronic check,49.62,39.54,1,No
6080-GSG,Male,1,Yes,No,17,Yes,No,Fiber optic,No,No,No,Yes,No,No,One year,No,Mailed check,92.18,1561.02,2,No
5487-NAM,Male,0,No,No,6,Yes,Yes,Fiber optic,No,No,No,No,No,No,One year,Yes,Bank transfer (automatic),96.01,561.18,1,No
9116-FSO,Male,1,No,No,3,Yes,Yes,DSL,Yes,Yes,No,No,Yes,No,Month-to-month,Yes,Electronic check,106.66,334.41,5,Yes
4572-CDE,Female,0,Yes,No,20,Yes,No,No,No internet service,No internet service,No internet service,No internet service,No internet service,No internet service,Two year,Yes,Credit card (automatic),42.65,844.29,3,No
8769-YJH,Female,0,No,No,35,No,No phone service,DSL,Yes,No,No,No,No,No,Month-to-month,Yes,Credit card (automatic),57.07,1983.98,2,No
7773-ZCR,Female,0,Yes,No,69,Yes,No,DSL,No,No,No,Yes,No,No,One year,Yes,Electronic check,72.45,4996.77,3,No
7240-NVW,Male,0,No,Yes,61,Yes,Yes,Fiber optic,No,No,Yes,No,Yes,No,Month-to-month,Yes,Electronic check,118.33,7204.43,4,No
6086-MYL,Female,0,No,No,13,Yes,No,Fiber optic,No,No,No,No,No,Yes,Month-to-month,No,Electronic check,97.87,1262.96,2,Yes
6602-RUM,Male,0,No,No,31,Yes,Yes,DSL,No,Yes,No,No,Yes,No,Month-to-month,No,Electronic check,98.98,3063.42,0,Yes
7121-AFI,Female,0,No,No,30,Yes,Yes,DSL,No,No,Yes,No,Yes,No,One year,No,Bank transfer (automatic),99.87,2994.16,2,No
4497-OIW,Male,0,Yes,Yes,14,Yes,No,DSL,Yes,No,No,Yes,Yes,Yes,Month-to-month,Yes,Credit card (automatic),108.84,1520.4,0,No
6642-GXZ,Male,1,Yes,No,3,Yes,Yes,DSL,No,No,No,Yes,No,Yes,Month-to-month,No,Electronic check,98.53,290.1,5,Yes
2821-BNF,Female,0,Yes,No,13,Yes,No,No,No internet service,No internet service,No internet service,No internet service,No internet service,No internet service,Month-to-month,No,Bank transfer (automatic),42.03,542.36,3,Yes
8236-ESS,Female,0,No,No,72,Yes,Yes,DSL,No,No,Yes,No,No,Yes,Month-to-month,No,Electronic check,97.74,7044.66,3,No
6797-ZJW,Male,0,No,No,21,No,No phone service,No,No internet service,No internet service,No internet service,No internet service,No internet service,No internet service,Month-to-month,Yes,Credit card (automatic),18.5,403.11,1,No
8597-QCA,Male,0,Yes,Yes,11,Yes,No,Fiber optic,No,No,No,Yes,No,Yes,One year,No,Electronic check,104.78,1142.61,1,No
3793-CEY,Female,0,Yes,No,35,Yes,Yes,Fiber optic,Yes,No,No,No,Yes,Yes,Two year,Yes,Electronic check,130.29,4566.68,0,No
9361-ZYP,Male,0,No,No,29,Yes,Yes,Fiber optic,Yes,No,Yes,No,No,Yes,Month-to-month,No,Credit card (automatic),129.86,3772.65,0,Yes
5864-FIE,Female,1,No,Yes,22,Yes,Yes,Fiber optic,No,No,No,No,No,No,Month-to-month,No,Mailed check,93.72,2067.43,5,Yes
2325-JBE,Female,0,No,No,26,Yes,No,Fiber optic,Yes,No,No,Yes,No,No,Month-to-month,Yes,Mailed check,107.33,2789.68,2,Yes
2688-JZY,Male,0,No,No,22,Yes,No,No,No internet service,No internet service,No internet service,No internet service,No internet service,No internet service,One year,Yes,Bank transfer (automatic),42.99,931.12,2,No
2461-ICO,Female,0,Yes,No,72,Yes,No,Fiber optic,Yes,Yes,Yes,No,No,No,Two year,Yes,Mailed check,113.76,8183.44,2,No
5611-MFT,Male,1,Yes,Yes,18,Yes,No,DSL,No,Yes,No,No,Yes,No,Two year,Yes,Electronic check,84.89,1515.02,2,No
5516-OHY,Female,0,No,Yes,23,No,No phone service,DSL,No,Yes,No,No,Yes,No,Month-to-month,Yes,Mailed check,66.01,1522.3,2,Yes
9100-XMA,Male,0,Yes,No,16,Yes,No,DSL,Yes,Yes,No,Yes,Yes,Yes,Month-to-month,Yes,Bank transfer (automatic),119.09,1913.48,2,No
1032-GVE,Female,0,Yes,No,23,Yes,Yes,DSL,No,No,No,Yes,Yes,Yes,Month-to-month,Yes,Credit card (automatic),107.63,2470.94,0,No
4598-UYQ,Female,0,Yes,No,56,Yes,Yes,No,No internet service,No internet service,No internet service,No internet service,No internet service,No internet service,Month-to-month,Yes,Bank transfer (automatic),52.79,2953.53,2,No
7705-GVZ,Male,0,Yes,Yes,11,Yes,No,Fiber optic,No,Yes,No,No,Yes,No,Month-to-month,Yes,Electronic check,104.84,1148.26,1,Yes
1817-STG,Female,0,Yes,No,18,Yes,Yes,DSL,No,No,Yes,No,Yes,No,Month-to-month,No,Electronic check,95.76,1727.02,0,Yes
7828-RXK,Male,0,No,No,15,Yes,Yes,Fiber optic,No,No,Yes,Yes,No,Yes,Month-to-month,Yes,Credit card (automatic),125.77,1876.95,1,Yes
6480-WAV,Male,0,No,No,13,Yes,Yes,Fiber optic,Yes,Yes,No,No,Yes,No,One year,Yes,Credit card (automatic),127.27,1669.5,1,No
2887-HUL,Male,0,Yes,Yes,44,Yes,Yes,DSL,No,No,No,Yes,No,No,Two year,Yes,Electronic check,85.86,3769.77,6,No
3177-OUX,Male,0,No,No,7,Yes,Yes,DSL,Yes,No,No,No,No,No,One year,Yes,Electronic check,82.25,570.28,4,No
2744-OTT,Male,0,Yes,Yes,18,Yes,Yes,DSL,Yes,Yes,No,No,No,Yes,One year,No,Credit card (automatic),109.67,1979.49,2,No
8378-RTH,Female,0,Yes,No,65,Yes,No,Fiber optic,Yes,No,Yes,No,No,No,Month-to-month,Yes,Bank transfer (automatic),107.4,6982.62,3,No
1576-XXO,Female,1,No,No,5,Yes,Yes,Fiber optic,No,No,Yes,No,No,No,Month-to-month,Yes,Electronic check,107.96,543.36,3,Yes
5779-FMD,Female,1,No,No,1,No,No phone service,No,No internet service,No internet service,No internet service,No internet service,No internet service,No internet service,One year,Yes,Bank transfer (automatic),19.5,34.23,0,No
4948-QAE,Female,1,No,No,8,Yes,No,Fiber optic,No,No,No,No,No,No,Month-to-month,No,Bank transfer (automatic),82.01,647.77,0,Yes
2627-XQR,Female,0,Yes,No,64,Yes,No,Fiber optic,Yes,No,No,No,No,No,One year,No,Credit card (automatic),96.01,6139.65,3,No
4563-NSK,Female,0,Yes,Yes,3,Yes,No,DSL,No,No,Yes,No,No,Yes,One year,No,Credit card (automatic),84.78,248.94,2,No
4591-AIB,Female,1,No,No,4,Yes,No,DSL,No,Yes,No,Yes,No,No,Month-to-month,Yes,Electronic check,85.06,349.79,1,No
4311-BDL,Male,0,Yes,No,10,No,No phone service,Fiber optic,No,Yes,Yes,No,No,Yes,Month-to-month,No,Electronic check,94.56,943.34,3,Yes
2967-JCD,Male,0,No,No,37,Yes,No,No,No internet service,No internet service,No internet service,No internet service,No internet service,No internet service,Two year,No,Mailed check,40.58,1503.58,4,No
6462-ERC,Male,0,Yes,No,35,No,No phone service,Fiber optic,No,No,No,No,No,No,Two year,No,Electronic check,67.7,2355.84,2,No
9585-KSN,Female,0,No,Yes,3,Yes,No,DSL,No,No,No,Yes,No,Yes,One year,No,Electronic check,86.87,269.55,3,Yes
8547-KUD,Male,0,No,No,68,Yes,Yes,No,No internet service,No internet service,No internet service,No internet service,No internet service,No internet service,Month-to-month,Yes,Bank transfer (automatic),47.46,3220.44,2,No
7423-VFQ,Female,0,Yes,Yes,7,Yes,No,Fiber optic,No,No,No,Yes,Yes,No,Two year,Yes,Electronic check,104.12,722.41,3,Yes
2173-SMV,Female,0,No,No,9,Yes,No,DSL,No,No,No,No,Yes,No,Month-to-month,Yes,Credit card (automatic),74.25,667.52,1,Yes
1841-KFB,Female,0,Yes,No,13,Yes,Yes,Fiber optic,No,No,Yes,No,No,No,Two year,No,Mailed check,102.64,1319.65,1,No
7558-PCE,Male,0,Yes,No,26,Yes,No,Fiber optic,No,No,No,Yes,No,Yes,Month-to-month,No,Bank transfer (automatic),107.26,2776.99,4,Yes
5526-ODW,Male,0,Yes,No,19,Yes,No,No,No internet service,No internet service,No internet service,No internet service,No internet service,No internet service,Two year,No,Electronic check,37.71,725.28,2,No
4801-YQO,Male,1,Yes,No,66,Yes,No,No,No internet service,No internet service,No internet service,No internet service,No internet service,No internet service,Month-to-month,Yes,Mailed check,38.54,2557.44,4,No
1899-VQV,Female,1,Yes,No,21,Yes,No,DSL,No,Yes,No,Yes,Yes,No,Two year,No,Mailed check,95.82,2019.96,0,No
7096-NNQ,Female,0,Yes,Yes,49,Yes,Yes,Fiber optic,No,No,No,No,No,Yes,Two year,Yes,Mailed check,104.25,5093.46,0,No
2633-ZMV,Female,1,Yes,No,3,Yes,No,Fiber optic,No,Yes,No,No,No,No,Month-to-month,Yes,Bank transfer (automatic),93.99,282.22,5,Yes
5701-PFV,Female,0,No,Yes,49,Yes,No,Fiber optic,Yes,No,Yes,No,No,Yes,Month-to-month,Yes,Bank transfer (automatic),115.11,5647.68,0,No
4299-CFD,Male,0,Yes,Yes,6,Yes,No,DSL,No,No,Yes,No,No,No,Month-to-month,Yes,Bank transfer (automatic),72.62,438.13,1,Yes
1977-FZE,Male,0,No,No,12,Yes,No,Fiber optic,Yes,No,No,No,No,Yes,Month-to-month,Yes,Electronic check,109.61,1325.85,3,Yes
5901-PSK,Male,1,No,No,10,Yes,Yes,Fiber optic,Yes,Yes,Yes,Yes,No,No,Month-to-month,Yes,Mailed check,136.11,1351.97,0,No
7798-ZXI,Male,0,No,Yes,11,Yes,No,DSL,Yes,Yes,Yes,No,No,No,Month-to-month,Yes,Bank transfer (automatic),93.52,1042.24,2,Yes
8966-SYS,Female,0,No,Yes,63,Yes,No,Fiber optic,No,No,No,No,No,No,Month-to-month,No,Credit card (automatic),83.86,5294.03,1,No
5310-DJI,Female,0,Yes,Yes,15,Yes,Yes,DSL,No,Yes,No,No,Yes,Yes,One year,Yes,Electronic check,108.96,1646.88,4,Yes
7610-OSB,Male,0,Yes,No,8,Yes,No,DSL,No,No,No,No,No,No,One year,No,Credit card (automatic),67.56,529.6,1,No
4646-TXU,Female,0,Yes,No,9,No,No phone service,No,No internet service,No internet service,No internet service,No internet service,No internet service,No internet service,Month-to-month,Yes,Electronic check,18.5,167.28,2,No
1673-SQR,Female,0,No,No,41,Yes,Yes,Fiber optic,No,No,No,Yes,Yes,No,One year,No,Bank transfer (automatic),118.02,4832.76,3,No
3369-SAK,Male,0,No,No,20,No,No phone service,Fiber optic,No,Yes,No,No,Yes,Yes,Month-to-month,No,Bank transfer (automatic),101.51,2033.05,2,Yes
6432-JEP,Male,0,No,No,15,Yes,Yes,DSL,No,No,Yes,No,No,Yes,Month-to-month,Yes,Credit card (automatic),97.57,1467.47,3,Yes
1068-XWL,Female,0,Yes,No,66,No,No phone service,DSL,Yes,No,No,No,No,Yes,Month-to-month,Yes,Electronic check,69.08,4552.84,0,No
1419-WFS,Male,0,No,No,67,Yes,No,DSL,Yes,No,No,No,Yes,Yes,Month-to-month,No,Credit card (automatic),99.92,6697.14,3,No
7891-ZOP,Male,0,No,No,36,Yes,Yes,DSL,No,No,No,No,No,No,Month-to-month,Yes,Electronic check,72.59,2624.17,1,No
7104-UXG,Male,0,Yes,Yes,19,No,No phone service,Fiber optic,No,No,Yes,No,Yes,Yes,Month-to-month,No,Mailed check,99.11,1895.33,1,Yes
2208-WTD,Male,1,Yes,Yes,4,Yes,Yes,DSL,No,No,Yes,No,Yes,No,Month-to-month,Yes,Credit card (automatic),94.22,380.72,2,Yes
8466-HFY,Male,1,No,No,31,No,No phone service,DSL,No,No,No,No,No,No,Two year,Yes,Mailed check,45.09,1400.83,3,No
4209-GGD,Male,0,No,No,43,Yes,No,DSL,No,Yes,Yes,Yes,No,No,One year,No,Electronic check,95.23,4099.14,2,No
4490-XGD,Male,0,Yes,No,48,Yes,No,DSL,No,Yes,Yes,No,No,Yes,Month-to-month,Yes,Bank transfer (automatic),98.39,4723.51,4,No
2900-TQG,Male,0,Yes,Yes,22,Yes,Yes,Fiber optic,No,No,Yes,No,No,No,Month-to-month,Yes,Electronic check,102.22,2249.01,1,Yes
2712-ZZD,Male,0,Yes,No,24,Yes,Yes,Fiber optic,No,No,No,Yes,No,No,Month-to-month,Yes,Bank transfer (automatic),104.19,2496.59,0,No
2194-CKC,Female,1,No,No,31,Yes,No,No,No internet service,No internet service,No internet service,No internet service,No internet service,No internet service,Month-to-month,Yes,Electronic check,41.44,1281.52,1,No
1749-MMX,Male,0,No,Yes,52,Yes,Yes,DSL,No,Yes,No,No,No,No,Month-to-month,Yes,Electronic check,84.61,4389.81,3,No
5624-LVW,Male,0,Yes,No,2,Yes,Yes,Fiber optic,No,No,Yes,Yes,Yes,Yes,One year,No,Credit card (automatic),141.17,269.05,2,No
4917-LRD,Male,0,No,No,21,Yes,Yes,DSL,No,Yes,No,No,No,No,Two year,No,Mailed check,86.02,1809.82,4,No
2389-SMY,Female,0,No,No,12,Yes,No,Fiber optic,Yes,No,No,No,No,No,One year,Yes,Electronic check,95.88,1147.4,1,No
7141-WRK,Male,0,No,No,45,Yes,No,Fiber optic,No,No,No,No,Yes,Yes,One year,No,Credit card (automatic),108.16,4866.97,2,No
4816-LSN,Male,1,Yes,Yes,4,Yes,No,DSL,No,No,No,Yes,No,No,Month-to-month,Yes,Electronic check,73.29,296.59,6,Yes
6994-FNC,Female,0,Yes,Yes,61,Yes,Yes,Fiber optic,No,No,No,Yes,No,No,Month-to-month,Yes,Electronic check,106.24,6481.95,3,No
3451-YKX,Female,0,Yes,No,4,Yes,No,Fiber optic,No,No,Yes,Yes,No,Yes,Month-to-month,Yes,Mailed check,115.47,459.61,3,Yes
8632-QWC,Male,0,Yes,No,3,Yes,No,Fiber optic,No,No,No,No,No,Yes,Month-to-month,No,Electronic check,99.28,305.59,1,Yes
6158-YSC,Female,0,No,No,11,Yes,No,Fiber optic,No,Yes,No,No,Yes,No,One year,No,Electronic check,109.57,1196.62,2,Yes
5089-QIV,Female,0,Yes,No,72,Yes,Yes,DSL,Yes,No,No,No,No,No,One year,No,Electronic check,86.02,6180.79,4,No
8450-UIE,Female,0,No,No,26,Yes,No,No,No internet service,No internet service,No internet service,No internet service,No internet service,No internet service,Month-to-month,Yes,Electronic check,37.06,971.04,4,Yes
7792-SJD,Female,0,No,No,1,Yes,Yes,Fiber optic,No,Yes,No,Yes,Yes,Yes,Month-to-month,Yes,Mailed check,141.34,130.47,0,Yes
9378-HVM,Female,0,Yes,Yes,8,Yes,No,DSL,No,No,No,No,No,Yes,One year,Yes,Credit card (automatic),74.91,613.39,3,No
2702-GDO,Male,0,No,Yes,5,No,No phone service,No,No internet service,No internet service,No internet service,No internet service,No internet service,No internet service,Month-to-month,No,Electronic check,20.04,94.25,0,Yes
6835-PFI,Female,0,Yes,No,1,Yes,No,Fiber optic,Yes,Yes,No,No,Yes,Yes,Month-to-month,No,Bank transfer (automatic),126.48,128.31,3,Yes
6319-GDZ,Male,0,Yes,No,19,Yes,Yes,No,No internet service,No internet service,No internet service,No internet service,No internet service,No internet service,One year,Yes,Electronic check,51.09,971.15,3,No
7732-SGJ,Male,0,No,No,12,Yes,Yes,DSL,Yes,No,No,No,No,No,Month-to-month,Yes,Electronic check,84.79,1014.92,5,Yes
5376-LZC,Male,0,No,No,24,Yes,No,DSL,Yes,No,No,No,No,Yes,Month-to-month,No,Electronic check,89.8,2158.41,3,No
6177-YXL,Female,0,Yes,No,7,Yes,Yes,Fiber optic,Yes,Yes,No,Yes,No,No,Month-to-month,No,Bank transfer (automatic),124.09,880.01,2,Yes
1242-OHL,Male,0,No,Yes,45,No,No phone service,No,No internet service,No internet service,No internet service,No internet service,No internet service,No internet service,Month-to-month,No,Electronic check,18.5,836.73,4,No
1837-JBX,Female,0,Yes,Yes,13,Yes,Yes,DSL,Yes,No,No,No,No,Yes,Month-to-month,No,Electronic check,99.98,1285.94,4,Yes
2432-GHW,Male,1,Yes,No,17,Yes,No,Fiber optic,No,Yes,No,Yes,No,No,Month-to-month,No,Mailed check,102.61,1742.85,6,Yes
9431-KZD,Male,1,Yes,No,33,No,No phone service,DSL,No,Yes,No,No,Yes,No,One year,No,Bank transfer (automatic),67.81,2223.5,2,No
1303-SWK,Male,0,Yes,Yes,5,Yes,No,No,No internet service,No internet service,No internet service,No internet service,No internet service,No internet service,Month-to-month,No,Bank transfer (automatic),39.93,210.72,4,Yes
5102-MSQ,Female,0,Yes,No,8,Yes,No,Fiber optic,No,No,Yes,No,No,Yes,Month-to-month,Yes,Electronic check,104.52,846.31,2,Yes
1415-ZYV,Male,0,No,No,5,No,No phone service,Fiber optic,No,No,No,No,No,No,Two year,Yes,Electronic check,66.13,329.73,4,Yes
7524-LGA,Female,0,No,No,37,Yes,No,Fiber optic,No,No,No,No,Yes,Yes,Two year,No,Electronic check,106.12,3940.87,2,No
8466-XZI,Female,0,No,No,3,Yes,Yes,No,No internet service,No internet service,No internet service,No internet service,No internet service,No internet service,Month-to-month,Yes,Credit card (automatic),51.48,160.92,1,Yes
2523-SGA,Female,0,No,No,17,Yes,No,DSL,No,No,No,No,Yes,No,One year,No,Mailed check,76.64,1296.85,4,No
1552-MXB,Male,0,No,No,35,Yes,No,DSL,No,No,No,Yes,No,No,Two year,Yes,Electronic check,75.94,2643.38,2,No
1599-OQM,Male,0,No,No,18,Yes,No,No,No internet service,No internet service,No internet service,No internet service,No internet service,No internet service,Two year,No,Bank transfer (automatic),40.81,741.7,3,No
2982-CWV,Male,0,Yes,No,18,Yes,Yes,DSL,No,No,No,No,No,Yes,Month-to-month,Yes,Bank transfer (automatic),88.82,1589.47,2,No
1686-GWZ,Male,0,No,Yes,2,Yes,Yes,Fiber optic,No,No,Yes,No,No,No,Month-to-month,Yes,Electronic check,104.66,223.64,0,Yes
2759-SPJ,Female,0,No,No,39,Yes,No,Fiber optic,Yes,Yes,Yes,Yes,No,No,One year,Yes,Electronic check,124.26,4848.87,2,No
7208-ECQ,Male,1,Yes,No,24,Yes,No,DSL,Yes,No,Yes,No,No,No,Month-to-month,Yes,Credit card (automatic),85.74,2053.82,1,No
8476-SVY,Female,0,Yes,Yes,28,Yes,No,DSL,No,No,Yes,No,No,No,Month-to-month,No,Electronic check,77.25,2151.36,1,No
8951-BOM,Female,0,Yes,Yes,37,Yes,No,DSL,No,Yes,No,No,Yes,Yes,Month-to-month,No,Electronic check,97.83,3625.44,3,Yes
3988-PHK,Male,0,Yes,Yes,21,Yes,Yes,No,No internet service,No internet service,No internet service,No internet service,No internet service,No internet service,Month-to-month,No,Credit card (automatic),52.13,1083.06,1,No
4015-VJW,Male,0,No,Yes,18,Yes,No,Fiber optic,No,No,Yes,No,No,No,Month-to-month,Yes,Electronic check,97.49,1753.29,2,Yes
8838-LIE,Female,1,No,No,28,Yes,No,Fiber optic,Yes,No,No,No,No,Yes,Month-to-month,Yes,Bank transfer (automatic),104.28,2932.86,1,No
2608-PRH,Female,0,Yes,No,58,Yes,Yes,Fiber optic,No,Yes,No,No,Yes,No,Month-to-month,No,Mailed check,115.83,6727.16,3,No
8126-KTS,Male,1,Yes,No,26,Yes,Yes,Fiber optic,Yes,No,No,Yes,No,Yes,Month-to-month,No,Credit card (automatic),126.45,3293.85,1,No
9803-TZJ,Male,0,No,No,39,Yes,No,Fiber optic,Yes,Yes,Yes,No,No,No,Month-to-month,Yes,Electronic check,112.77,4388.69,3,Yes
4863-MTN,Male,1,No,No,17,Yes,Yes,Fiber optic,No,Yes,Yes,No,No,No,One year,No,Bank transfer (automatic),117.96,2005.97,0,No
8860-BDG,Female,0,No,Yes,23,Yes,No,Fiber optic,No,No,No,Yes,Yes,Yes,Month-to-month,Yes,Mailed check,117.99,2727.98,2,No
1125-QPM,Female,0,Yes,No,5,Yes,Yes,DSL,No,No,No,No,Yes,No,Month-to-month,Yes,Electronic check,87.5,439.65,1,Yes
3711-VWZ,Male,0,Yes,No,17,No,No phone service,Fiber optic,Yes,Yes,Yes,Yes,Yes,No,One year,Yes,Bank transfer (automatic),119.03,2010.93,2,No
7228-LWY,Female,0,Yes,No,5,Yes,Yes,DSL,Yes,No,Yes,No,Yes,No,One year,No,Credit card (automatic),107.68,539.04,4,Yes
6760-OCF,Female,0,Yes,No,16,Yes,No,No,No internet service,No internet service,No internet service,No internet service,No internet service,No internet service,One year,No,Electronic check,40.17,633.19,2,No
7989-WFA,Female,0,Yes,No,2,Yes,Yes,Fiber optic,No,Yes,No,No,Yes,No,One year,Yes,Bank transfer (automatic),119.4,225.37,3,Yes
9307-FHZ,Female,1,Yes,No,22,Yes,No,DSL,Yes,Yes,Yes,No,Yes,No,One year,Yes,Electronic check,107.67,2380.93,2,No
2742-NPT,Male,0,No,No,9,Yes,No,DSL,No,No,No,No,No,Yes,Month-to-month,No,Credit card (automatic),78.82,712.31,5,Yes
5090-SXA,Female,0,Yes,No,47,Yes,Yes,DSL,No,No,No,Yes,Yes,No,Month-to-month,No,Bank transfer (automatic),97.97,4594.36,3,No
7883-XJT,Male,1,No,No,12,No,No phone service,No,No internet service,No internet service,No internet service,No internet service,No internet service,No internet service,Month-to-month,Yes,Mailed check,18.5,213.0,2,No
7577-BDO,Male,0,Yes,No,63,Yes,Yes,No,No internet service,No internet service,No internet service,No internet service,No internet service,No internet service,Two year,Yes,Mailed check,51.16,3212.96,4,No
4388-DPO,Female,0,Yes,No,17,Yes,No,DSL,No,Yes,No,No,Yes,No,Month-to-month,No,Bank transfer (automatic),88.71,1513.96,2,Yes
7161-GOV,Male,1,Yes,No,48,Yes,No,Fiber optic,No,No,Yes,No,Yes,Yes,One year,No,Credit card (automatic),121.04,5814.71,6,Yes
9103-XAC,Male,1,No,No,9,Yes,No,No,No internet service,No internet service,No internet service,No internet service,No internet service,No internet service,Month-to-month,No,Electronic check,37.06,321.46,2,Yes
2348-RLL,Male,0,Yes,No,16,Yes,No,Fiber optic,No,Yes,No,No,Yes,Yes,Two year,Yes,Bank transfer (automatic),118.34,1892.51,3,No
8290-ZSI,Female,0,Yes,Yes,26,Yes,Yes,Fiber optic,No,No,No,No,No,No,Month-to-month,No,Credit card (automatic),94.6,2452.64,2,No
8658-QPD,Male,0,Yes,No,8,Yes,Yes,DSL,Yes,No,No,No,Yes,Yes,Two year,Yes,Electronic check,106.62,842.62,2,No
4817-VOY,Female,0,No,No,27,No,No phone service,No,No internet service,No internet service,No internet service,No internet service,No internet service,No internet service,Two year,No,Bank transfer (automatic),18.6,499.85,3,No
9306-CUW,Male,0,No,No,9,Yes,Yes,No,No internet service,No internet service,No internet service,No internet service,No internet service,No internet service,Month-to-month,Yes,Electronic check,52.72,475.83,7,Yes
5767-EKX,Male,0,Yes,Yes,17,Yes,Yes,DSL,Yes,No,Yes,Yes,No,No,Two year,Yes,Credit card (automatic),102.72,1731.7,0,No
7045-ZMB,Male,0,No,No,1,Yes,Yes,Fiber optic,Yes,Yes,Yes,No,No,No,Month-to-month,Yes,Electronic check,123.77,122.4,2,Yes
5874-TEI,Male,0,Yes,No,3,Yes,No,DSL,No,Yes,No,No,No,No,One year,Yes,Electronic check,77.37,234.59,4,Yes
7192-SWH,Female,0,Yes,No,7,No,No phone service,Fiber optic,No,No,Yes,No,No,Yes,Month-to-month,No,Mailed check,89.84,632.45,1,Yes
7406-EOJ,Male,0,No,No,42,Yes,Yes,DSL,No,Yes,No,Yes,No,No,Two year,Yes,Mailed check,96.11,4028.22,1,No
9535-PIG,Male,0,No,No,27,Yes,No,No,No internet service,No internet service,No internet service,No internet service,No internet service,No internet service,Month-to-month,Yes,Mailed check,39.06,1043.47,2,No
7154-IQI,Male,1,No,No,56,Yes,No,No,No internet service,No internet service,No internet service,No internet service,No internet service,No internet service,Month-to-month,Yes,Electronic check,42.23,2377.88,3,No
4285-HST,Female,0,Yes,No,59,No,No phone service,DSL,No,No,No,No,Yes,No,Month-to-month,No,Credit card (automatic),58.73,3477.2,1,No
4615-PGG,Female,1,Yes,No,12,Yes,No,Fiber optic,Yes,No,No,No,Yes,Yes,Month-to-month,No,Bank transfer (automatic),121.05,1444.11,5,Yes
4672-MCL,Male,1,No,Yes,12,Yes,No,Fiber optic,No,No,No,No,Yes,No,Month-to-month,No,Credit card (automatic),97.39,1175.5,3,Yes
4479-HMT,Male,0,Yes,No,46,Yes,No,No,No internet service,No internet service,No internet service,No internet service,No internet service,No internet service,Two year,Yes,Electronic check,37.17,1710.69,1,No
3159-GDL,Male,0,No,Yes,14,Yes,Yes,DSL,No,No,Yes,No,No,No,Month-to-month,Yes,Mailed check,83.89,1181.8,1,No
3112-QBF,Male,0,No,Yes,49,Yes,No,Fiber optic,No,Yes,No,No,No,No,Two year,Yes,Electronic check,97.58,4790.12,1,No
2354-UKR,Female,1,No,No,18,Yes,No,Fiber optic,No,No,Yes,No,No,No,Two year,Yes,Bank transfer (automatic),94.14,1693.38,3,No
7232-GNP,Female,0,Yes,Yes,14,Yes,Yes,DSL,Yes,Yes,No,Yes,Yes,No,Month-to-month,Yes,Credit card (automatic),116.9,1649.19,3,No
9075-ITW,Female,0,Yes,No,9,Yes,No,DSL,No,Yes,No,Yes,No,No,Two year,Yes,Electronic check,85.74,772.62,1,No
4540-PUS,Male,0,No,No,4,Yes,No,Fiber optic,No,No,Yes,Yes,Yes,No,Month-to-month,Yes,Credit card (automatic),118.48,462.48,1,Yes
8257-EVS,Male,0,No,No,19,Yes,Yes,DSL,No,No,No,Yes,Yes,Yes,Two year,Yes,Credit card (automatic),111.26,2121.71,2,No
2624-NOM,Male,0,Yes,Yes,10,Yes,No,Fiber optic,No,Yes,Yes,No,No,No,Two year,Yes,Electronic check,103.41,1043.13,1,No
8529-NZU,Male,0,No,Yes,8,Yes,Yes,Fiber optic,No,Yes,Yes,Yes,No,No,Month-to-month,Yes,Electronic check,125.61,1016.81,1,Yes
3108-LSF,Female,0,No,No,5,Yes,No,DSL,Yes,Yes,Yes,Yes,No,Yes,One year,Yes,Credit card (automatic),115.5,589.93,1,No
7667-XMH,Female,0,No,No,13,Yes,Yes,Fiber optic,Yes,No,Yes,Yes,Yes,Yes,Month-to-month,No,Credit card (automatic),151.4,1972.08,5,Yes
1577-VGL,Female,0,No,Yes,21,Yes,Yes,Fiber optic,Yes,Yes,No,Yes,No,No,Month-to-month,No,Bank transfer (automatic),125.74,2629.28,3,No
2229-IRK,Male,1,No,No,46,Yes,No,DSL,No,Yes,Yes,No,No,No,One year,Yes,Mailed check,84.64,3893.97,4,No
1687-SKR,Male,0,No,Yes,43,Yes,Yes,No,No internet service,No internet service,No internet service,No internet service,No internet service,No internet service,Two year,No,Electronic check,50.87,2184.87,2,No
3712-DRS,Male,0,Yes,No,49,Yes,No,DSL,No,No,Yes,No,No,Yes,One year,Yes,Electronic check,88.07,4324.35,3,No
1483-JVE,Male,1,No,No,22,Yes,No,No,No internet service,No internet service,No internet service,No internet service,No internet service,No internet service,Two year,No,Electronic check,37.62,819.3,2,No
7466-PZH,Male,0,No,Yes,21,Yes,No,Fiber optic,No,Yes,Yes,Yes,Yes,No,Two year,No,Credit card (automatic),126.12,2637.74,3,No
9887-GSN,Female,1,No,No,59,Yes,No,No,No internet service,No internet service,No internet service,No internet service,No internet service,No internet service,Two year,No,Electronic check,37.21,2191.18,3,No
9078-QUA,Male,0,Yes,No,9,Yes,No,Fiber optic,Yes,No,No,Yes,No,Yes,One year,Yes,Electronic check,118.69,1056.1,1,No
8877-WOL,Male,0,No,No,4,Yes,No,DSL,No,No,No,No,Yes,Yes,Month-to-month,Yes,Credit card (automatic),87.49,344.13,3,Yes
1065-EIT,Female,0,Yes,Yes,3,Yes,Yes,DSL,No,No,No,No,No,No,One year,No,Bank transfer (automatic),72.59,223.67,3,Yes
8533-RVH,Female,1,Yes,Yes,54,Yes,No,Fiber optic,No,No,No,No,Yes,No,Month-to-month,No,Electronic check,98.81,5338.69,3,No
1584-GRP,Male,0,Yes,No,12,Yes,Yes,Fiber optic,Yes,No,No,No,Yes,No,Two year,No,Electronic check,119.06,1418.64,1,No
2748-EWO,Female,0,No,No,18,Yes,No,DSL,Yes,Yes,Yes,No,No,Yes,Two year,No,Credit card (automatic),104.08,1871.99,2,No
2892-KVN,Male,0,No,No,41,Yes,No,No,No internet service,No internet service,No internet service,No internet service,No internet service,No internet service,Month-to-month,No,Bank transfer (automatic),38.8,1583.36,2,No
5024-SCX,Male,0,No,Yes,12,Yes,No,No,No internet service,No internet service,No internet service,No internet service,No internet service,No internet service,Month-to-month,No,Mailed check,41.51,495.58,2,No
5329-FZC,Female,0,Yes,No,51,Yes,No,Fiber optic,No,No,No,No,No,Yes,Two year,Yes,Credit card (automatic),99.17,5051.22,0,No
8329-MRB,Male,0,No,No,10,Yes,No,DSL,No,No,No,No,No,No,Month-to-month,Yes,Electronic check,64.74,633.95,1,Yes
9462-EOU,Male,1,No,Yes,33,Yes,No,DSL,Yes,Yes,Yes,No,Yes,Yes,Month-to-month,Yes,Mailed check,121.55,4017.47,3,No
8903-ROT,Male,0,Yes,Yes,28,Yes,No,No,No internet service,No internet service,No internet service,No internet service,No internet service,No internet service,One year,Yes,Credit card (automatic),40.23,1129.37,1,No
8702-CEK,Female,0,Yes,No,6,Yes,Yes,Fiber optic,No,No,No,No,Yes,No,Month-to-month,No,Mailed check,107.52,650.43,3,Yes
4168-YNE,Female,0,No,No,4,Yes,Yes,No,No internet service,No internet service,No internet service,No internet service,No internet service,No internet service,Month-to-month,No,Electronic check,48.17,199.21,1,Yes
3599-UNP,Female,0,Yes,Yes,3,Yes,Yes,DSL,Yes,Yes,No,Yes,No,Yes,Month-to-month,Yes,Credit card (automatic),118.02,360.2,5,Yes
8013-HBS,Female,1,No,No,27,Yes,No,No,No internet service,No internet service,No internet service,No internet service,No internet service,No internet service,Two year,Yes,Mailed check,38.57,1054.55,2,No
1858-IEE,Male,0,Yes,No,1,No,No phone service,Fiber optic,Yes,No,Yes,Yes,Yes,No,Month-to-month,Yes,Mailed check,107.19,117.32,1,Yes
4032-ZSD,Female,0,Yes,No,28,Yes,No,DSL,No,Yes,Yes,Yes,No,No,Month-to-month,No,Electronic check,95.87,2686.29,1,No
8471-PPG,Male,0,No,Yes,39,Yes,No,Fiber optic,Yes,Yes,No,Yes,No,No,One year,Yes,Electronic check,114.12,4439.36,2,No
3452-ACY,Female,0,Yes,No,10,Yes,Yes,No,No internet service,No internet service,No internet service,No internet service,No internet service,No internet service,Month-to-month,No,Electronic check,51.81,503.16,2,Yes
9896-GGH,Female,0,Yes,Yes,35,Yes,Yes,DSL,No,No,Yes,No,No,Yes,One year,No,Credit card (automatic),97.97,3416.34,8,No
5626-QKO,Male,0,Yes,Yes,5,No,No phone service,Fiber optic,No,Yes,No,Yes,Yes,No,Month-to-month,Yes,Mailed check,94.06,481.23,3,Yes
4560-QKF,Female,1,No,Yes,72,Yes,Yes,Fiber optic,No,No,Yes,Yes,Yes,Yes,Month-to-month,Yes,Mailed check,139.41,10049.32,2,No
7589-RTB,Female,0,Yes,Yes,7,Yes,No,Fiber optic,No,No,Yes,No,No,Yes,Month-to-month,No,Bank transfer (automatic),104.38,734.39,2,Yes
3243-RAK,Male,1,No,Yes,17,Yes,No,Fiber optic,No,Yes,No,No,Yes,Yes,One year,No,Mailed check,117.82,2013.29,1,No
6442-HET,Female,1,Yes,No,72,Yes,Yes,No,No internet service,No internet service,No internet service,No internet service,No internet service,No internet service,Month-to-month,Yes,Electronic check,51.04,3687.35,1,No
8124-VVE,Male,0,No,No,60,Yes,Yes,No,No internet service,No internet service,No internet service,No internet service,No internet service,No internet service,Month-to-month,Yes,Bank transfer (automatic),48.44,2894.47,0,No
6898-LVI,Female,0,Yes,Yes,27,Yes,No,Fiber optic,No,No,Yes,Yes,Yes,No,Month-to-month,No,Mailed check,114.63,3085.34,2,Yes
5276-MVT,Male,0,Yes,No,12,Yes,No,Fiber optic,No,No,No,No,No,No,Month-to-month,Yes,Electronic check,84.21,1011.08,4,Yes
6644-VKK,Female,0,No,No,31,No,No phone service,DSL,No,Yes,Yes,No,Yes,No,Two year,Yes,Electronic check,76.16,2349.33,1,No
2876-TUG,Male,0,Yes,Yes,16,Yes,Yes,DSL,No,No,No,No,Yes,Yes,Month-to-month,Yes,Electronic check,96.69,1541.27,1,Yes
4375-NAK,Female,0,No,Yes,3,Yes,Yes,No,No internet service,No internet service,No internet service,No internet service,No internet service,No internet service,Two year,Yes,Mailed check,51.36,146.81,3,No
4276-ABI,Male,0,Yes,No,40,Yes,No,DSL,Yes,No,Yes,Yes,No,No,Two year,No,Electronic check,92.71,3715.35,3,No
5172-EIM,Female,0,No,No,52,Yes,No,DSL,No,Yes,No,No,No,Yes,Month-to-month,Yes,Bank transfer (automatic),88.3,4583.6,2,No
3182-NPF,Female,1,No,No,14,Yes,Yes,DSL,No,No,Yes,No,No,No,Month-to-month,Yes,Credit card (automatic),85.64,1185.9,1,Yes
1719-SED,Female,1,No,No,28,Yes,No,DSL,Yes,No,No,No,No,No,One year,No,Bank transfer (automatic),76.35,2149.81,2,No
2069-FHX,Male,0,No,Yes,1,Yes,Yes,Fiber optic,No,No,No,Yes,No,Yes,One year,No,Electronic check,116.27,104.98,2,Yes
5674-DAB,Male,0,Yes,No,6,Yes,No,No,No internet service,No internet service,No internet service,No internet service,No internet service,No internet service,Month-to-month,Yes,Mailed check,41.2,250.32,3,Yes
3156-ILJ,Female,1,No,Yes,22,Yes,Yes,DSL,Yes,Yes,No,No,No,No,One year,No,Electronic check,94.32,2085.53,2,No
5139-VPW,Female,1,Yes,No,9,No,No phone service,DSL,Yes,No,Yes,No,Yes,Yes,Two year,No,Electronic check,90.38,820.67,3,No
7405-XYX,Female,0,Yes,No,72,Yes,Yes,No,No internet service,No internet service,No internet service,No internet service,No internet service,No internet service,Month-to-month,No,Bank transfer (automatic),51.32,3692.63,0,No
6353-OZI,Female,0,Yes,No,46,Yes,No,Fiber optic,Yes,No,No,No,Yes,No,Month-to-month,No,Bank transfer (automatic),104.25,4800.59,2,No
7365-XBR,Female,1,No,No,27,Yes,Yes,No,No internet service,No internet service,No internet service,No internet service,No internet service,No internet service,One year,No,Electronic check,48.24,1309.0,4,No
4943-YFA,Female,1,No,Yes,72,Yes,No,No,No internet service,No internet service,No internet service,No internet service,No internet service,No internet service,Month-to-month,Yes,Bank transfer (automatic),38.03,2739.49,2,No
1877-PPD,Female,0,Yes,No,7,Yes,Yes,No,No internet service,No internet service,No internet service,No internet service,No internet service,No internet service,Two year,No,Credit card (automatic),47.88,348.61,3,No
3523-VHA,Female,1,No,No,63,Yes,Yes,Fiber optic,Yes,Yes,No,Yes,Yes,No,Month-to-month,No,Bank transfer (automatic),139.0,8770.09,4,No
8564-RRM,Female,0,No,No,10,No,No phone service,DSL,No,Yes,Yes,No,Yes,No,Two year,Yes,Mailed check,77.32,780.0,2,No
9149-NKG,Female,1,No,No,23,Yes,Yes,Fiber optic,No,No,No,No,No,No,Month-to-month,No,Electronic check,94.28,2178.47,1,No
6333-DQS,Male,0,Yes,Yes,15,Yes,No,Fiber optic,No,Yes,Yes,No,No,Yes,Month-to-month,Yes,Electronic check,115.27,1739.05,2,Yes
5319-NJY,Male,0,Yes,No,15,Yes,No,Fiber optic,Yes,No,Yes,No,No,No,Month-to-month,No,Electronic check,104.8,1580.47,2,Yes
4205-RYD,Female,0,Yes,No,36,Yes,No,Fiber optic,No,No,Yes,No,No,No,Month-to-month,Yes,Electronic check,96.73,3491.2,0,No
6351-JWK,Female,1,Yes,Yes,11,Yes,No,Fiber optic,No,No,No,No,No,No,Month-to-month,No,Bank transfer (automatic),85.91,940.0,3,Yes
1610-OHT,Female,0,Yes,No,18,Yes,No,DSL,No,No,No,Yes,Yes,Yes,Month-to-month,Yes,Bank transfer (automatic),99.17,1782.41,3,No
2466-UAX,Male,0,Yes,Yes,6,Yes,No,Fiber optic,No,No,Yes,No,No,Yes,Month-to-month,No,Mailed check,109.69,656.46,7,Yes
2181-HCA,Male,0,No,No,37,Yes,No,DSL,No,No,No,No,No,Yes,Two year,Yes,Credit card (automatic),77.9,2884.3,1,No
5536-PIQ,Female,0,No,No,21,Yes,Yes,Fiber optic,Yes,No,No,No,No,No,Month-to-month,Yes,Electronic check,102.76,2167.11,1,Yes
4642-PWF,Female,0,No,No,8,Yes,No,Fiber optic,Yes,No,No,Yes,Yes,No,Month-to-month,No,Mailed check,117.76,948.04,4,Yes
9861-WGX,Female,0,No,No,8,Yes,No,Fiber optic,No,No,No,No,Yes,No,Month-to-month,Yes,Electronic check,97.64,769.73,0,Yes
3415-HJN,Male,0,No,No,9,Yes,Yes,Fiber optic,Yes,No,No,Yes,Yes,Yes,Month-to-month,Yes,Electronic check,141.5,1263.89,3,Yes
7090-BLT,Male,0,Yes,No,31,Yes,Yes,Fiber optic,No,No,Yes,No,Yes,Yes,Month-to-month,Yes,Credit card (automatic),129.51,4003.02,3,Yes
8660-OZL,Male,0,No,No,23,Yes,No,Fiber optic,Yes,No,No,Yes,Yes,Yes,One year,Yes,Credit card (automatic),130.52,2990.74,4,No
7028-HPC,Male,0,Yes,No,44,Yes,No,Fiber optic,No,No,No,No,No,Yes,Two year,No,Electronic check,99.17,4377.2,3,No
9251-MLS,Female,0,Yes,Yes,22,Yes,Yes,DSL,Yes,No,No,No,Yes,No,Two year,Yes,Mailed check,98.79,2159.87,0,No
1189-IYH,Female,0,Yes,No,10,Yes,No,Fiber optic,No,No,No,No,No,No,Two year,No,Bank transfer (automatic),84.75,847.76,1,No
9368-IFO,Female,0,Yes,No,72,Yes,Yes,Fiber optic,No,No,No,Yes,No,No,Two year,Yes,Bank transfer (automatic),102.67,7377.79,1,No
9406-XMU,Female,0,No,No,55,Yes,No,Fiber optic,No,Yes,Yes,Yes,No,No,One year,No,Bank transfer (automatic),113.6,6245.04,1,No
6873-NKN,Female,0,No,No,9,No,No phone service,DSL,Yes,No,No,No,Yes,No,Month-to-month,Yes,Bank transfer (automatic),64.93,588.7,4,Yes
3839-UZB,Male,0,Yes,Yes,61,Yes,No,Fiber optic,Yes,Yes,Yes,Yes,No,No,Two year,No,Electronic check,124.82,7623.38,1,No
2135-VJV,Female,0,Yes,No,32,Yes,No,Fiber optic,No,Yes,No,No,No,No,Two year,Yes,Credit card (automatic),96.3,3086.26,1,No
3247-UEG,Female,0,Yes,No,14,Yes,Yes,DSL,Yes,Yes,Yes,No,No,Yes,Month-to-month,No,Bank transfer (automatic),114.08,1608.82,1,No
2548-PEP,Male,0,No,Yes,16,Yes,No,No,No internet service,No internet service,No internet service,No internet service,No internet service,No internet service,Month-to-month,Yes,Mailed check,40.35,638.24,5,Yes
4062-LHM,Female,0,Yes,Yes,15,Yes,Yes,No,No internet service,No internet service,No internet service,No internet service,No internet service,No internet service,One year,No,Electronic check,47.8,716.95,3,Yes
8210-TLO,Female,0,No,Yes,40,Yes,Yes,DSL,No,Yes,No,No,Yes,No,Month-to-month,Yes,Electronic check,96.95,3876.33,2,No
3807-LZI,Female,1,Yes,No,5,Yes,No,Fiber optic,No,No,Yes,Yes,No,Yes,One year,Yes,Bank transfer (automatic),118.46,587.72,5,Yes
7882-LTM,Male,0,No,No,2,Yes,No,Fiber optic,Yes,No,No,No,No,Yes,Two year,No,Mailed check,107.17,200.63,4,Yes
2654-FJJ,Female,0,Yes,No,18,Yes,Yes,DSL,Yes,Yes,No,No,No,No,One year,Yes,Mailed check,92.22,1650.4,0,No
6024-PDF,Male,0,Yes,Yes,9,Yes,No,Fiber optic,No,Yes,No,No,Yes,No,Month-to-month,No,Credit card (automatic),109.45,975.44,2,Yes
9734-BRJ,Male,1,Yes,No,21,Yes,Yes,Fiber optic,No,No,Yes,Yes,Yes,No,Two year,No,Electronic check,126.87,2657.78,0,No
5635-DAO,Male,0,No,No,72,Yes,No,No,No internet service,No internet service,No internet service,No internet service,No internet service,No internet service,Month-to-month,Yes,Electronic check,42.18,3035.66,0,No
5585-RPM,Male,1,Yes,No,28,Yes,No,Fiber optic,No,No,No,Yes,Yes,Yes,Two year,Yes,Mailed check,121.6,3397.77,3,No
5409-OBT,Female,0,No,No,72,Yes,No,Fiber optic,Yes,Yes,No,No,No,No,Month-to-month,No,Bank transfer (automatic),106.25,7651.69,1,No
7051-AGW,Male,0,Yes,No,33,Yes,Yes,Fiber optic,No,No,No,No,No,Yes,Month-to-month,No,Electronic check,104.48,3441.4,1,Yes
9041-AKX,Female,0,No,Yes,2,Yes,Yes,DSL,No,No,Yes,No,Yes,No,Month-to-month,Yes,Mailed check,99.56,202.33,0,No
2737-NNG,Male,0,Yes,No,56,Yes,Yes,DSL,No,No,Yes,Yes,Yes,Yes,Two year,Yes,Bank transfer (automatic),120.99,6767.58,4,No
7549-DXB,Female,0,Yes,Yes,6,Yes,No,DSL,No,No,No,No,Yes,No,Month-to-month,Yes,Electronic check,78.64,476.89,2,Yes
9102-SNS,Female,0,Yes,No,51,Yes,No,DSL,No,Yes,No,No,No,No,One year,No,Mailed check,72.9,3726.88,0,No
3109-GLC,Female,1,No,Yes,35,Yes,No,DSL,No,No,No,No,No,No,One year,Yes,Credit card (automatic),64.31,2250.83,2,No
9126-OEH,Female,1,Yes,No,46,Yes,Yes,DSL,No,No,Yes,No,No,No,Month-to-month,No,Electronic check,82.21,3788.31,3,No
6709-DGG,Female,0,Yes,No,8,Yes,No,No,No internet service,No internet service,No internet service,No internet service,No internet service,No internet service,One year,Yes,Bank transfer (automatic),40.9,333.75,1,No
5401-NHZ,Female,0,Yes,Yes,42,Yes,No,Fiber optic,No,No,Yes,Yes,No,Yes,Month-to-month,No,Electronic check,119.26,5007.89,2,Yes
3121-NIF,Female,1,No,Yes,24,Yes,Yes,Fiber optic,No,No,Yes,No,Yes,No,One year,No,Mailed check,117.85,2824.91,0,No
6700-AAY,Female,0,Yes,Yes,3,Yes,Yes,DSL,No,No,No,No,No,No,One year,Yes,Bank transfer (automatic),74.99,218.64,1,No
2085-TQK,Female,0,No,No,55,Yes,No,No,No internet service,No internet service,No internet service,No internet service,No internet service,No internet service,Month-to-month,No,Mailed check,42.02,2303.76,4,No
9645-KMK,Female,0,Yes,No,53,Yes,No,DSL,No,No,No,No,No,Yes,Month-to-month,Yes,Electronic check,75.68,4000.52,1,No
4036-JBX,Male,0,Yes,No,22,Yes,No,DSL,No,No,Yes,No,No,No,Month-to-month,Yes,Mailed check,73.56,1609.88,1,No
3349-PQK,Female,1,Yes,Yes,16,No,No phone service,Fiber optic,No,Yes,No,No,Yes,Yes,Two year,No,Electronic check,99.57,1600.52,2,No
8265-XWE,Female,0,No,Yes,13,Yes,Yes,DSL,No,No,No,No,Yes,Yes,Month-to-month,Yes,Electronic check,101.82,1311.08,2,Yes
8358-PPZ,Female,0,Yes,Yes,24,Yes,No,DSL,No,No,No,No,No,No,Month-to-month,Yes,Bank transfer (automatic),64.92,1563.69,2,No
2249-PYE,Male,0,Yes,Yes,47,Yes,No,Fiber optic,No,No,No,Yes,Yes,No,Month-to-month,Yes,Electronic check,106.41,4994.44,3,No
9519-TNY,Male,0,Yes,No,21,Yes,No,DSL,No,No,No,No,Yes,No,Month-to-month,Yes,Credit card (automatic),76.71,1621.39,2,Yes
4094-BCR,Female,1,No,No,4,Yes,No,No,No internet service,No internet service,No internet service,No internet service,No internet service,No internet service,Month-to-month,No,Bank transfer (automatic),37.14,155.59,2,No
2268-BUI,Female,0,Yes,Yes,10,Yes,Yes,DSL,No,No,No,Yes,Yes,No,One year,No,Bank transfer (automatic),96.46,955.57,1,No
8617-YGG,Male,0,Yes,No,28,Yes,Yes,No,No internet service,No internet service,No internet service,No internet service,No internet service,No internet service,Two year,Yes,Bank transfer (automatic),50.25,1414.04,9,No
7279-WVR,Female,1,No,No,27,Yes,Yes,No,No internet service,No internet service,No internet service,No internet service,No internet service,No internet service,Two year,No,Electronic check,49.41,1335.66,3,No
4941-NRQ,Female,0,Yes,No,19,No,No phone service,Fiber optic,No,No,No,No,No,Yes,Two year,Yes,Electronic check,74.94,1429.68,3,No
4944-MPU,Male,0,Yes,No,7,Yes,No,DSL,Yes,Yes,No,Yes,Yes,No,Month-to-month,Yes,Credit card (automatic),108.32,745.54,3,Yes
9041-DLH,Male,0,No,No,8,Yes,No,No,No internet service,No internet service,No internet service,No internet service,No internet service,No internet service,One year,Yes,Credit card (automatic),37.51,300.86,0,No
7516-WSO,Female,0,Yes,No,17,Yes,No,Fiber optic,No,No,Yes,Yes,Yes,Yes,Month-to-month,No,Credit card (automatic),130.7,2214.37,5,Yes
1807-HSI,Female,0,Yes,No,13,Yes,No,Fiber optic,No,No,No,No,Yes,Yes,Month-to-month,No,Bank transfer (automatic),106.49,1396.76,0,Yes
6277-XQH,Female,0,Yes,Yes,10,Yes,Yes,DSL,No,No,No,Yes,Yes,Yes,One year,Yes,Mailed check,107.5,1074.32,3,Yes
7030-DFP,Male,0,Yes,No,45,Yes,No,Fiber optic,No,Yes,Yes,Yes,Yes,Yes,Two year,Yes,Electronic check,141.86,6397.26,2,No
3966-MOQ,Female,0,No,No,18,Yes,No,Fiber optic,Yes,No,No,No,Yes,No,Month-to-month,Yes,Mailed check,105.93,1913.08,1,No
5536-VTV,Female,0,Yes,No,18,Yes,Yes,Fiber optic,No,No,Yes,No,Yes,Yes,Month-to-month,Yes,Electronic check,130.1,2327.2,2,Yes
1594-GCM,Male,0,No,No,14,Yes,No,No,No internet service,No internet service,No internet service,No internet service,No internet service,No internet service,Month-to-month,No,Electronic check,42.06,576.63,5,Yes
4055-MBN,Female,0,No,Yes,29,No,No phone service,No,No internet service,No internet service,No internet service,No internet service,No internet service,No internet service,Month-to-month,No,Bank transfer (automatic),20.18,598.96,1,No
6171-GEN,Female,1,No,Yes,5,Yes,Yes,No,No internet service,No internet service,No internet service,No internet service,No internet service,No internet service,One year,Yes,Electronic check,49.84,244.36,3,No
7856-JGN,Female,1,No,Yes,72,Yes,Yes,No,No internet service,No internet service,No internet service,No internet service,No internet service,No internet service,One year,Yes,Bank transfer (automatic),47.89,3444.81,7,No
3552-BQT,Female,0,Yes,No,3,Yes,Yes,No,No internet service,No internet service,No internet service,No internet service,No internet service,No internet service,Two year,No,Electronic check,48.74,136.68,1,No
5172-RCS,Male,1,Yes,No,31,Yes,Yes,Fiber optic,No,No,Yes,No,Yes,Yes,Month-to-month,Yes,Electronic check,130.53,4031.86,0,Yes
4236-AIX,Male,0,No,No,31,Yes,No,DSL,No,Yes,No,Yes,Yes,No,One year,No,Electronic check,96.27,2972.27,1,No
5807-CBA,Male,0,No,No,4,No,No phone service,Fiber optic,Yes,No,Yes,Yes,No,No,Month-to-month,Yes,Credit card (automatic),92.45,354.98,2,Yes
2867-VMJ,Female,1,Yes,No,72,Yes,Yes,Fiber optic,No,No,Yes,No,No,No,Month-to-month,No,Mailed check,106.15,7655.87,4,No
4920-KEY,Female,0,Yes,Yes,1,Yes,No,Fiber optic,Yes,No,Yes,No,Yes,Yes,One year,No,Bank transfer (automatic),129.79,136.06,1,No
8738-IMT,Female,0,Yes,Yes,12,Yes,No,DSL,No,No,No,No,Yes,Yes,One year,No,Electronic check,90.38,1077.29,1,No
2526-DUK,Female,0,No,No,14,Yes,No,Fiber optic,No,No,No,Yes,No,No,One year,Yes,Credit card (automatic),94.21,1311.35,2,No
2158-PWZ,Male,0,No,Yes,41,Yes,Yes,DSL,No,No,No,Yes,Yes,No,Month-to-month,Yes,Credit card (automatic),98.87,4050.89,1,No
2144-EFS,Female,0,No,No,1,Yes,Yes,No,No internet service,No internet service,No internet service,No internet service,No internet service,No internet service,One year,Yes,Electronic check,50.09,44.31,3,Yes
5723-VNK,Female,0,Yes,No,21,Yes,Yes,No,No internet service,No internet service,No internet service,No internet service,No internet service,No internet service,Month-to-month,Yes,Credit card (automatic),49.06,1040.06,3,Yes
4026-WBH,Female,0,Yes,No,6,Yes,No,No,No internet service,No internet service,No internet service,No internet service,No internet service,No internet service,Month-to-month,No,Electronic check,40.83,232.03,2,Yes
7171-HPR,Male,0,Yes,No,22,Yes,Yes,DSL,No,Yes,Yes,Yes,No,Yes,One year,Yes,Credit card (automatic),114.4,2506.83,3,No
3203-DYL,Female,0,Yes,Yes,26,Yes,No,Fiber optic,No,Yes,No,Yes,No,No,Month-to-month,Yes,Mailed check,107.56,2798.95,3,Yes
1560-DTZ,Female,0,Yes,No,1,Yes,No,No,No internet service,No internet service,No internet service,No internet service,No internet service,No internet service,Two year,Yes,Mailed check,41.99,36.64,1,No
5407-XZV,Female,0,Yes,No,2,No,No phone service,Fiber optic,No,No,Yes,Yes,Yes,No,Month-to-month,No,Electronic check,94.01,177.2,2,Yes
7007-IEQ,Female,0,Yes,No,3,Yes,No,Fiber optic,No,Yes,No,Yes,Yes,Yes,Month-to-month,No,Bank transfer (automatic),130.06,398.79,0,Yes
5272-BBU,Female,1,No,No,48,Yes,No,No,No internet service,No internet service,No internet service,No internet service,No internet service,No internet service,Month-to-month,No,Electronic check,39.88,1905.87,0,No
1118-GDM,Male,0,Yes,Yes,66,Yes,Yes,Fiber optic,No,No,No,No,No,No,Two year,Yes,Electronic check,92.94,6147.62,5,No
1915-KZC,Female,0,Yes,No,15,Yes,Yes,DSL,No,No,Yes,No,No,Yes,Month-to-month,No,Mailed check,94.27,1407.99,0,No
8354-BPC,Female,1,No,No,52,Yes,Yes,Fiber optic,No,No,No,No,Yes,No,Two year,No,Electronic check,107.92,5601.34,2,No
7839-OQP,Female,1,Yes,Yes,17,Yes,No,Fiber optic,No,Yes,Yes,No,Yes,No,Month-to-month,Yes,Electronic check,114.02,1940.76,3,Yes
7195-GPE,Female,0,Yes,No,13,Yes,Yes,DSL,Yes,Yes,No,No,Yes,No,Month-to-month,Yes,Credit card (automatic),105.52,1382.25,2,Yes
5290-OPK,Female,0,No,No,19,Yes,Yes,DSL,No,Yes,No,No,Yes,Yes,Month-to-month,Yes,Bank transfer (automatic),110.32,2103.23,2,No
2522-RUI,Male,0,No,No,40,Yes,No,Fiber optic,No,No,No,Yes,Yes,No,One year,No,Electronic check,106.33,4240.83,3,No
2479-VSV,Female,0,No,No,7,Yes,Yes,No,No internet service,No internet service,No internet service,No internet service,No internet service,No internet service,Month-to-month,Yes,Mailed check,49.18,339.94,3,Yes
7660-QEN,Male,0,Yes,No,9,Yes,No,DSL,No,No,No,No,Yes,No,Month-to-month,Yes,Electronic check,78.75,716.26,0,Yes
5326-IQC,Male,0,No,No,48,Yes,Yes,Fiber optic,Yes,No,No,No,Yes,Yes,Month-to-month,No,Electronic check,131.0,6276.6,2,Yes
7421-MPU,Female,0,Yes,No,62,Yes,No,DSL,No,No,Yes,No,Yes,Yes,One year,Yes,Mailed check,99.41,6160.92,2,No
9939-PRQ,Female,0,No,No,4,Yes,No,No,No internet service,No internet service,No internet service,No internet service,No internet service,No internet service,Month-to-month,No,Mailed check,38.3,154.75,4,Yes
9774-SWW,Male,0,No,No,31,Yes,Yes,Fiber optic,Yes,No,No,No,No,No,Month-to-month,No,Credit card (automatic),105.92,3276.4,1,No
5816-UZY,Female,1,No,Yes,1,Yes,No,DSL,Yes,Yes,No,No,No,No,Month-to-month,Yes,Bank transfer (automatic),83.24,97.09,4,Yes
4603-TJL,Male,1,No,No,8,Yes,No,Fiber optic,No,Yes,Yes,Yes,Yes,No,Month-to-month,No,Bank transfer (automatic),125.93,1007.23,3,Yes
3167-AXY,Male,0,No,No,2,Yes,No,DSL,Yes,Yes,No,No,No,No,Month-to-month,Yes,Bank transfer (automatic),83.01,177.81,2,Yes
6891-DIO,Female,0,Yes,Yes,19,Yes,No,Fiber optic,Yes,No,No,No,Yes,No,Two year,No,Electronic check,108.43,2061.46,5,Yes
4575-ZOZ,Female,1,No,No,11,Yes,No,Fiber optic,No,Yes,No,No,No,Yes,Month-to-month,Yes,Credit card (automatic),104.03,1154.52,2,Yes
3886-LCT,Male,0,No,No,4,Yes,No,Fiber optic,No,Yes,No,No,Yes,No,Two year,No,Bank transfer (automatic),104.57,431.86,0,No
2055-INM,Female,0,Yes,No,1,Yes,No,DSL,No,Yes,Yes,No,No,Yes,Month-to-month,No,Electronic check,94.81,107.82,3,Yes
8607-LAS,Male,0,No,No,13,Yes,No,Fiber optic,No,No,No,Yes,Yes,No,Two year,No,Mailed check,107.51,1395.69,3,No
1925-PLJ,Male,0,No,No,9,No,No phone service,No,No internet service,No internet service,No internet service,No internet service,No internet service,No internet service,Two year,Yes,Electronic check,22.31,214.86,6,No
4980-XFL,Female,0,No,Yes,2,No,No phone service,Fiber optic,Yes,No,No,No,No,No,One year,No,Mailed check,74.9,143.69,2,No
1059-VDA,Male,1,Yes,Yes,48,Yes,Yes,Fiber optic,Yes,No,No,Yes,No,Yes,One year,No,Bank transfer (automatic),128.64,6178.67,0,No
2578-WHB,Male,0,Yes,Yes,14,Yes,Yes,Fiber optic,No,No,Yes,Yes,No,Yes,Month-to-month,Yes,Mailed check,129.11,1816.64,5,Yes
1707-FUT,Male,1,No,No,38,Yes,Yes,Fiber optic,Yes,No,No,No,Yes,Yes,Two year,No,Mailed check,129.03,4890.5,1,No
3413-TZO,Male,0,Yes,Yes,14,Yes,No,DSL,No,No,No,Yes,Yes,No,Two year,Yes,Electronic check,86.38,1217.24,2,No
8750-GRW,Male,0,No,No,2,Yes,No,No,No internet service,No internet service,No internet service,No internet service,No internet service,No internet service,Two year,Yes,Electronic check,42.71,100.1,4,No
9800-UQT,Male,0,No,Yes,13,Yes,No,No,No internet service,No internet service,No internet service,No internet service,No internet service,No internet service,Two year,No,Mailed check,41.88,535.79,3,No
3364-YML,Female,0,Yes,No,55,No,No phone service,Fiber optic,Yes,Yes,No,No,Yes,Yes,Month-to-month,No,Mailed check,110.75,6100.82,0,No
1245-OXE,Male,0,No,No,1,No,No phone service,No,No internet service,No internet service,No internet service,No internet service,No internet service,No internet service,Two year,No,Bank transfer (automatic),20.94,22.79,1,No
1519-WND,Male,1,Yes,No,57,Yes,Yes,Fiber optic,No,Yes,No,No,Yes,No,Month-to-month,Yes,Electronic check,114.25,6524.74,2,No
1276-NJV,Female,0,No,No,27,Yes,Yes,DSL,No,No,Yes,Yes,Yes,Yes,One year,No,Mailed check,120.07,3240.29,0,No
9797-PKV,Female,0,Yes,Yes,72,Yes,Yes,Fiber optic,No,No,No,Yes,Yes,Yes,Two year,Yes,Mailed check,130.89,9432.86,2,No
7812-YZN,Female,0,No,Yes,62,Yes,No,Fiber optic,Yes,Yes,No,No,No,Yes,Two year,Yes,Mailed check,119.51,7416.18,4,No
2717-MCR,Male,1,No,Yes,51,Yes,No,DSL,No,No,No,No,No,No,Month-to-month,Yes,Electronic check,66.82,3408.08,0,No
6714-PDS,Female,0,Yes,No,1,Yes,No,Fiber optic,Yes,Yes,Yes,No,No,No,One year,No,Bank transfer (automatic),117.22,128.75,2,Yes
7255-OPV,Male,0,Yes,No,9,Yes,Yes,Fiber optic,No,No,No,Yes,Yes,Yes,Two year,Yes,Mailed check,128.58,1168.89,3,No
4647-AQE,Male,0,Yes,No,12,Yes,No,DSL,No,No,No,Yes,No,Yes,Month-to-month,Yes,Mailed check,86.09,1047.61,1,No
3429-EZG,Male,0,Yes,Yes,31,Yes,No,Fiber optic,Yes,Yes,No,No,Yes,No,Month-to-month,Yes,Electronic check,114.09,3529.79,1,No
7307-YDW,Male,0,No,No,27,Yes,No,No,No internet service,No internet service,No internet service,No internet service,No internet service,No internet service,Month-to-month,Yes,Bank transfer (automatic),42.62,1152.9,3,No
6140-UFX,Female,1,No,No,5,Yes,No,Fiber optic,No,No,Yes,No,Yes,No,One year,Yes,Bank transfer (automatic),107.8,531.87,2,Yes
7254-USF,Male,0,No,No,34,Yes,No,DSL,Yes,No,No,No,Yes,Yes,One year,No,Mailed check,101.44,3460.05,2,No
7603-NRL,Male,0,Yes,No,5,Yes,No,Fiber optic,Yes,No,Yes,No,Yes,No,One year,Yes,Mailed check,119.73,604.42,3,Yes
4511-XOS,Male,1,No,No,16,No,No phone service,No,No internet service,No internet service,No internet service,No internet service,No internet service,No internet service,Two year,Yes,Electronic check,22.42,367.57,2,No
8591-IEE,Male,1,No,No,22,Yes,Yes,DSL,Yes,No,Yes,No,No,No,Month-to-month,No,Electronic check,92.99,2057.65,1,No
4333-WCE,Male,0,No,Yes,52,Yes,No,DSL,No,No,No,No,No,Yes,One year,Yes,Credit card (automatic),75.0,3900.85,3,No
3196-TAG,Male,0,Yes,No,25,Yes,Yes,No,No internet service,No internet service,No internet service,No internet service,No internet service,No internet service,Month-to-month,Yes,Electronic check,52.17,1318.49,3,Yes
1110-QHZ,Female,1,No,No,72,No,No phone service,Fiber optic,Yes,No,Yes,No,No,Yes,One year,No,Mailed check,97.81,7045.62,0,No
4867-BZM,Female,0,No,No,72,No,No phone service,No,No internet service,No internet service,No internet service,No internet service,No internet service,No internet service,Month-to-month,Yes,Electronic check,18.96,1369.57,0,No
9204-FYO,Male,1,No,No,18,Yes,No,Fiber optic,No,No,Yes,No,No,No,Month-to-month,Yes,Mailed check,93.01,1660.89,4,Yes
4261-WVU,Male,0,No,Yes,2,No,No phone service,DSL,Yes,No,No,No,No,No,Month-to-month,Yes,Mailed check,54.02,97.45,0,No
9885-KDA,Male,0,Yes,Yes,1,Yes,Yes,Fiber optic,No,Yes,No,No,No,Yes,Two year,No,Mailed check,119.02,125.43,0,No
2902-LIK,Male,0,No,No,49,Yes,No,DSL,No,No,No,No,No,No,Month-to-month,No,Electronic check,63.55,3116.89,2,No
7295-GHA,Male,1,Yes,No,18,Yes,Yes,DSL,No,Yes,No,No,Yes,Yes,One year,No,Electronic check,109.12,1978.27,1,No
3520-ACH,Female,1,Yes,Yes,12,Yes,No,Fiber optic,Yes,No,No,Yes,Yes,Yes,One year,Yes,Electronic check,126.75,1517.21,4,Yes
7683-KAN,Male,0,Yes,Yes,9,Yes,No,Fiber optic,No,Yes,No,Yes,No,No,Month-to-month,Yes,Mailed check,106.81,970.93,2,Yes
5773-UFC,Female,0,Yes,No,9,Yes,Yes,Fiber optic,No,No,Yes,No,Yes,No,One year,Yes,Credit card (automatic),118.85,1076.64,2,Yes
3251-JVB,Female,0,Yes,No,2,No,No phone service,No,No internet service,No internet service,No internet service,No internet service,No internet service,No internet service,Month-to-month,Yes,Mailed check,19.11,28.82,3,Yes
5606-VMP,Female,0,Yes,Yes,10,Yes,Yes,DSL,No,No,No,No,No,Yes,Two year,Yes,Mailed check,85.19,842.51,0,No
5451-KWN,Female,0,Yes,No,26,Yes,No,Fiber optic,Yes,Yes,No,No,Yes,Yes,Month-to-month,No,Mailed check,128.64,3334.92,1,No
3906-SVY,Female,1,Yes,Yes,13,Yes,Yes,Fiber optic,Yes,No,No,No,Yes,No,Month-to-month,Yes,Credit card (automatic),119.3,1547.15,1,No
1448-EQA,Male,0,Yes,No,72,Yes,No,No,No internet service,No internet service,No internet service,No internet service,No internet service,No internet service,Two year,Yes,Mailed check,39.51,2833.9,1,No
4491-SFO,Male,0,No,Yes,28,No,No phone service,DSL,No,No,No,No,No,No,Month-to-month,Yes,Bank transfer (automatic),47.4,1338.23,0,No
7883-XAX,Male,0,No,No,50,Yes,No,Fiber optic,No,Yes,No,Yes,No,Yes,Month-to-month,Yes,Bank transfer (automatic),119.47,5978.56,5,Yes
8088-KQW,Male,0,No,No,4,Yes,No,DSL,No,No,Yes,No,No,No,Two year,Yes,Mailed check,76.64,316.21,0,No
5768-INO,Female,0,Yes,No,15,Yes,No,Fiber optic,No,No,No,Yes,No,No,Month-to-month,Yes,Bank transfer (automatic),95.07,1412.69,2,Yes
9759-ABR,Female,1,No,No,2,Yes,No,Fiber optic,Yes,No,No,Yes,No,No,Two year,No,Mailed check,106.02,218.76,1,No
7097-FTH,Male,0,No,No,57,No,No phone service,No,No internet service,No internet service,No internet service,No internet service,No internet service,No internet service,Month-to-month,No,Bank transfer (automatic),18.5,1051.83,0,No
5800-OJD,Female,0,Yes,Yes,4,Yes,Yes,DSL,No,No,No,Yes,No,No,Month-to-month,Yes,Credit card (automatic),84.04,344.15,2,No
7153-KEI,Male,1,Yes,No,41,Yes,No,Fiber optic,No,No,No,No,No,No,Month-to-month,Yes,Credit card (automatic),84.74,3478.33,3,Yes
8612-KCD,Female,1,No,No,65,Yes,Yes,DSL,No,Yes,No,Yes,No,No,One year,No,Electronic check,92.99,6038.94,2,No
2097-GAF,Female,0,No,No,15,Yes,Yes,DSL,No,Yes,No,No,No,No,Month-to-month,Yes,Electronic check,87.74,1329.54,3,Yes
9455-QXG,Female,0,Yes,No,13,Yes,No,Fiber optic,Yes,No,Yes,No,Yes,Yes,Month-to-month,Yes,Electronic check,127.9,1662.79,3,Yes
1160-IKS,Female,0,No,Yes,23,Yes,Yes,No,No internet service,No internet service,No internet service,No internet service,No internet service,No internet service,One year,Yes,Credit card (automatic),49.3,1132.11,3,No
9502-KCQ,Male,0,Yes,No,34,Yes,Yes,DSL,No,No,Yes,No,Yes,Yes,Two year,Yes,Bank transfer (automatic),106.71,3630.41,2,No
8081-CVC,Female,0,No,No,26,Yes,No,DSL,Yes,No,No,Yes,No,No,One year,Yes,Mailed check,83.59,2170.39,1,No
6588-YGB,Male,0,Yes,Yes,1,Yes,Yes,DSL,No,Yes,Yes,No,Yes,No,One year,Yes,Mailed check,104.92,91.24,5,Yes
6888-GTK,Male,0,Yes,No,39,Yes,Yes,Fiber optic,No,Yes,No,No,No,No,Two year,No,Electronic check,105.53,4121.87,3,No
2925-WDS,Female,1,Yes,No,4,Yes,Yes,DSL,Yes,No,No,No,No,No,Two year,Yes,Credit card (automatic),85.44,344.76,1,No
9443-USN,Male,0,Yes,Yes,15,Yes,Yes,No,No internet service,No internet service,No internet service,No internet service,No internet service,No internet service,One year,Yes,Credit card (automatic),47.55,709.77,1,No
8274-PCG,Male,1,No,No,9,Yes,Yes,Fiber optic,No,No,Yes,Yes,Yes,No,Two year,No,Mailed check,129.19,1164.35,1,No
8359-BAZ,Male,1,No,Yes,66,No,No phone service,DSL,No,Yes,Yes,Yes,Yes,No,Month-to-month,Yes,Electronic check,88.74,5850.47,4,No
9192-FSG,Male,0,No,No,18,Yes,No,Fiber optic,No,No,No,Yes,No,No,One year,Yes,Credit card (automatic),95.36,1716.71,2,Yes
6719-EUR,Female,0,No,No,19,Yes,Yes,Fiber optic,Yes,No,No,No,No,No,Month-to-month,Yes,Electronic check,104.36,1993.08,3,Yes
1855-ZMA,Female,0,Yes,No,2,Yes,Yes,No,No internet service,No internet service,No internet service,No internet service,No internet service,No internet service,Two year,Yes,Mailed check,50.6,89.23,2,No
5680-QAA,Female,0,Yes,No,57,Yes,No,No,No internet service,No internet service,No internet service,No internet service,No internet service,No internet service,Two year,Yes,Credit card (automatic),37.65,2147.6,1,No
1195-WUL,Female,0,No,Yes,7,Yes,No,No,No internet service,No internet service,No internet service,No internet service,No internet service,No internet service,Month-to-month,Yes,Mailed check,37.38,271.27,3,Yes
7991-NWJ,Male,0,No,No,14,Yes,No,Fiber optic,Yes,No,No,Yes,No,Yes,One year,No,Mailed check,118.17,1664.86,1,No
2057-XRP,Male,1,No,No,72,Yes,Yes,DSL,No,Yes,No,Yes,No,No,Two year,Yes,Mailed check,92.13,6618.38,4,No
3792-EIY,Female,0,Yes,No,4,Yes,Yes,Fiber optic,No,No,No,No,No,No,One year,Yes,Mailed check,95.38,376.68,3,Yes
2031-XTP,Female,1,No,No,32,Yes,Yes,Fiber optic,No,Yes,No,No,Yes,No,One year,No,Electronic check,118.42,3793.35,5,No
5947-RDP,Male,0,No,No,8,Yes,No,No,No internet service,No internet service,No internet service,No internet service,No internet service,No internet service,Two year,No,Electronic check,39.66,318.96,3,No
6061-CRO,Female,0,No,No,14,Yes,No,DSL,Yes,Yes,No,No,No,No,One year,No,Electronic check,86.99,1218.7,1,No
6607-RXW,Male,0,No,No,14,Yes,No,Fiber optic,Yes,No,No,No,No,Yes,Two year,No,Credit card (automatic),106.84,1481.9,3,No
7773-ZUX,Female,0,No,No,68,Yes,Yes,Fiber optic,No,Yes,No,No,Yes,Yes,Two year,Yes,Credit card (automatic),130.97,8901.93,1,No
5442-LEG,Male,0,No,No,1,Yes,No,Fiber optic,No,Yes,No,No,Yes,No,Month-to-month,Yes,Bank transfer (automatic),107.37,110.71,3,Yes
8423-VOG,Male,0,Yes,No,12,Yes,No,DSL,No,No,No,No,No,No,One year,Yes,Mailed check,62.66,745.87,1,No
7444-YCZ,Female,0,Yes,No,48,Yes,No,No,No internet service,No internet service,No internet service,No internet service,No internet service,No internet service,One year,Yes,Bank transfer (automatic),41.48,1982.26,5,No
4724-ZCB,Female,0,No,No,61,Yes,No,No,No internet service,No internet service,No internet service,No internet service,No internet service,No internet service,Month-to-month,Yes,Mailed check,42.52,2603.37,3,No
9662-DQF,Female,0,Yes,No,10,Yes,No,DSL,Yes,No,Yes,No,No,No,Two year,Yes,Credit card (automatic),83.41,838.69,5,No
5746-FVB,Male,0,No,Yes,7,Yes,Yes,Fiber optic,Yes,No,No,No,No,Yes,Month-to-month,No,Bank transfer (automatic),115.12,817.79,6,Yes
7978-LNB,Female,0,No,No,16,Yes,No,Fiber optic,No,Yes,Yes,No,Yes,No,Two year,Yes,Bank transfer (automatic),118.23,1899.65,3,No
8765-VEJ,Female,0,No,No,35,Yes,Yes,No,No internet service,No internet service,No internet service,No internet service,No internet service,No internet service,Two year,No,Electronic check,52.83,1836.24,1,No
5980-IUM,Female,0,Yes,No,5,No,No phone service,DSL,No,No,No,Yes,No,No,Month-to-month,Yes,Credit card (automatic),55.12,277.23,0,No
8177-FKD,Female,0,No,No,39,Yes,Yes,Fiber optic,No,No,No,No,Yes,No,Month-to-month,Yes,Electronic check,104.45,4066.42,2,Yes
2517-QTB,Female,0,No,No,18,No,No phone service,No,No internet service,No internet service,No internet service,No internet service,No internet service,No internet service,Month-to-month,No,Bank transfer (automatic),18.5,347.19,0,No
5642-GGA,Male,0,No,No,4,No,No phone service,DSL,No,No,Yes,No,No,Yes,One year,Yes,Mailed check,68.29,273.15,3,No
6319-WAH,Female,0,Yes,No,28,Yes,Yes,No,No internet service,No internet service,No internet service,No internet service,No internet service,No internet service,One year,Yes,Bank transfer (automatic),48.44,1361.27,5,No
7061-NBH,Female,0,No,No,25,Yes,Yes,Fiber optic,Yes,Yes,No,Yes,Yes,Yes,One year,Yes,Credit card (automatic),149.72,3728.31,4,No
8750-MVU,Female,0,No,No,25,Yes,No,No,No internet service,No internet service,No internet service,No internet service,No internet service,No internet service,Month-to-month,No,Mailed check,39.9,1001.44,0,No
7649-NKB,Female,1,Yes,No,36,Yes,Yes,DSL,No,No,No,No,No,No,Month-to-month,Yes,Credit card (automatic),76.5,2740.32,1,No
3529-LOQ,Male,0,Yes,No,5,Yes,Yes,DSL,Yes,No,No,No,Yes,Yes,Month-to-month,No,Electronic check,108.02,535.1,2,Yes
1845-YPH,Male,1,No,Yes,30,Yes,Yes,Fiber optic,No,Yes,No,No,Yes,No,Two year,Yes,Credit card (automatic),114.21,3415.72,2,No
4255-QEL,Female,0,Yes,No,55,Yes,Yes,No,No internet service,No internet service,No internet service,No internet service,No internet service,No internet service,Month-to-month,No,Mailed check,47.4,2606.1,1,No
4237-RZE,Female,0,Yes,No,19,No,No phone service,No,No internet service,No internet service,No internet service,No internet service,No internet service,No internet service,Month-to-month,Yes,Mailed check,20.56,402.26,1,No
7312-OJQ,Female,1,Yes,No,17,Yes,No,Fiber optic,No,No,Yes,Yes,No,Yes,One year,Yes,Mailed check,114.56,1951.21,1,No
9956-ZSL,Male,0,No,Yes,40,Yes,No,Fiber optic,No,Yes,No,No,No,No,Month-to-month,Yes,Electronic check,94.37,3766.93,0,No
7062-NAQ,Male,1,No,No,4,Yes,No,DSL,No,No,No,No,No,Yes,Month-to-month,No,Bank transfer (automatic),77.64,314.37,2,Yes
6856-WUV,Female,0,Yes,No,11,Yes,No,Fiber optic,No,Yes,No,No,No,No,Month-to-month,Yes,Mailed check,94.07,1037.42,2,Yes
8838-HMP,Male,0,Yes,Yes,49,Yes,No,DSL,Yes,No,No,No,No,No,Month-to-month,Yes,Credit card (automatic),74.48,3650.32,1,No
5033-MRC,Male,0,No,No,18,Yes,No,Fiber optic,No,No,No,No,Yes,Yes,One year,No,Credit card (automatic),111.21,1994.94,3,No
7546-MSD,Male,1,Yes,No,46,Yes,Yes,Fiber optic,Yes,Yes,No,No,Yes,No,One year,No,Electronic check,128.66,5916.02,1,No
1561-YFS,Male,1,Yes,No,8,Yes,Yes,Fiber optic,Yes,Yes,Yes,No,Yes,No,Two year,Yes,Bank transfer (automatic),139.63,1114.52,0,No
4960-DDX,Male,0,Yes,No,13,Yes,Yes,Fiber optic,Yes,No,Yes,Yes,Yes,No,Month-to-month,No,Electronic check,139.57,1806.31,1,Yes
7974-GZW,Male,0,Yes,No,44,Yes,Yes,Fiber optic,No,No,No,No,No,Yes,Month-to-month,Yes,Bank transfer (automatic),108.41,4775.9,4,Yes
3255-PEO,Female,0,No,No,5,Yes,No,Fiber optic,Yes,No,No,Yes,No,Yes,Two year,Yes,Electronic check,116.53,591.86,3,No
5899-XYM,Male,0,No,No,57,Yes,No,Fiber optic,Yes,No,No,No,Yes,Yes,Month-to-month,Yes,Credit card (automatic),118.43,6743.42,4,No
3322-GLZ,Female,0,No,No,10,Yes,Yes,DSL,No,No,No,Yes,No,No,Month-to-month,No,Credit card (automatic),85.07,863.04,3,Yes
2768-QBP,Male,0,Yes,No,72,Yes,Yes,DSL,No,No,No,No,No,Yes,Month-to-month,Yes,Electronic check,87.24,6290.27,0,No
2169-GAC,Female,0,Yes,No,44,No,No phone service,DSL,No,No,No,Yes,No,No,One year,Yes,Credit card (automatic),54.23,2396.5,3,No
3430-UKV,Male,1,Yes,No,16,Yes,Yes,DSL,No,No,No,No,No,No,Month-to-month,Yes,Mailed check,74.07,1193.57,0,No
4896-YCX,Female,0,Yes,No,34,Yes,No,No,No internet service,No internet service,No internet service,No internet service,No internet service,No internet service,Month-to-month,No,Mailed check,37.14,1276.57,1,No
8039-MDW,Female,0,Yes,Yes,21,Yes,No,DSL,No,No,No,Yes,No,Yes,Two year,Yes,Electronic check,86.34,1802.51,4,No
2141-HVD,Male,0,No,No,48,Yes,No,No,No internet service,No internet service,No internet service,No internet service,No internet service,No internet service,Month-to-month,Yes,Mailed check,40.6,1936.43,0,No
9550-KDM,Female,1,Yes,No,19,Yes,No,No,No internet service,No internet service,No internet service,No internet service,No internet service,No internet service,Month-to-month,Yes,Mailed check,40.2,775.34,3,No
1360-IWU,Female,0,No,Yes,72,Yes,Yes,DSL,Yes,No,Yes,No,No,No,Month-to-month,Yes,Electronic check,93.97,6765.38,2,No
2624-YLK,Male,0,No,No,4,Yes,Yes,Fiber optic,No,No,Yes,No,Yes,Yes,Month-to-month,Yes,Bank transfer (automatic),130.0,514.04,0,Yes
6119-TKQ,Female,0,Yes,No,29,Yes,Yes,Fiber optic,No,Yes,Yes,No,Yes,Yes,One year,Yes,Mailed check,136.93,3983.47,2,No
7975-PXJ,Male,0,Yes,No,8,No,No phone service,No,No internet service,No internet service,No internet service,No internet service,No internet service,No internet service,Month-to-month,Yes,Mailed check,21.29,167.1,1,Yes
5318-DJZ,Female,0,No,Yes,6,Yes,No,DSL,No,No,No,No,No,No,Month-to-month,No,Electronic check,64.58,376.52,5,Yes
1787-LIO,Female,0,No,No,14,Yes,No,No,No internet service,No internet service,No internet service,No internet service,No internet service,No internet service,Month-to-month,Yes,Electronic check,42.9,588.46,2,No
7664-GZX,Male,0,No,Yes,12,Yes,Yes,No,No internet service,No internet service,No internet service,No internet service,No internet service,No internet service,Month-to-month,No,Credit card (automatic),50.61,608.02,1,No
8483-TXN,Female,0,Yes,No,2,Yes,Yes,Fiber optic,Yes,Yes,No,No,Yes,No,One year,No,Mailed check,129.73,244.94,1,Yes
2749-PSW,Female,0,No,No,14,Yes,Yes,DSL,No,No,No,No,No,Yes,Month-to-month,Yes,Bank transfer (automatic),88.1,1246.94,2,Yes
9482-KWU,Male,0,Yes,Yes,72,Yes,Yes,DSL,Yes,No,Yes,No,No,No,One year,Yes,Electronic check,92.67,6660.53,2,No
4859-SHT,Male,0,No,Yes,16,Yes,No,No,No internet service,No internet service,No internet service,No internet service,No internet service,No internet service,Month-to-month,No,Electronic check,42.98,683.76,2,No
9199-ZCJ,Male,0,No,No,9,Yes,No,DSL,No,No,Yes,No,No,Yes,Two year,Yes,Bank transfer (automatic),88.53,791.17,5,No
5428-IFO,Female,0,No,No,72,Yes,No,Fiber optic,No,No,No,No,No,Yes,Month-to-month,Yes,Bank transfer (automatic),97.84,7041.18,1,No
2039-EUM,Female,0,Yes,No,18,Yes,Yes,DSL,No,No,No,No,No,No,Month-to-month,Yes,Bank transfer (automatic),76.43,1383.09,6,Yes
5018-BFA,Male,0,No,No,9,Yes,No,No,No internet service,No internet service,No internet service,No internet service,No internet service,No internet service,Month-to-month,No,Electronic check,41.48,373.72,1,No
4534-ONG,Female,0,No,No,39,Yes,Yes,Fiber optic,No,No,No,No,No,No,Month-to-month,No,Mailed check,93.6,3638.0,0,No
9254-ETY,Female,0,Yes,No,7,Yes,Yes,No,No internet service,No internet service,No internet service,No internet service,No internet service,No internet service,Month-to-month,Yes,Electronic check,47.24,318.53,0,No
5953-PQK,Female,0,No,No,8,Yes,No,No,No internet service,No internet service,No internet service,No internet service,No internet service,No internet service,Month-to-month,No,Credit card (automatic),37.27,292.32,2,No
5275-PCF,Female,0,Yes,No,10,Yes,No,Fiber optic,No,No,No,Yes,Yes,No,One year,Yes,Mailed check,106.81,1059.16,1,No
3774-MAU,Female,0,Yes,No,13,No,No phone service,No,No internet service,No internet service,No internet service,No internet service,No internet service,No internet service,One year,Yes,Electronic check,18.5,240.07,1,No
9365-BBO,Male,0,Yes,No,22,Yes,Yes,DSL,No,Yes,No,No,No,No,One year,No,Mailed check,85.0,1883.92,3,No
6434-RIZ,Male,1,Yes,No,19,Yes,No,DSL,Yes,Yes,No,No,Yes,No,One year,Yes,Electronic check,99.99,1905.38,2,Yes
9450-DOE,Female,1,Yes,Yes,35,Yes,No,Fiber optic,No,Yes,Yes,No,No,No,One year,Yes,Bank transfer (automatic),104.67,3675.46,4,No
9787-EJP,Female,0,Yes,No,32,Yes,No,Fiber optic,No,No,Yes,No,Yes,No,One year,Yes,Bank transfer (automatic),106.78,3418.01,1,No
4754-SFJ,Female,0,No,Yes,2,Yes,Yes,No,No internet service,No internet service,No internet service,No internet service,No internet service,No internet service,Month-to-month,No,Bank transfer (automatic),47.07,98.5,0,Yes
8699-CVO,Male,1,Yes,Yes,4,Yes,No,Fiber optic,No,No,Yes,Yes,Yes,Yes,Month-to-month,Yes,Credit card (automatic),130.82,516.38,0,Yes
9330-VBY,Male,0,No,No,7,Yes,Yes,Fiber optic,No,No,No,No,No,No,Month-to-month,Yes,Credit card (automatic),97.64,672.85,2,Yes
1663-FQR,Male,0,Yes,No,23,Yes,No,No,No internet service,No internet service,No internet service,No internet service,No internet service,No internet service,Two year,Yes,Credit card (automatic),42.03,954.34,2,No
5574-DWI,Male,0,No,Yes,57,Yes,No,DSL,No,Yes,Yes,No,Yes,No,Month-to-month,Yes,Credit card (automatic),95.15,5420.06,0,No
7292-ZBK,Male,0,Yes,Yes,10,Yes,Yes,DSL,No,Yes,No,No,No,Yes,One year,No,Credit card (automatic),98.06,973.07,2,No
6546-KAZ,Female,0,Yes,No,72,Yes,No,Fiber optic,Yes,No,No,No,No,No,Month-to-month,No,Bank transfer (automatic),94.2,6771.49,2,No
5653-AUW,Female,0,No,Yes,5,Yes,No,DSL,Yes,No,No,No,No,Yes,Month-to-month,Yes,Electronic check,84.96,437.38,0,No
9008-XAU,Female,0,No,No,65,No,No phone service,DSL,Yes,Yes,No,No,Yes,No,Two year,Yes,Electronic check,78.5,5091.52,2,No
6909-VDA,Female,0,No,No,41,Yes,No,DSL,Yes,No,No,Yes,No,Yes,Two year,No,Mailed check,95.02,3882.32,1,No
2225-OTD,Male,0,No,No,13,Yes,No,Fiber optic,No,Yes,Yes,Yes,No,Yes,Month-to-month,Yes,Credit card (automatic),124.06,1600.26,3,Yes
3844-TNE,Female,0,No,No,6,No,No phone service,DSL,No,No,Yes,No,Yes,Yes,One year,No,Bank transfer (automatic),77.43,449.74,1,No
4996-OOY,Female,0,Yes,No,13,Yes,Yes,No,No internet service,No internet service,No internet service,No internet service,No internet service,No internet service,Month-to-month,Yes,Electronic check,47.28,606.18,1,No
3447-DYI,Female,1,No,No,7,Yes,No,Fiber optic,No,Yes,No,Yes,No,Yes,Month-to-month,Yes,Electronic check,118.53,822.0,1,Yes
7084-DPB,Female,0,Yes,No,21,Yes,No,DSL,No,Yes,No,No,Yes,Yes,Two year,No,Electronic check,96.3,2027.13,1,No
6305-PRB,Male,0,Yes,No,22,Yes,No,DSL,Yes,No,No,Yes,No,Yes,Two year,No,Bank transfer (automatic),94.59,2069.73,3,No
4228-APC,Male,0,Yes,No,37,Yes,No,No,No internet service,No internet service,No internet service,No internet service,No internet service,No internet service,Month-to-month,Yes,Bank transfer (automatic),37.98,1396.46,2,No
2897-QDQ,Female,0,Yes,No,19,Yes,Yes,Fiber optic,No,No,Yes,No,No,No,Month-to-month,No,Bank transfer (automatic),102.59,1961.36,0,Yes
6955-SYA,Female,0,Yes,No,11,Yes,Yes,Fiber optic,No,Yes,No,No,No,Yes,Month-to-month,Yes,Bank transfer (automatic),116.8,1270.83,1,Yes
2943-KYG,Female,0,No,No,61,Yes,No,Fiber optic,No,No,No,No,Yes,No,Month-to-month,No,Electronic check,97.83,5954.04,1,No
4696-DJQ,Female,1,No,No,3,Yes,No,Fiber optic,No,No,Yes,No,Yes,Yes,One year,No,Bank transfer (automatic),118.02,351.32,3,Yes
9414-SRQ,Male,0,Yes,Yes,42,Yes,Yes,Fiber optic,No,No,No,No,No,Yes,Two year,No,Credit card (automatic),105.96,4461.27,3,No
9325-GFY,Male,0,No,No,14,Yes,No,Fiber optic,No,No,No,No,No,Yes,Month-to-month,No,Electronic check,96.29,1362.57,3,Yes
4723-IRB,Female,0,Yes,Yes,5,Yes,Yes,Fiber optic,No,No,No,No,Yes,Yes,One year,No,Credit card (automatic),120.21,590.56,3,Yes
1948-AWI,Female,0,Yes,No,4,Yes,No,No,No internet service,No internet service,No internet service,No internet service,No internet service,No internet service,Month-to-month,No,Credit card (automatic),37.27,152.46,1,No
3053-BFI,Male,0,No,No,7,Yes,No,Fiber optic,No,No,No,Yes,No,No,Month-to-month,No,Mailed check,97.96,670.86,0,Yes
3959-YXO,Male,0,No,No,4,Yes,No,DSL,No,No,No,No,Yes,Yes,Month-to-month,No,Electronic check,91.81,380.8,1,Yes
3923-WHZ,Female,1,No,No,16,Yes,Yes,No,No internet service,No internet service,No internet service,No internet service,No internet service,No internet service,Month-to-month,No,Credit card (automatic),49.94,802.03,0,No
9229-CWD,Female,1,No,No,11,Yes,No,DSL,Yes,No,No,No,No,No,Month-to-month,No,Electronic check,72.6,790.84,2,Yes
6609-NUX,Female,0,No,No,12,Yes,No,Fiber optic,No,No,No,No,No,Yes,Two year,Yes,Credit card (automatic),97.32,1167.59,1,No
9294-GHJ,Male,0,No,Yes,5,Yes,Yes,No,No internet service,No internet service,No internet service,No internet service,No internet service,No internet service,Month-to-month,Yes,Mailed check,51.71,262.45,2,Yes
7209-OAJ,Male,0,No,Yes,27,Yes,No,DSL,Yes,Yes,No,No,No,Yes,Month-to-month,Yes,Bank transfer (automatic),97.74,2624.3,3,No
2061-VMJ,Male,0,No,Yes,24,No,No phone service,DSL,No,No,No,No,Yes,No,Month-to-month,Yes,Electronic check,58.77,1397.64,1,No
8595-XFF,Male,0,Yes,No,72,Yes,Yes,Fiber optic,No,No,No,No,Yes,Yes,Two year,No,Mailed check,117.64,8484.18,3,No
2120-LWW,Male,0,No,No,5,Yes,Yes,Fiber optic,No,Yes,No,No,No,No,One year,Yes,Electronic check,102.98,523.27,3,Yes
6193-YNO,Female,0,Yes,No,45,Yes,No,DSL,No,No,No,Yes,Yes,No,One year,No,Electronic check,86.78,3905.97,2,No
3039-DYA,Female,1,No,No,1,Yes,No,Fiber optic,No,No,No,No,No,No,One year,Yes,Mailed check,82.76,74.59,1,No
4527-CNQ,Female,0,Yes,No,2,Yes,Yes,DSL,No,No,Yes,No,No,Yes,Two year,No,Credit card (automatic),98.94,185.33,3,No
5129-OFE,Female,0,Yes,No,27,Yes,No,DSL,No,No,Yes,No,No,Yes,Month-to-month,No,Electronic check,86.01,2330.91,2,No
4309-SIH,Male,0,No,No,14,No,No phone service,Fiber optic,No,No,No,No,Yes,Yes,Month-to-month,Yes,Electronic check,90.33,1276.21,2,Yes
5834-RHP,Female,0,Yes,Yes,7,Yes,No,DSL,No,Yes,No,No,Yes,No,Two year,No,Electronic check,89.45,618.78,2,No
7990-UOP,Male,0,No,No,1,Yes,No,Fiber optic,No,No,No,No,No,No,Month-to-month,Yes,Credit card (automatic),83.17,73.01,4,Yes
4768-AJS,Male,0,Yes,Yes,28,Yes,Yes,No,No internet service,No internet service,No internet service,No internet service,No internet service,No internet service,Month-to-month,No,Credit card (automatic),48.47,1371.06,0,No
3033-CDD,Female,0,Yes,Yes,15,Yes,No,DSL,Yes,No,No,Yes,No,No,Two year,Yes,Credit card (automatic),82.65,1238.07,0,No
2307-YPI,Female,0,No,No,5,No,No phone service,DSL,No,No,No,No,Yes,No,One year,Yes,Electronic check,54.08,278.39,1,No
5939-VHP,Female,0,Yes,No,72,Yes,No,No,No internet service,No internet service,No internet service,No internet service,No internet service,No internet service,Month-to-month,Yes,Electronic check,37.33,2685.75,2,No
1484-UAQ,Female,0,No,No,11,Yes,No,Fiber optic,No,No,Yes,No,No,Yes,Month-to-month,Yes,Electronic check,105.15,1149.66,2,Yes
1695-UHJ,Female,0,Yes,No,10,Yes,Yes,Fiber optic,Yes,No,No,No,Yes,No,Month-to-month,No,Bank transfer (automatic),119.65,1195.9,4,Yes
9265-IMC,Female,0,No,Yes,18,Yes,No,No,No internet service,No internet service,No internet service,No internet service,No internet service,No internet service,Month-to-month,No,Electronic check,40.39,725.5,0,No
4477-WCA,Male,0,No,No,9,Yes,No,Fiber optic,No,No,Yes,No,No,No,Month-to-month,Yes,Mailed check,96.86,872.4,1,Yes
9449-KNJ,Male,0,No,No,8,Yes,No,No,No internet service,No internet service,No internet service,No internet service,No internet service,No internet service,One year,Yes,Electronic check,42.52,352.14,4,Yes
6350-WAZ,Male,0,No,No,72,Yes,No,DSL,No,No,No,Yes,Yes,No,Month-to-month,No,Electronic check,84.29,6057.08,4,No
9070-OZK,Female,0,Yes,No,8,Yes,Yes,Fiber optic,No,Yes,No,Yes,No,No,Two year,Yes,Bank transfer (automatic),114.69,918.1,2,No
9831-FVG,Male,0,No,No,24,Yes,Yes,Fiber optic,Yes,Yes,No,No,Yes,No,Month-to-month,Yes,Electronic check,126.12,3013.72,2,Yes
1201-UOH,Female,1,No,No,1,Yes,Yes,Fiber optic,No,No,No,No,No,Yes,Month-to-month,Yes,Electronic check,106.68,109.9,1,Yes
3102-ODF,Female,0,Yes,No,5,Yes,Yes,DSL,No,Yes,No,Yes,No,No,Month-to-month,Yes,Electronic check,92.72,466.36,2,Yes
7697-RPR,Male,0,No,Yes,1,Yes,Yes,No,No internet service,No internet service,No internet service,No internet service,No internet service,No internet service,Month-to-month,No,Mailed check,52.9,65.81,1,Yes
2329-MGT,Male,0,No,No,20,Yes,No,No,No internet service,No internet service,No internet service,No internet service,No internet service,No internet service,Two year,Yes,Mailed check,40.6,822.34,3,No
7027-BLL,Female,0,No,Yes,17,Yes,Yes,DSL,No,Yes,No,No,Yes,No,Month-to-month,Yes,Mailed check,99.73,1686.84,2,Yes
5823-DDR,Female,0,Yes,Yes,11,Yes,Yes,Fiber optic,Yes,No,No,No,No,No,One year,Yes,Credit card (automatic),104.87,1150.76,1,No
7959-NQQ,Male,0,Yes,No,31,Yes,No,DSL,No,No,No,No,No,No,One year,No,Mailed check,63.79,1967.17,2,No
7210-FWM,Male,0,Yes,No,25,Yes,Yes,Fiber optic,Yes,No,No,Yes,Yes,No,Month-to-month,Yes,Electronic check,128.24,3211.84,4,Yes
4976-UIH,Male,0,Yes,No,23,Yes,No,Fiber optic,Yes,Yes,No,No,Yes,No,Month-to-month,Yes,Electronic check,115.25,2653.33,1,Yes
9912-PPS,Male,0,Yes,No,11,Yes,No,Fiber optic,No,Yes,Yes,No,Yes,No,Month-to-month,Yes,Bank transfer (automatic),118.93,1319.24,2,Yes
5023-PYN,Male,1,No,No,10,Yes,Yes,Fiber optic,No,No,No,No,No,No,One year,No,Credit card (automatic),97.76,983.07,2,Yes
3355-NNN,Male,0,Yes,No,52,Yes,Yes,Fiber optic,Yes,No,No,Yes,Yes,No,Month-to-month,No,Bank transfer (automatic),126.27,6553.8,3,No
4051-FTM,Female,0,No,No,20,Yes,Yes,Fiber optic,Yes,No,Yes,No,Yes,No,Month-to-month,No,Credit card (automatic),126.66,2520.45,1,Yes
6758-IBV,Male,0,No,No,8,Yes,No,DSL,Yes,Yes,Yes,No,No,Yes,Month-to-month,No,Bank transfer (automatic),104.82,825.38,3,Yes
7074-CJT,Female,0,Yes,Yes,20,Yes,Yes,DSL,No,Yes,Yes,No,No,No,One year,No,Credit card (automatic),97.06,1932.65,3,No
6274-XJH,Female,0,Yes,No,8,Yes,No,Fiber optic,No,Yes,No,No,Yes,No,Month-to-month,Yes,Electronic check,106.47,866.33,7,Yes
7288-ZVA,Male,0,No,Yes,6,Yes,Yes,Fiber optic,Yes,No,No,No,No,No,Month-to-month,Yes,Electronic check,104.34,617.95,0,Yes
7917-GOR,Male,0,No,No,9,Yes,Yes,Fiber optic,Yes,No,No,No,Yes,No,Month-to-month,No,Bank transfer (automatic),115.34,1033.82,3,Yes
9648-HYJ,Male,0,No,No,25,Yes,No,Fiber optic,Yes,No,No,Yes,No,No,Month-to-month,No,Mailed check,107.88,2698.68,5,Yes
6116-DTH,Female,0,No,No,19,Yes,Yes,No,No internet service,No internet service,No internet service,No internet service,No internet service,No internet service,Month-to-month,No,Mailed check,50.36,952.22,0,No
9896-HWL,Female,0,Yes,No,5,Yes,Yes,Fiber optic,No,Yes,No,No,Yes,No,Two year,Yes,Mailed check,118.96,584.29,1,No
8190-YOM,Male,0,No,Yes,60,Yes,Yes,No,No internet service,No internet service,No internet service,No internet service,No internet service,No internet service,Two year,No,Electronic check,49.47,2974.23,1,No
9335-ZWR,Male,0,No,No,18,Yes,No,DSL,Yes,No,No,No,No,No,Two year,Yes,Credit card (automatic),75.29,1364.89,4,No
2216-QPW,Female,0,Yes,Yes,40,Yes,Yes,Fiber optic,No,Yes,Yes,No,Yes,No,Two year,Yes,Mailed check,124.53,4986.96,3,No
7772-JZF,Female,0,Yes,No,11,Yes,No,Fiber optic,No,Yes,No,Yes,No,No,Two year,Yes,Electronic check,104.93,1157.65,1,No
9747-JVQ,Male,0,Yes,No,72,Yes,No,Fiber optic,No,Yes,No,Yes,Yes,No,Month-to-month,Yes,Electronic check,115.95,8338.9,2,No
6938-TFM,Male,0,No,Yes,35,Yes,Yes,No,No internet service,No internet service,No internet service,No internet service,No internet service,No internet service,One year,No,Mailed check,49.18,1726.61,5,No
1561-HYR,Male,1,No,No,16,Yes,No,DSL,No,Yes,No,Yes,Yes,Yes,Month-to-month,Yes,Electronic check,106.8,1702.7,0,No
8416-WYV,Female,0,No,No,59,Yes,No,DSL,No,No,No,No,No,Yes,Month-to-month,Yes,Credit card (automatic),77.95,4606.02,3,No
3238-IXR,Female,0,Yes,No,32,No,No phone service,Fiber optic,No,No,No,No,No,Yes,One year,Yes,Credit card (automatic),74.68,2404.73,2,No
7974-HSC,Male,0,No,No,15,Yes,No,DSL,Yes,Yes,No,Yes,Yes,Yes,Month-to-month,Yes,Electronic check,121.68,1821.08,1,No
7600-MIY,Male,0,No,No,72,Yes,Yes,DSL,Yes,No,Yes,No,Yes,Yes,Two year,Yes,Credit card (automatic),118.25,8522.62,4,No
9243-LWM,Male,0,No,No,9,Yes,No,No,No internet service,No internet service,No internet service,No internet service,No internet service,No internet service,Month-to-month,No,Bank transfer (automatic),40.59,365.58,0,Yes
2287-OMU,Female,0,No,No,8,Yes,No,DSL,No,Yes,Yes,Yes,No,No,Two year,Yes,Electronic check,95.31,758.35,3,No
2772-QOY,Female,1,Yes,No,57,Yes,Yes,DSL,No,No,No,No,Yes,Yes,One year,Yes,Electronic check,101.45,5781.44,0,No
4138-NJQ,Female,0,No,No,31,Yes,Yes,DSL,No,No,No,No,No,Yes,Two year,Yes,Mailed check,84.36,2629.28,3,No
8051-QWK,Male,1,Yes,No,11,Yes,No,Fiber optic,No,No,Yes,No,Yes,No,Month-to-month,No,Bank transfer (automatic),106.84,1180.05,0,Yes
7984-VXX,Male,0,Yes,Yes,7,Yes,No,Fiber optic,Yes,No,No,No,No,Yes,One year,Yes,Electronic check,106.98,746.35,1,Yes
8222-YOI,Male,0,Yes,Yes,5,Yes,Yes,DSL,Yes,No,No,No,No,No,Month-to-month,No,Credit card (automatic),87.19,448.49,2,Yes
7411-KQF,Female,0,Yes,No,10,Yes,No,DSL,No,No,Yes,Yes,Yes,No,Month-to-month,Yes,Electronic check,98.31,980.93,1,Yes
4288-ODR,Female,0,No,Yes,4,No,No phone service,DSL,No,No,No,No,Yes,Yes,Month-to-month,Yes,Electronic check,71.04,278.35,1,Yes
9298-IIH,Female,0,No,Yes,4,Yes,No,DSL,Yes,No,Yes,No,Yes,No,Two year,Yes,Mailed check,99.35,406.5,1,No
7466-URN,Male,0,No,Yes,38,No,No phone service,No,No internet service,No internet service,No internet service,No internet service,No internet service,No internet service,Two year,Yes,Mailed check,18.5,700.44,3,No
6090-QDU,Male,0,Yes,No,2,Yes,Yes,DSL,Yes,No,No,No,No,Yes,Month-to-month,Yes,Electronic check,99.41,200.74,4,Yes
1411-ROS,Female,1,No,Yes,15,Yes,No,No,No internet service,No internet service,No internet service,No internet service,No internet service,No internet service,Month-to-month,No,Mailed check,38.55,569.99,1,No
1085-FOG,Male,0,No,Yes,13,Yes,No,DSL,No,No,Yes,No,Yes,No,Two year,No,Bank transfer (automatic),86.54,1119.22,2,No
8087-ITE,Male,0,No,No,72,Yes,No,No,No internet service,No internet service,No internet service,No internet service,No internet service,No internet service,Month-to-month,No,Electronic check,42.22,3044.11,1,No
6834-BVP,Female,0,Yes,No,16,Yes,No,Fiber optic,No,Yes,No,Yes,No,No,Month-to-month,Yes,Credit card (automatic),102.34,1637.36,4,Yes
1803-EGF,Female,1,Yes,No,5,Yes,No,Fiber optic,No,No,No,No,Yes,No,One year,Yes,Mailed check,94.82,473.5,1,No
5182-CAI,Female,1,No,No,3,Yes,Yes,Fiber optic,No,Yes,No,Yes,Yes,Yes,Month-to-month,No,Mailed check,137.82,413.59,2,Yes
4093-BPH,Female,0,No,No,33,No,No phone service,DSL,No,Yes,No,No,No,Yes,One year,Yes,Mailed check,68.81,2258.59,2,No
1325-WMA,Female,0,No,No,4,Yes,No,DSL,Yes,Yes,Yes,Yes,No,No,Month-to-month,Yes,Bank transfer (automatic),104.53,407.31,1,Yes
2440-JAL,Male,0,Yes,No,70,Yes,Yes,No,No internet service,No internet service,No internet service,No internet service,No internet service,No internet service,One year,Yes,Electronic check,48.87,3434.65,4,No
9746-QDW,Female,0,No,No,21,No,No phone service,DSL,No,No,No,No,No,Yes,Two year,Yes,Credit card (automatic),58.28,1234.33,2,No
9140-EFB,Male,0,Yes,No,13,Yes,No,DSL,No,No,Yes,No,No,No,Two year,Yes,Electronic check,76.86,1011.97,2,No
3036-GNY,Male,0,Yes,Yes,29,Yes,No,Fiber optic,No,No,Yes,Yes,Yes,No,Two year,Yes,Electronic check,116.83,3397.01,3,No
4629-JDC,Female,1,No,No,6,Yes,No,No,No internet service,No internet service,No internet service,No internet service,No internet service,No internet service,Month-to-month,No,Electronic check,37.22,223.96,2,Yes
3456-WNF,Female,1,No,No,13,Yes,No,Fiber optic,No,No,No,Yes,Yes,No,Two year,Yes,Bank transfer (automatic),108.87,1417.65,1,No
9863-WOH,Male,0,No,No,1,Yes,No,Fiber optic,No,No,No,No,No,Yes,Month-to-month,Yes,Bank transfer (automatic),97.87,92.03,1,Yes
7692-CCM,Male,0,Yes,No,53,Yes,No,No,No internet service,No internet service,No internet service,No internet service,No internet service,No internet service,Two year,Yes,Electronic check,40.1,2135.31,1,No
4233-XAL,Male,0,Yes,No,14,Yes,No,Fiber optic,No,No,No,No,Yes,Yes,Month-to-month,Yes,Credit card (automatic),109.0,1515.31,1,Yes
5872-NRJ,Female,0,Yes,No,36,Yes,Yes,No,No internet service,No internet service,No internet service,No internet service,No internet service,No internet service,Month-to-month,Yes,Credit card (automatic),48.56,1747.02,5,Yes
6928-FAE,Male,1,Yes,No,63,Yes,No,DSL,Yes,No,No,No,No,Yes,One year,Yes,Electronic check,87.12,5486.41,1,No
8256-MVW,Female,0,No,No,27,No,No phone service,Fiber optic,Yes,No,No,Yes,No,Yes,One year,No,Mailed check,98.33,2653.56,1,No
4680-UBX,Female,0,No,No,12,Yes,Yes,No,No internet service,No internet service,No internet service,No internet service,No internet service,No internet service,Two year,No,Mailed check,47.43,567.78,1,No
8177-WLB,Male,0,No,Yes,25,Yes,No,Fiber optic,Yes,No,No,No,No,No,Month-to-month,No,Electronic check,92.96,2333.41,0,No
2762-NYO,Female,1,No,No,12,Yes,No,Fiber optic,No,No,No,No,No,Yes,Month-to-month,Yes,Bank transfer (automatic),97.62,1163.19,3,Yes
6612-IBS,Male,0,No,Yes,21,Yes,Yes,DSL,No,No,No,No,No,No,One year,Yes,Credit card (automatic),72.7,1540.88,3,No
3560-BPB,Male,0,No,No,15,Yes,Yes,Fiber optic,No,No,No,No,No,No,Two year,No,Bank transfer (automatic),96.2,1443.42,5,No
3781-SJS,Female,0,Yes,No,5,Yes,No,DSL,No,No,No,No,No,No,One year,No,Credit card (automatic),65.9,335.84,2,No
6097-PMP,Female,0,Yes,Yes,38,Yes,No,Fiber optic,No,Yes,No,No,No,Yes,Two year,No,Mailed check,106.41,4047.68,5,No
1881-XHX,Male,0,Yes,Yes,18,Yes,Yes,Fiber optic,No,No,No,No,Yes,No,Month-to-month,No,Electronic check,108.68,1966.12,3,Yes
7577-MYG,Female,0,No,No,6,Yes,Yes,Fiber optic,Yes,No,Yes,No,No,No,Two year,Yes,Credit card (automatic),113.82,668.99,5,Yes
8163-UWX,Female,1,No,No,56,Yes,No,Fiber optic,No,No,No,Yes,No,Yes,Two year,No,Credit card (automatic),109.73,6131.03,4,No
9689-FIF,Male,0,No,Yes,48,Yes,Yes,Fiber optic,Yes,Yes,Yes,No,No,No,Month-to-month,No,Mailed check,122.11,5868.39,1,No
9017-QLC,Female,0,No,No,21,No,No phone service,DSL,Yes,No,No,No,No,Yes,Month-to-month,Yes,Electronic check,64.65,1357.51,0,No
5809-JSY,Male,0,No,No,72,Yes,Yes,DSL,Yes,Yes,No,No,Yes,Yes,Month-to-month,No,Electronic check,119.54,8620.97,2,No
8771-DJR,Male,0,Yes,No,66,Yes,Yes,Fiber optic,No,No,No,No,No,Yes,Month-to-month,Yes,Mailed check,107.95,7123.83,3,No
3548-CEP,Female,0,Yes,No,57,Yes,Yes,No,No internet service,No internet service,No internet service,No internet service,No internet service,No internet service,Two year,No,Electronic check,52.96,3009.76,0,No
8948-KZM,Male,0,Yes,No,4,Yes,No,DSL,No,No,Yes,No,Yes,Yes,Two year,Yes,Mailed check,97.45,400.79,3,No
7034-FXM,Female,0,No,No,9,Yes,Yes,Fiber optic,No,Yes,Yes,No,No,No,Month-to-month,Yes,Bank transfer (automatic),116.66,1049.16,2,Yes
8483-DYV,Male,0,Yes,Yes,14,Yes,Yes,Fiber optic,Yes,Yes,No,Yes,Yes,Yes,Month-to-month,Yes,Mailed check,147.37,2049.69,1,Yes
1036-SEU,Female,0,No,No,45,Yes,No,DSL,No,No,No,Yes,Yes,Yes,Month-to-month,No,Credit card (automatic),101.72,4585.04,4,Yes
4341-DLF,Male,0,No,No,52,Yes,Yes,DSL,No,Yes,Yes,No,No,No,One year,Yes,Electronic check,94.63,4917.09,5,No
8890-JAW,Male,0,Yes,No,35,Yes,No,Fiber optic,Yes,Yes,No,No,Yes,Yes,Two year,Yes,Credit card (automatic),126.31,4431.48,1,No
2526-PDI,Female,0,No,No,16,Yes,No,DSL,No,No,No,Yes,No,No,Two year,No,Electronic check,73.36,1162.1,1,No
3747-RQO,Female,0,No,No,5,Yes,Yes,DSL,No,No,Yes,Yes,Yes,Yes,Month-to-month,Yes,Mailed check,118.28,578.19,3,Yes
7770-GYR,Female,0,No,No,1,No,No phone service,Fiber optic,No,Yes,No,No,No,Yes,Two year,Yes,Bank transfer (automatic),85.99,92.31,0,No
9756-LYC,Female,1,No,No,31,Yes,Yes,Fiber optic,No,Yes,Yes,No,Yes,No,Month-to-month,Yes,Bank transfer (automatic),126.51,3917.52,1,Yes
1132-AHG,Female,0,Yes,Yes,72,Yes,Yes,Fiber optic,No,Yes,No,No,No,No,Two year,Yes,Electronic check,105.75,7620.86,2,No
1849-NIE,Female,0,No,Yes,11,Yes,No,Fiber optic,No,No,No,Yes,Yes,No,Two year,Yes,Electronic check,105.82,1173.14,2,No
5854-DLA,Female,0,Yes,Yes,22,Yes,Yes,No,No internet service,No internet service,No internet service,No internet service,No internet service,No internet service,Month-to-month,Yes,Electronic check,47.31,1037.98,3,Yes
5957-XMA,Female,0,Yes,No,42,Yes,Yes,DSL,Yes,No,No,No,No,Yes,Month-to-month,No,Electronic check,96.74,4059.92,4,No
9706-VHX,Female,0,No,Yes,6,Yes,No,Fiber optic,No,Yes,No,Yes,Yes,No,Month-to-month,Yes,Electronic check,116.63,706.95,3,Yes
8953-YPT,Male,1,Yes,No,45,Yes,No,Fiber optic,Yes,No,No,Yes,Yes,Yes,Month-to-month,Yes,Bank transfer (automatic),129.05,5811.45,5,No
9275-PBQ,Female,0,No,Yes,25,Yes,No,Fiber optic,No,No,No,Yes,No,No,Month-to-month,Yes,Bank transfer (automatic),94.0,2345.58,1,Yes
2222-JST,Male,0,Yes,No,22,Yes,No,DSL,Yes,Yes,Yes,No,Yes,Yes,Two year,Yes,Electronic check,116.05,2538.29,1,No
9058-IVQ,Female,0,No,No,36,Yes,Yes,DSL,No,No,No,Yes,No,Yes,Two year,No,Electronic check,96.24,3455.83,2,No
5488-IEX,Female,1,Yes,No,7,Yes,Yes,DSL,No,No,Yes,No,No,Yes,Month-to-month,No,Mailed check,95.64,672.38,3,Yes
7950-KHY,Male,0,No,No,24,Yes,No,DSL,No,Yes,No,No,Yes,Yes,One year,Yes,Credit card (automatic),98.97,2370.5,2,No
9301-BJU,Male,0,Yes,Yes,7,Yes,Yes,Fiber optic,No,Yes,No,Yes,No,No,One year,No,Mailed check,112.51,783.98,2,Yes
4223-PPS,Female,0,Yes,No,5,Yes,No,No,No internet service,No internet service,No internet service,No internet service,No internet service,No internet service,One year,Yes,Bank transfer (automatic),41.3,215.94,1,No
1954-KFF,Male,0,No,Yes,25,No,No phone service,No,No internet service,No internet service,No internet service,No internet service,No internet service,No internet service,One year,Yes,Electronic check,21.57,533.72,2,No
2574-PMC,Female,0,No,No,8,Yes,Yes,No,No internet service,No internet service,No internet service,No internet service,No internet service,No internet service,Two year,Yes,Credit card (automatic),51.11,419.9,1,No
8095-XIX,Male,0,No,No,32,Yes,No,DSL,Yes,No,No,No,Yes,No,Month-to-month,Yes,Credit card (automatic),88.68,2849.36,0,No
2058-FYQ,Female,0,Yes,No,19,Yes,No,DSL,No,Yes,No,No,No,No,Month-to-month,Yes,Credit card (automatic),73.73,1389.86,2,Yes
6058-BLX,Male,0,No,Yes,30,Yes,No,No,No internet service,No internet service,No internet service,No internet service,No internet service,No internet service,Month-to-month,No,Electronic check,37.74,1137.95,0,No
8913-KPP,Female,0,No,Yes,56,Yes,Yes,No,No internet service,No internet service,No internet service,No internet service,No internet service,No internet service,One year,Yes,Mailed check,48.19,2706.17,2,No
8703-RVW,Male,0,No,No,4,Yes,No,DSL,Yes,No,No,No,No,No,Month-to-month,Yes,Electronic check,77.0,304.56,2,Yes
1744-USB,Female,0,No,No,2,Yes,No,Fiber optic,Yes,No,No,No,Yes,No,One year,Yes,Credit card (automatic),109.24,232.55,2,Yes
7713-PVR,Male,0,Yes,Yes,13,Yes,No,Fiber optic,No,No,No,No,Yes,No,Month-to-month,Yes,Electronic check,94.2,1235.57,2,Yes
5357-SVS,Female,1,No,No,32,Yes,Yes,DSL,No,No,No,Yes,Yes,No,One year,No,Bank transfer (automatic),99.8,3190.44,0,No
6802-HET,Female,0,No,Yes,55,Yes,Yes,No,No internet service,No internet service,No internet service,No internet service,No internet service,No internet service,Month-to-month,Yes,Electronic check,51.16,2820.32,1,No
9776-OUN,Female,0,No,No,1,Yes,Yes,No,No internet service,No internet service,No internet service,No internet service,No internet service,No internet service,Month-to-month,Yes,Credit card (automatic),52.93,67.61,1,Yes
6251-XXH,Male,0,No,No,40,No,No phone service,No,No internet service,No internet service,No internet service,No internet service,No internet service,No internet service,One year,Yes,Electronic check,18.5,753.01,2,No
7716-QBT,Male,0,No,Yes,2,Yes,Yes,Fiber optic,Yes,No,No,No,No,Yes,Month-to-month,No,Electronic check,118.92,230.03,3,Yes
2231-JBK,Male,0,Yes,No,22,Yes,Yes,Fiber optic,Yes,Yes,No,Yes,No,No,Month-to-month,Yes,Electronic check,126.49,2796.62,2,Yes
2545-SYY,Male,0,No,No,11,Yes,Yes,Fiber optic,Yes,Yes,No,Yes,Yes,Yes,Month-to-month,No,Credit card (automatic),151.88,1674.19,2,Yes
6997-KIG,Male,0,No,No,1,Yes,No,No,No internet service,No internet service,No internet service,No internet service,No internet service,No internet service,One year,No,Credit card (automatic),37.7,25.57,1,No
5014-TQC,Female,0,Yes,No,3,Yes,Yes,No,No internet service,No internet service,No internet service,No internet service,No internet service,No internet service,Month-to-month,Yes,Bank transfer (automatic),51.87,161.78,1,Yes
4310-NHD,Male,0,No,No,11,Yes,Yes,Fiber optic,Yes,No,Yes,No,No,No,Month-to-month,Yes,Credit card (automatic),115.26,1282.54,2,Yes
3329-JBN,Female,0,No,No,72,Yes,Yes,Fiber optic,No,Yes,Yes,No,Yes,Yes,One year,Yes,Credit card (automatic),139.0,10002.99,3,No
6430-JYR,Female,0,No,No,5,No,No phone service,No,No internet service,No internet service,No internet service,No internet service,No internet service,No internet service,Month-to-month,Yes,Bank transfer (automatic),18.5,79.22,2,No
6988-VMR,Female,0,Yes,No,8,Yes,No,DSL,Yes,Yes,Yes,No,Yes,Yes,Month-to-month,Yes,Electronic check,118.58,943.54,3,Yes
3781-DOH,Female,0,No,Yes,72,No,No phone service,DSL,No,No,Yes,Yes,Yes,Yes,Month-to-month,Yes,Electronic check,89.11,6409.5,2,No
9973-UIT,Female,0,No,No,17,Yes,Yes,Fiber optic,No,No,No,No,No,Yes,One year,No,Electronic check,106.28,1796.25,3,Yes
3274-ZOX,Male,1,Yes,No,8,Yes,No,No,No internet service,No internet service,No internet service,No internet service,No internet service,No internet service,Month-to-month,Yes,Electronic check,39.34,318.56,3,Yes
3480-YPD,Female,0,No,No,24,Yes,No,DSL,No,No,No,No,No,Yes,Two year,No,Electronic check,75.61,1800.96,4,No
5674-SNI,Male,0,No,No,15,Yes,Yes,Fiber optic,Yes,No,No,Yes,No,Yes,One year,No,Electronic check,129.47,1933.57,4,Yes
4522-DYD,Female,1,No,Yes,49,Yes,Yes,No,No internet service,No internet service,No internet service,No internet service,No internet service,No internet service,Month-to-month,No,Mailed check,48.83,2407.51,5,No
7922-SPW,Female,0,No,No,1,Yes,No,Fiber optic,No,Yes,No,No,No,Yes,Month-to-month,Yes,Credit card (automatic),105.36,108.97,2,Yes
4381-QJX,Male,0,No,No,72,Yes,Yes,DSL,No,Yes,No,No,No,Yes,Month-to-month,Yes,Electronic check,99.8,7174.05,1,No
4984-PTV,Male,0,Yes,Yes,2,Yes,Yes,Fiber optic,No,No,No,Yes,No,No,One year,Yes,Electronic check,102.05,218.71,3,Yes
4781-GNK,Female,0,Yes,Yes,20,Yes,Yes,DSL,No,No,No,No,Yes,No,One year,Yes,Mailed check,88.7,1768.39,1,No
8691-NEE,Female,0,No,No,30,No,No phone service,Fiber optic,No,No,Yes,Yes,No,No,Month-to-month,Yes,Bank transfer (automatic),83.35,2488.57,2,No
8315-VWZ,Female,0,Yes,Yes,20,Yes,Yes,Fiber optic,No,No,Yes,No,Yes,No,One year,No,Electronic check,115.38,2307.95,3,Yes
5704-YXW,Male,0,No,No,9,Yes,No,Fiber optic,No,No,No,No,Yes,Yes,Two year,Yes,Mailed check,110.63,1010.55,0,No
2224-CZD,Male,1,Yes,Yes,49,Yes,Yes,Fiber optic,No,No,No,Yes,No,Yes,Two year,Yes,Electronic check,116.04,5700.79,0,No
5245-NPR,Female,0,No,Yes,15,Yes,Yes,Fiber optic,No,Yes,Yes,No,No,No,Month-to-month,Yes,Electronic check,116.76,1750.54,3,Yes
7607-PBJ,Male,0,Yes,Yes,9,Yes,No,DSL,Yes,No,Yes,No,No,No,Month-to-month,Yes,Electronic check,85.3,764.94,4,Yes
9152-OIG,Male,0,No,Yes,37,Yes,Yes,DSL,No,Yes,No,No,Yes,No,Month-to-month,Yes,Credit card (automatic),98.67,3661.35,4,No
5090-XPZ,Male,0,No,No,4,Yes,Yes,Fiber optic,No,No,Yes,No,No,No,One year,No,Electronic check,102.44,411.79,0,No
1080-WHB,Male,0,No,Yes,6,Yes,No,Fiber optic,No,No,Yes,Yes,Yes,Yes,Two year,Yes,Bank transfer (automatic),130.36,789.22,2,No
1184-TZY,Male,0,Yes,Yes,8,Yes,Yes,Fiber optic,No,No,No,No,No,No,One year,Yes,Electronic check,95.56,762.78,4,Yes
8263-CHB,Male,0,No,No,15,Yes,No,DSL,Yes,Yes,No,No,No,Yes,Two year,Yes,Credit card (automatic),99.02,1486.87,4,No
7077-SQE,Male,0,No,Yes,1,Yes,Yes,DSL,No,Yes,Yes,Yes,No,No,Month-to-month,Yes,Electronic check,103.11,101.29,0,Yes
6961-IVF,Female,0,Yes,Yes,72,Yes,Yes,No,No internet service,No internet service,No internet service,No internet service,No internet service,No internet service,Month-to-month,No,Mailed check,50.32,3610.59,3,No
1490-BWL,Male,0,No,No,23,Yes,No,Fiber optic,Yes,No,No,No,Yes,No,Two year,Yes,Electronic check,107.8,2479.15,2,No
7037-XLU,Male,1,No,No,72,Yes,No,No,No internet service,No internet service,No internet service,No internet service,No internet service,No internet service,Month-to-month,Yes,Mailed check,37.21,2676.92,4,No
9271-DLQ,Female,0,No,No,42,Yes,No,No,No internet service,No internet service,No internet service,No internet service,No internet service,No internet service,One year,No,Electronic check,41.14,1728.79,3,No
1416-VRV,Male,1,No,No,4,Yes,Yes,Fiber optic,Yes,Yes,No,Yes,No,Yes,Two year,Yes,Mailed check,137.57,542.38,0,No
6999-AJS,Male,0,Yes,No,6,Yes,No,Fiber optic,No,Yes,No,No,No,No,One year,No,Bank transfer (automatic),94.9,579.4,1,Yes
1239-NYB,Male,0,Yes,No,1,Yes,No,DSL,Yes,No,Yes,Yes,No,No,One year,Yes,Bank transfer (automatic),92.54,96.57,0,No
6867-DVX,Male,0,Yes,No,45,Yes,No,Fiber optic,No,No,Yes,No,No,No,Month-to-month,No,Credit card (automatic),96.52,4351.38,2,No
8587-EGF,Female,0,No,No,23,Yes,Yes,Fiber optic,No,No,No,No,No,No,Two year,Yes,Electronic check,96.27,2211.91,0,No
2353-TAU,Male,0,No,Yes,7,Yes,Yes,No,No internet service,No internet service,No internet service,No internet service,No internet service,No internet service,One year,Yes,Credit card (automatic),50.1,355.74,1,No
1679-GEC,Female,0,Yes,No,72,Yes,No,Fiber optic,Yes,No,No,No,Yes,Yes,One year,Yes,Mailed check,117.2,8445.98,5,No
5314-QWM,Male,0,Yes,No,34,Yes,No,Fiber optic,No,No,No,No,No,No,Month-to-month,No,Mailed check,84.42,2871.31,7,Yes
1690-TNU,Male,0,Yes,No,31,Yes,Yes,No,No internet service,No internet service,No internet service,No internet service,No internet service,No internet service,Month-to-month,No,Mailed check,50.27,1570.89,2,No
7668-LXW,Male,0,No,Yes,8,Yes,Yes,DSL,No,No,Yes,Yes,Yes,No,Two year,Yes,Bank transfer (automatic),106.88,841.33,0,No
7376-CKJ,Male,1,Yes,No,10,Yes,Yes,Fiber optic,No,Yes,Yes,Yes,Yes,No,Month-to-month,Yes,Mailed check,135.98,1373.43,4,Yes
4008-QZM,Female,1,No,Yes,28,Yes,No,Fiber optic,No,No,Yes,Yes,Yes,No,Two year,Yes,Credit card (automatic),115.61,3249.09,2,No
6600-BBG,Female,0,Yes,No,23,Yes,No,DSL,No,No,Yes,No,No,No,Two year,No,Bank transfer (automatic),73.42,1698.41,3,No
2399-DBS,Female,0,No,No,27,Yes,No,Fiber optic,No,No,Yes,No,No,No,One year,Yes,Bank transfer (automatic),93.94,2539.46,2,Yes
9441-EIX,Female,0,Yes,No,53,No,No phone service,DSL,Yes,No,Yes,No,Yes,Yes,Month-to-month,No,Electronic check,88.47,4675.58,2,No
7443-SIJ,Female,0,Yes,No,5,Yes,Yes,DSL,No,Yes,No,Yes,No,No,Month-to-month,Yes,Electronic check,96.0,469.01,1,Yes
3738-JLN,Male,0,No,No,4,Yes,Yes,Fiber optic,No,No,No,No,No,Yes,Month-to-month,Yes,Bank transfer (automatic),104.09,423.23,2,Yes
5135-PQT,Female,0,No,No,21,Yes,No,DSL,No,No,No,No,Yes,No,Month-to-month,No,Mailed check,78.76,1668.89,5,Yes
6635-FLR,Female,1,No,No,18,Yes,No,Fiber optic,No,No,Yes,No,Yes,Yes,Month-to-month,Yes,Bank transfer (automatic),116.58,2104.91,2,Yes
4238-EJF,Male,0,Yes,No,13,Yes,Yes,DSL,Yes,No,No,Yes,No,Yes,One year,Yes,Mailed check,105.01,1354.0,2,No
3573-FNL,Female,0,No,No,59,Yes,No,Fiber optic,No,Yes,No,No,Yes,No,Month-to-month,No,Credit card (automatic),107.59,6360.51,0,No
2306-VZL,Male,0,Yes,No,21,Yes,Yes,Fiber optic,No,No,No,No,Yes,No,Month-to-month,No,Bank transfer (automatic),104.25,2175.75,0,Yes
1135-JPT,Female,0,No,Yes,21,Yes,Yes,No,No internet service,No internet service,No internet service,No internet service,No internet service,No internet service,Two year,No,Credit card (automatic),52.05,1100.64,1,No
5231-IMT,Male,0,Yes,Yes,12,Yes,No,Fiber optic,No,No,No,No,No,No,Month-to-month,Yes,Credit card (automatic),86.68,1027.45,1,Yes
8568-GAT,Female,1,Yes,No,11,Yes,No,No,No internet service,No internet service,No internet service,No internet service,No internet service,No internet service,Month-to-month,No,Electronic check,41.35,440.94,3,Yes
1668-NQM,Male,1,Yes,No,72,Yes,No,Fiber optic,No,No,No,No,Yes,No,Month-to-month,Yes,Mailed check,94.88,6837.02,4,No
9673-NAE,Female,1,Yes,No,25,Yes,No,Fiber optic,No,Yes,Yes,Yes,Yes,No,Month-to-month,Yes,Bank transfer (automatic),125.66,3136.94,2,Yes
9294-SNX,Female,1,No,No,44,Yes,Yes,No,No internet service,No internet service,No internet service,No internet service,No internet service,No internet service,One year,Yes,Electronic check,51.65,2270.47,3,No
5334-EEU,Male,1,No,No,15,Yes,No,DSL,No,Yes,Yes,No,Yes,Yes,Month-to-month,Yes,Electronic check,108.57,1628.59,4,Yes
7750-XIJ,Male,1,Yes,No,6,No,No phone service,Fiber optic,Yes,Yes,No,No,No,Yes,One year,Yes,Credit card (automatic),96.86,578.47,1,No
3577-DHR,Male,0,Yes,No,10,Yes,Yes,No,No internet service,No internet service,No internet service,No internet service,No internet service,No internet service,Two year,No,Electronic check,47.88,491.15,0,No
6587-ZQP,Female,0,Yes,Yes,11,Yes,No,DSL,No,No,No,No,Yes,No,Month-to-month,Yes,Electronic check,79.59,862.81,5,Yes
7609-GAA,Male,0,Yes,No,21,Yes,No,DSL,Yes,No,Yes,No,Yes,No,Month-to-month,Yes,Bank transfer (automatic),99.93,2093.82,1,No
5099-WTU,Female,0,Yes,Yes,5,Yes,Yes,Fiber optic,No,No,No,Yes,No,No,Month-to-month,Yes,Credit card (automatic),106.38,524.34,2,Yes
7018-FMW,Male,0,Yes,No,13,No,No phone service,No,No internet service,No internet service,No internet service,No internet service,No internet service,No internet service,One year,No,Credit card (automatic),21.38,270.0,2,No
8046-XDA,Female,0,Yes,No,3,Yes,Yes,No,No internet service,No internet service,No internet service,No internet service,No internet service,No internet service,Month-to-month,No,Mailed check,48.1,135.7,2,Yes
1645-XEM,Male,0,No,No,18,Yes,No,No,No internet service,No internet service,No internet service,No internet service,No internet service,No internet service,Month-to-month,No,Credit card (automatic),39.27,713.46,0,No
7834-DXF,Male,0,No,No,72,Yes,No,Fiber optic,Yes,No,No,No,No,No,Month-to-month,Yes,Bank transfer (automatic),93.86,6752.41,0,No
8084-EMY,Female,0,No,Yes,11,Yes,No,Fiber optic,Yes,No,Yes,Yes,Yes,No,One year,No,Credit card (automatic),124.89,1381.93,2,No
8433-CWY,Male,0,No,No,2,Yes,Yes,Fiber optic,No,No,Yes,Yes,Yes,Yes,Month-to-month,Yes,Electronic check,137.72,277.51,1,Yes
1218-MLD,Male,0,No,No,24,Yes,Yes,No,No internet service,No internet service,No internet service,No internet service,No internet service,No internet service,Month-to-month,Yes,Electronic check,52.35,1252.7,1,No
4433-ZCQ,Male,0,Yes,Yes,26,Yes,No,Fiber optic,No,No,No,No,No,No,One year,Yes,Bank transfer (automatic),83.98,2181.74,0,No
6064-ARI,Female,0,Yes,Yes,17,No,No phone service,No,No internet service,No internet service,No internet service,No internet service,No internet service,No internet service,Month-to-month,No,Electronic check,18.61,310.79,2,No
6812-TYI,Female,0,No,No,13,Yes,Yes,DSL,No,No,No,Yes,No,No,Month-to-month,Yes,Bank transfer (automatic),85.99,1110.11,2,Yes
3418-PCP,Male,0,No,No,56,Yes,No,No,No internet service,No internet service,No internet service,No internet service,No internet service,No internet service,Month-to-month,Yes,Bank transfer (automatic),38.47,2155.21,2,No
9524-CJV,Male,0,No,No,70,Yes,Yes,No,No internet service,No internet service,No internet service,No internet service,No internet service,No internet service,Month-to-month,Yes,Bank transfer (automatic),52.43,3669.15,1,No
5549-RFF,Female,0,No,Yes,28,Yes,No,DSL,Yes,Yes,Yes,No,Yes,Yes,Month-to-month,Yes,Mailed check,117.16,3272.77,2,No
9123-MNU,Female,0,No,No,18,Yes,Yes,Fiber optic,No,No,Yes,No,No,Yes,Two year,Yes,Electronic check,119.65,2167.93,1,No
2356-OLU,Male,0,No,No,2,Yes,No,No,No internet service,No internet service,No internet service,No internet service,No internet service,No internet service,One year,No,Electronic check,41.5,76.59,3,Yes
8067-YCR,Female,0,No,Yes,9,Yes,Yes,Fiber optic,No,No,No,No,No,No,Two year,Yes,Electronic check,95.65,849.53,2,Yes
4879-BDR,Male,0,Yes,No,9,No,No phone service,DSL,No,No,Yes,No,Yes,No,Month-to-month,Yes,Mailed check,66.4,594.69,0,No
3267-YZM,Male,0,No,No,2,Yes,No,No,No internet service,No internet service,No internet service,No internet service,No internet service,No internet service,Two year,No,Electronic check,38.72,66.5,7,Yes
8086-BJB,Female,1,No,No,47,Yes,No,Fiber optic,Yes,No,Yes,No,Yes,Yes,Month-to-month,Yes,Credit card (automatic),129.88,6117.42,2,No
8773-ULE,Female,0,No,No,51,Yes,No,Fiber optic,No,No,No,No,No,No,Month-to-month,Yes,Bank transfer (automatic),83.55,4271.32,4,Yes
5310-ABP,Female,0,Yes,No,61,Yes,Yes,Fiber optic,Yes,Yes,No,Yes,No,No,Two year,No,Bank transfer (automatic),126.48,7707.61,1,No
6333-BPT,Female,1,No,Yes,34,Yes,No,No,No internet service,No internet service,No internet service,No internet service,No internet service,No internet service,Month-to-month,Yes,Electronic check,42.8,1445.25,3,No
1665-PFM,Female,1,Yes,Yes,31,Yes,No,No,No internet service,No internet service,No internet service,No internet service,No internet service,No internet service,One year,Yes,Mailed check,38.68,1196.91,1,No
1553-EHF,Female,0,No,Yes,17,Yes,Yes,Fiber optic,No,No,No,No,No,No,Two year,Yes,Bank transfer (automatic),94.86,1612.91,0,No
8283-VFV,Female,0,No,Yes,49,Yes,No,No,No internet service,No internet service,No internet service,No internet service,No internet service,No internet service,Two year,No,Mailed check,39.55,1936.86,3,No
3853-QEW,Female,0,Yes,No,18,Yes,No,DSL,No,No,Yes,Yes,Yes,No,Month-to-month,Yes,Credit card (automatic),96.8,1748.98,2,No
3736-QMV,Male,0,No,No,1,Yes,No,No,No internet service,No internet service,No internet service,No internet service,No internet service,No internet service,Two year,Yes,Bank transfer (automatic),39.53,49.77,0,No
4774-GVU,Male,0,No,Yes,22,Yes,No,DSL,No,No,No,Yes,No,No,One year,Yes,Bank transfer (automatic),74.82,1636.3,2,No
2935-CIO,Female,0,Yes,No,13,Yes,Yes,No,No internet service,No internet service,No internet service,No internet service,No internet service,No internet service,Two year,Yes,Electronic check,47.93,625.05,1,No
7749-JJW,Male,0,Yes,Yes,19,Yes,No,DSL,No,No,Yes,Yes,Yes,Yes,One year,Yes,Credit card (automatic),107.6,2047.93,3,No
3562-ACY,Male,0,No,No,15,Yes,No,Fiber optic,No,No,No,Yes,No,Yes,One year,Yes,Electronic check,108.99,1628.2,2,Yes
5836-GCD,Male,0,No,No,18,Yes,No,No,No internet service,No internet service,No internet service,No internet service,No internet service,No internet service,One year,No,Electronic check,38.01,678.0,1,No
1542-BNE,Male,1,Yes,No,3,Yes,Yes,Fiber optic,No,Yes,No,Yes,No,No,Month-to-month,Yes,Electronic check,114.34,347.88,1,Yes
1884-BOK,Male,0,No,No,1,Yes,No,DSL,Yes,No,No,Yes,No,No,Two year,Yes,Credit card (automatic),82.73,72.36,2,No
4571-ASN,Female,1,Yes,No,11,Yes,Yes,Fiber optic,No,No,No,No,No,Yes,Month-to-month,No,Credit card (automatic),104.09,1140.37,3,Yes
9566-VNA,Female,0,Yes,No,8,Yes,Yes,DSL,Yes,Yes,Yes,No,Yes,No,Month-to-month,Yes,Credit card (automatic),118.23,937.63,1,No
7040-IQN,Female,0,Yes,No,8,Yes,No,Fiber optic,Yes,No,No,No,Yes,No,One year,Yes,Electronic check,106.46,854.06,3,Yes
6420-MFG,Female,0,Yes,No,70,Yes,No,Fiber optic,No,Yes,Yes,No,No,No,One year,Yes,Credit card (automatic),107.56,7540.15,2,No
3625-ZHX,Female,0,No,No,43,No,No phone service,DSL,No,Yes,No,No,No,Yes,Two year,No,Bank transfer (automatic),68.55,2941.46,4,No
6848-CRR,Female,0,No,No,1,Yes,Yes,Fiber optic,No,No,Yes,Yes,Yes,No,One year,No,Credit card (automatic),129.17,122.65,0,No
6493-WFK,Male,0,Yes,No,1,Yes,Yes,DSL,No,No,Yes,No,No,Yes,Month-to-month,Yes,Electronic check,96.01,90.43,0,Yes
7786-PEX,Female,0,Yes,No,38,Yes,Yes,DSL,Yes,Yes,Yes,No,No,No,Two year,Yes,Electronic check,105.88,4034.68,0,No
2775-GPX,Male,0,No,No,72,Yes,No,Fiber optic,No,Yes,Yes,Yes,No,No,Month-to-month,No,Credit card (automatic),112.15,8065.66,3,No
5385-PDG,Female,0,Yes,Yes,16,Yes,No,Fiber optic,No,Yes,No,No,No,No,Month-to-month,No,Electronic check,96.16,1525.69,2,Yes
6905-FRG,Male,0,Yes,No,15,Yes,No,DSL,Yes,No,No,No,Yes,No,One year,No,Electronic check,86.4,1281.57,2,No
7945-SID,Male,0,Yes,No,9,Yes,No,Fiber optic,Yes,Yes,Yes,Yes,No,No,One year,Yes,Mailed check,123.86,1121.68,1,No
7285-EYG,Female,0,No,No,28,Yes,Yes,No,No internet service,No internet service,No internet service,No internet service,No internet service,No internet service,Month-to-month,Yes,Bank transfer (automatic),52.39,1460.83,1,No
4726-SKT,Female,0,Yes,No,16,Yes,Yes,Fiber optic,Yes,No,No,No,Yes,No,Month-to-month,Yes,Bank transfer (automatic),119.97,1930.63,0,Yes
3998-DRN,Female,0,No,Yes,5,Yes,No,Fiber optic,No,Yes,No,No,No,Yes,Month-to-month,Yes,Electronic check,107.94,543.72,2,Yes
5133-YPR,Female,0,No,No,17,Yes,No,DSL,Yes,No,Yes,Yes,No,No,Two year,No,Mailed check,93.77,1580.66,3,No
3560-HAA,Male,0,Yes,Yes,12,No,No phone service,Fiber optic,No,No,Yes,No,No,Yes,Month-to-month,Yes,Electronic check,89.33,1077.29,4,Yes
5476-YJR,Female,0,Yes,No,56,Yes,Yes,Fiber optic,No,No,No,Yes,No,Yes,One year,No,Mailed check,118.96,6646.82,4,No
5491-QAH,Female,0,No,No,37,Yes,Yes,Fiber optic,Yes,No,Yes,No,No,No,One year,Yes,Electronic check,117.51,4347.58,2,No
8401-ZJR,Male,1,No,No,31,Yes,Yes,Fiber optic,No,Yes,Yes,Yes,No,No,One year,Yes,Bank transfer (automatic),124.01,3844.83,2,No
2084-IYB,Male,0,No,Yes,10,Yes,Yes,Fiber optic,No,No,Yes,No,Yes,No,One year,Yes,Bank transfer (automatic),115.35,1143.52,0,No
6473-FWL,Female,0,Yes,No,4,No,No phone service,DSL,No,No,Yes,Yes,Yes,Yes,Month-to-month,Yes,Mailed check,89.09,350.0,2,Yes
1693-SOS,Female,0,Yes,Yes,51,Yes,No,DSL,No,No,No,No,Yes,Yes,Month-to-month,Yes,Electronic check,91.79,4677.73,2,No
6835-RPB,Male,0,No,No,11,Yes,No,No,No internet service,No internet service,No internet service,No internet service,No internet service,No internet service,Month-to-month,Yes,Electronic check,37.88,403.57,0,No
7794-LEX,Female,1,Yes,Yes,23,Yes,No,Fiber optic,No,No,No,Yes,No,Yes,One year,Yes,Electronic check,107.6,2468.27,4,Yes
1805-YKU,Male,0,No,No,23,No,No phone service,Fiber optic,No,No,No,No,No,No,Month-to-month,No,Credit card (automatic),62.58,1434.91,1,Yes
2443-ILJ,Male,0,Yes,No,66,Yes,Yes,Fiber optic,No,Yes,No,Yes,Yes,No,Month-to-month,Yes,Mailed check,125.85,8317.7,1,No
2210-NEA,Female,1,No,No,5,Yes,Yes,DSL,No,No,No,No,No,Yes,Two year,Yes,Mailed check,84.88,430.03,4,No
7212-PEE,Male,0,Yes,Yes,37,No,No phone service,Fiber optic,No,Yes,Yes,No,Yes,No,One year,Yes,Mailed check,94.61,3511.09,1,No
1913-FUR,Female,0,No,No,16,Yes,Yes,Fiber optic,No,No,No,No,No,Yes,One year,No,Electronic check,109.93,1753.97,4,Yes
5987-JOX,Female,0,No,Yes,5,Yes,Yes,No,No internet service,No internet service,No internet service,No internet service,No internet service,No internet service,Month-to-month,Yes,Credit card (automatic),47.83,253.1,1,No
3570-ZSY,Female,0,Yes,Yes,46,Yes,No,No,No internet service,No internet service,No internet service,No internet service,No internet service,No internet service,Month-to-month,No,Mailed check,38.39,1766.21,2,No
1794-TCP,Male,0,Yes,No,43,Yes,No,DSL,Yes,No,Yes,No,No,No,One year,No,Credit card (automatic),83.16,3566.15,4,No
1102-LOH,Female,1,No,No,2,Yes,Yes,DSL,No,No,No,No,No,No,Month-to-month,Yes,Mailed check,77.31,155.03,5,Yes
3032-AUH,Female,0,No,Yes,31,Yes,No,Fiber optic,No,Yes,No,Yes,Yes,No,Month-to-month,No,Bank transfer (automatic),116.31,3612.37,2,No
5570-SHS,Male,0,No,No,5,Yes,No,DSL,Yes,No,No,Yes,No,No,Month-to-month,Yes,Credit card (automatic),82.4,423.95,1,No
9246-CDP,Female,0,Yes,No,24,Yes,No,Fiber optic,No,No,Yes,No,Yes,No,Month-to-month,No,Credit card (automatic),107.15,2562.23,1,Yes
9503-DYT,Female,0,No,No,26,Yes,Yes,DSL,No,No,Yes,No,Yes,No,Month-to-month,Yes,Mailed check,95.0,2466.68,3,No
7461-TMU,Female,0,Yes,No,28,Yes,No,DSL,Yes,No,No,Yes,No,Yes,Month-to-month,No,Mailed check,98.07,2746.95,3,No
3512-WYP,Male,0,Yes,No,4,Yes,No,DSL,Yes,No,No,Yes,No,No,Two year,Yes,Electronic check,84.57,351.35,2,No
6951-YQF,Male,0,Yes,No,23,Yes,No,DSL,No,No,No,No,No,Yes,Month-to-month,No,Bank transfer (automatic),77.51,1774.24,1,No
4763-XDH,Female,0,Yes,No,3,Yes,Yes,DSL,No,No,Yes,Yes,No,No,Month-to-month,No,Bank transfer (automatic),97.7,302.67,1,No
1232-VAM,Female,0,Yes,Yes,35,Yes,Yes,No,No internet service,No internet service,No internet service,No internet service,No internet service,No internet service,One year,Yes,Electronic check,50.77,1762.45,1,No
7233-BWJ,Female,0,No,No,2,Yes,No,DSL,Yes,No,Yes,No,Yes,Yes,Month-to-month,No,Mailed check,106.41,217.87,5,Yes
9599-MZN,Male,0,Yes,No,36,Yes,No,Fiber optic,Yes,No,Yes,No,No,Yes,Month-to-month,Yes,Mailed check,118.72,4269.7,3,No
9026-KJG,Female,0,Yes,No,54,Yes,No,Fiber optic,Yes,No,No,No,No,No,Month-to-month,No,Credit card (automatic),96.84,5237.03,3,No
5937-XAN,Female,1,Yes,No,9,Yes,Yes,DSL,No,No,Yes,Yes,No,No,Month-to-month,Yes,Electronic check,97.36,862.63,2,Yes
2378-MBQ,Female,0,No,No,38,Yes,No,No,No internet service,No internet service,No internet service,No internet service,No internet service,No internet service,Month-to-month,Yes,Electronic check,39.28,1507.26,1,No
8572-CZO,Male,0,Yes,No,14,Yes,No,Fiber optic,No,No,No,No,No,No,One year,Yes,Mailed check,83.34,1169.46,0,No
2689-IYK,Male,0,Yes,Yes,40,Yes,No,DSL,Yes,No,No,Yes,No,No,One year,Yes,Electronic check,85.32,3398.86,2,No
9917-BIR,Male,0,Yes,Yes,29,Yes,Yes,DSL,Yes,Yes,No,No,Yes,Yes,Month-to-month,Yes,Mailed check,119.75,3460.16,5,Yes
1658-VRE,Male,0,Yes,No,9,Yes,Yes,Fiber optic,No,No,No,No,No,No,Two year,No,Electronic check,95.18,855.58,1,No
7225-LDO,Male,0,Yes,No,6,Yes,Yes,No,No internet service,No internet service,No internet service,No internet service,No internet service,No internet service,Month-to-month,Yes,Electronic check,51.48,315.14,1,Yes
4205-MWJ,Female,0,No,No,62,Yes,No,DSL,No,No,Yes,No,No,Yes,Month-to-month,Yes,Electronic check,87.03,5399.16,0,No
7711-YND,Female,0,Yes,No,46,No,No phone service,Fiber optic,No,Yes,No,No,No,No,One year,No,Electronic check,77.78,3567.4,2,No
4059-WLO,Female,1,Yes,No,27,No,No phone service,Fiber optic,Yes,No,No,No,Yes,No,Month-to-month,Yes,Bank transfer (automatic),86.27,2334.71,2,No
8513-JKI,Female,0,Yes,No,11,Yes,Yes,Fiber optic,No,No,No,No,Yes,No,Month-to-month,No,Mailed check,104.69,1160.3,3,Yes
3826-BMV,Male,1,No,Yes,18,Yes,No,Fiber optic,No,No,No,No,No,No,Month-to-month,Yes,Credit card (automatic),84.75,1538.7,3,Yes
1313-ZHU,Male,1,No,No,21,Yes,Yes,Fiber optic,No,No,Yes,Yes,No,No,Month-to-month,Yes,Electronic check,113.79,2398.97,2,Yes
3324-HAF,Female,0,No,No,3,Yes,Yes,DSL,No,No,No,Yes,Yes,No,Month-to-month,No,Electronic check,94.92,273.61,1,Yes
4291-FOW,Male,1,No,Yes,72,Yes,No,Fiber optic,No,No,Yes,No,No,No,Two year,Yes,Electronic check,95.31,6858.9,1,No
7767-DZQ,Female,0,No,No,3,Yes,Yes,Fiber optic,No,No,No,Yes,No,Yes,One year,Yes,Credit card (automatic),116.24,353.57,2,Yes
6704-LVS,Male,1,Yes,Yes,32,Yes,No,Fiber optic,No,Yes,No,No,No,No,One year,Yes,Electronic check,93.17,2995.24,1,No
1691-ZLV,Female,0,Yes,No,17,Yes,Yes,Fiber optic,No,Yes,No,No,No,No,Month-to-month,No,Mailed check,105.5,1779.89,2,Yes
1069-LIT,Female,0,No,No,36,Yes,No,Fiber optic,No,No,Yes,Yes,Yes,Yes,Month-to-month,No,Credit card (automatic),130.26,4702.36,3,Yes
5724-CBH,Female,0,Yes,No,8,No,No phone service,Fiber optic,Yes,Yes,Yes,No,No,Yes,One year,Yes,Electronic check,105.15,842.46,3,Yes
9767-JKI,Male,0,No,No,13,Yes,Yes,No,No internet service,No internet service,No internet service,No internet service,No internet service,No internet service,One year,Yes,Electronic check,52.43,686.62,1,No
5954-IDB,Female,0,No,No,19,Yes,No,DSL,Yes,Yes,No,Yes,Yes,No,Month-to-month,Yes,Mailed check,107.39,2030.15,1,No
5576-UAL,Female,1,No,No,4,Yes,Yes,Fiber optic,No,Yes,Yes,No,No,No,Two year,Yes,Electronic check,112.55,451.25,2,Yes
1941-KGB,Male,1,Yes,No,48,Yes,Yes,Fiber optic,Yes,No,Yes,Yes,Yes,No,Month-to-month,Yes,Bank transfer (automatic),136.87,6570.32,0,No
9819-YOZ,Female,0,No,No,72,No,No phone service,Fiber optic,No,No,No,Yes,Yes,No,Two year,Yes,Bank transfer (automatic),88.12,6339.91,2,No
7066-CTN,Male,0,Yes,Yes,14,Yes,No,No,No internet service,No internet service,No internet service,No internet service,No internet service,No internet service,Month-to-month,Yes,Electronic check,37.1,512.95,2,No
6575-KHL,Male,0,No,Yes,12,Yes,Yes,Fiber optic,Yes,No,No,No,No,No,One year,No,Mailed check,102.51,1236.96,0,No
4017-WDP,Male,0,Yes,No,23,Yes,No,No,No internet service,No internet service,No internet service,No internet service,No internet service,No internet service,Month-to-month,Yes,Electronic check,41.43,963.03,1,No
2573-IWE,Female,0,Yes,No,30,Yes,No,Fiber optic,No,No,No,Yes,No,No,Month-to-month,Yes,Mailed check,93.6,2806.27,0,No
4796-XFQ,Male,0,No,Yes,51,No,No phone service,DSL,No,Yes,Yes,No,No,No,Month-to-month,Yes,Bank transfer (automatic),64.14,3274.83,1,No
2232-YXV,Male,0,Yes,No,12,Yes,No,DSL,No,No,No,No,No,Yes,Month-to-month,No,Electronic check,75.91,923.91,4,Yes
8884-QNB,Male,0,Yes,Yes,37,Yes,Yes,No,No internet service,No internet service,No internet service,No internet service,No internet service,No internet service,Month-to-month,No,Electronic check,49.06,1828.52,5,Yes
8378-ZCB,Female,0,Yes,No,7,Yes,Yes,DSL,Yes,No,No,No,No,Yes,Month-to-month,Yes,Bank transfer (automatic),97.17,692.43,3,Yes
2025-VGD,Male,0,No,No,29,Yes,Yes,Fiber optic,Yes,No,No,No,No,No,One year,Yes,Electronic check,102.6,2988.78,3,No
4621-GTF,Female,0,No,No,16,Yes,No,Fiber optic,No,Yes,Yes,No,No,No,Month-to-month,Yes,Credit card (automatic),106.96,1708.88,3,Yes
9392-TZD,Male,0,Yes,Yes,28,Yes,Yes,DSL,No,No,No,No,No,No,One year,Yes,Electronic check,73.87,2075.68,1,No
8321-ESJ,Male,0,Yes,No,12,Yes,No,Fiber optic,No,No,Yes,Yes,Yes,No,One year,No,Electronic check,118.46,1422.28,0,No
4345-OYA,Female,0,No,Yes,9,Yes,No,DSL,No,No,No,Yes,No,Yes,Two year,Yes,Credit card (automatic),87.87,798.68,1,No
5100-EHV,Female,0,Yes,No,17,No,No phone service,Fiber optic,No,No,Yes,No,No,No,Month-to-month,No,Bank transfer (automatic),76.35,1307.73,5,Yes
4477-TOQ,Female,0,No,No,57,Yes,Yes,Fiber optic,Yes,Yes,No,No,No,Yes,Month-to-month,Yes,Credit card (automatic),127.5,7271.35,2,No
5658-MZV,Male,0,Yes,Yes,29,Yes,No,No,No internet service,No internet service,No internet service,No internet service,No internet service,No internet service,Month-to-month,Yes,Mailed check,39.52,1132.1,4,No
7804-JQE,Male,0,Yes,No,24,Yes,No,No,No internet service,No internet service,No internet service,No internet service,No internet service,No internet service,Month-to-month,No,Credit card (automatic),37.34,904.47,2,No
9785-QDV,Female,0,Yes,Yes,32,Yes,No,Fiber optic,Yes,No,Yes,No,Yes,No,Month-to-month,No,Credit card (automatic),116.61,3746.37,1,Yes
2926-YEH,Female,0,Yes,No,33,Yes,No,DSL,No,Yes,Yes,Yes,No,Yes,Month-to-month,Yes,Mailed check,104.07,3441.39,4,No
8847-KIS,Female,0,No,Yes,9,Yes,Yes,Fiber optic,No,No,Yes,No,No,No,Two year,Yes,Bank transfer (automatic),102.0,903.71,1,No
5274-IWT,Female,1,Yes,No,7,Yes,Yes,Fiber optic,No,No,No,Yes,No,Yes,Month-to-month,No,Mailed check,115.49,816.4,1,No
6022-QPG,Female,0,No,No,18,Yes,Yes,DSL,Yes,No,No,No,No,No,Two year,No,Electronic check,86.72,1563.15,2,No
3873-VCU,Male,0,No,No,4,Yes,No,No,No internet service,No internet service,No internet service,No internet service,No internet service,No internet service,One year,Yes,Electronic check,38.42,164.4,3,Yes
7322-HEZ,Male,1,Yes,No,17,Yes,No,DSL,No,No,No,Yes,Yes,No,One year,No,Electronic check,88.33,1491.52,1,No
7777-FBX,Female,0,No,No,30,Yes,Yes,No,No internet service,No internet service,No internet service,No internet service,No internet service,No internet service,Two year,Yes,Electronic check,50.31,1519.49,0,No
4807-YSM,Female,0,Yes,No,1,Yes,Yes,Fiber optic,No,No,No,No,No,No,One year,Yes,Mailed check,96.34,109.64,0,No
4173-BZX,Male,0,No,No,3,Yes,Yes,No,No internet service,No internet service,No internet service,No internet service,No internet service,No internet service,Two year,No,Credit card (automatic),47.77,142.43,1,No
4338-XNM,Female,0,Yes,No,72,Yes,No,Fiber optic,Yes,Yes,No,No,No,No,Month-to-month,No,Credit card (automatic),103.43,7445.83,5,No
3151-OLC,Female,0,Yes,Yes,66,Yes,Yes,Fiber optic,No,No,Yes,Yes,No,No,One year,No,Electronic check,116.08,7668.16,0,No
5564-WEF,Female,0,No,No,14,No,No phone service,Fiber optic,Yes,Yes,Yes,No,No,No,Month-to-month,No,Credit card (automatic),96.74,1348.81,4,Yes
7913-HEV,Female,0,No,No,23,Yes,Yes,Fiber optic,No,No,Yes,No,No,Yes,Two year,No,Credit card (automatic),117.46,2711.67,1,No
3608-ZBK,Male,0,No,Yes,5,No,No phone service,DSL,No,No,No,No,No,Yes,Month-to-month,Yes,Electronic check,54.13,281.19,3,Yes
2955-KIF,Female,0,Yes,Yes,11,Yes,No,Fiber optic,No,No,No,Yes,No,Yes,Two year,Yes,Electronic check,109.74,1211.14,1,No
9302-ELM,Male,0,No,No,40,Yes,Yes,No,No internet service,No internet service,No internet service,No internet service,No internet service,No internet service,Month-to-month,Yes,Electronic check,51.53,2061.9,1,No
6663-QDJ,Male,0,No,Yes,49,Yes,No,No,No internet service,No internet service,No internet service,No internet service,No internet service,No internet service,Month-to-month,No,Electronic check,42.93,2113.72,4,No
1554-PKI,Male,0,Yes,No,13,No,No phone service,No,No internet service,No internet service,No internet service,No internet service,No internet service,No internet service,One year,Yes,Electronic check,19.77,247.39,5,Yes
7369-GSR,Male,0,Yes,Yes,10,Yes,No,Fiber optic,No,No,No,No,No,Yes,Month-to-month,Yes,Mailed check,94.05,929.14,0,Yes
1166-WIL,Female,0,No,No,29,Yes,No,Fiber optic,No,Yes,No,No,Yes,No,Month-to-month,Yes,Bank transfer (automatic),105.45,3044.17,3,Yes
2404-CWV,Male,0,No,Yes,32,Yes,No,No,No internet service,No internet service,No internet service,No internet service,No internet service,No internet service,Month-to-month,Yes,Bank transfer (automatic),37.48,1184.43,1,No
3774-ZEY,Female,0,No,No,72,No,No phone service,DSL,No,No,No,No,No,No,Month-to-month,Yes,Credit card (automatic),47.48,3423.45,2,No
4739-SQP,Female,0,Yes,Yes,30,Yes,No,Fiber optic,Yes,No,Yes,No,No,No,Two year,Yes,Mailed check,105.78,3164.88,3,No
8741-UXU,Male,0,No,No,7,Yes,Yes,Fiber optic,No,Yes,Yes,No,Yes,No,One year,Yes,Bank transfer (automatic),127.19,900.96,1,Yes
8288-RSD,Female,0,Yes,No,2,Yes,No,DSL,No,Yes,No,No,Yes,No,One year,Yes,Mailed check,85.88,169.0,0,No
4450-DDI,Female,0,No,No,8,Yes,No,Fiber optic,No,No,Yes,No,Yes,Yes,Two year,No,Bank transfer (automatic),117.4,942.95,3,No
4719-BWF,Male,0,No,Yes,7,No,No phone service,DSL,No,Yes,No,No,No,No,One year,Yes,Bank transfer (automatic),56.53,401.14,2,No
1109-UVI,Male,0,Yes,No,3,Yes,Yes,Fiber optic,No,No,No,No,No,No,One year,No,Electronic check,93.56,282.8,1,Yes
9890-YZA,Male,0,No,No,15,No,No phone service,Fiber optic,Yes,No,No,No,No,No,Month-to-month,No,Bank transfer (automatic),75.78,1125.45,1,Yes
9299-EIV,Female,0,Yes,No,9,Yes,No,Fiber optic,Yes,Yes,No,Yes,Yes,No,Two year,No,Electronic check,126.5,1135.0,2,No
8732-XXV,Female,0,Yes,No,65,Yes,Yes,Fiber optic,Yes,Yes,Yes,No,No,No,One year,No,Electronic check,125.65,8154.06,1,No
3026-AOX,Male,1,Yes,Yes,13,No,No phone service,Fiber optic,Yes,No,No,No,Yes,No,Two year,No,Electronic check,86.93,1120.68,1,No
9638-RQG,Male,0,No,Yes,53,Yes,Yes,No,No internet service,No internet service,No internet service,No internet service,No internet service,No internet service,Month-to-month,Yes,Bank transfer (automatic),48.22,2552.0,1,No
4529-ABQ,Female,0,Yes,No,10,Yes,No,Fiber optic,No,No,No,No,Yes,No,Month-to-month,No,Electronic check,95.56,962.63,1,Yes
9981-CQL,Female,0,Yes,Yes,45,Yes,No,Fiber optic,No,Yes,No,Yes,No,No,Month-to-month,Yes,Mailed check,107.42,4834.29,2,No
2687-LTJ,Male,0,Yes,No,16,Yes,Yes,DSL,No,No,Yes,No,No,Yes,One year,Yes,Bank transfer (automatic),94.05,1511.01,5,No
5350-VFG,Female,0,No,No,1,Yes,No,No,No internet service,No internet service,No internet service,No internet service,No internet service,No internet service,Two year,No,Credit card (automatic),37.75,38.99,0,No
5208-LQR,Female,0,Yes,No,17,Yes,No,Fiber optic,No,Yes,No,Yes,No,Yes,Two year,Yes,Bank transfer (automatic),115.16,1943.54,2,No
6290-BUA,Male,0,No,Yes,7,Yes,No,DSL,No,No,Yes,No,Yes,No,Month-to-month,Yes,Bank transfer (automatic),84.19,589.25,2,Yes
8247-VCT,Male,0,No,No,10,Yes,No,Fiber optic,No,No,No,No,No,No,One year,Yes,Mailed check,84.76,836.59,2,No
7304-UTH,Female,0,No,No,29,Yes,Yes,DSL,No,No,Yes,No,No,Yes,Month-to-month,Yes,Mailed check,96.9,2820.56,2,No
7681-AZE,Female,0,No,No,19,Yes,No,Fiber optic,No,No,Yes,No,No,No,Month-to-month,Yes,Electronic check,93.67,1783.1,2,Yes
1094-AKU,Female,0,Yes,Yes,55,Yes,No,DSL,Yes,No,Yes,No,Yes,No,Month-to-month,Yes,Mailed check,96.75,5325.21,3,No
3692-BMR,Female,0,Yes,No,69,Yes,Yes,DSL,No,No,Yes,Yes,No,No,Month-to-month,Yes,Electronic check,95.7,6606.73,3,No
2497-YLN,Male,0,Yes,Yes,30,Yes,No,DSL,No,Yes,Yes,Yes,No,Yes,Month-to-month,Yes,Mailed check,104.56,3135.23,1,No
7714-XJT,Female,1,No,No,50,Yes,Yes,Fiber optic,No,No,No,No,No,No,Month-to-month,Yes,Bank transfer (automatic),94.69,4727.6,3,No
9003-LKD,Male,1,No,No,6,Yes,Yes,No,No internet service,No internet service,No internet service,No internet service,No internet service,No internet service,Month-to-month,Yes,Bank transfer (automatic),48.48,281.45,1,Yes
9106-IJF,Female,0,No,No,3,Yes,Yes,DSL,No,No,No,No,No,No,Two year,No,Mailed check,75.76,226.8,2,No
4086-JVU,Male,0,No,No,11,No,No phone service,Fiber optic,No,No,No,Yes,Yes,No,One year,No,Mailed check,89.26,983.27,2,No
6408-UVX,Female,0,No,No,10,No,No phone service,DSL,No,No,No,Yes,Yes,No,Month-to-month,Yes,Credit card (automatic),68.87,687.23,2,No
6363-UDW,Female,1,Yes,Yes,28,Yes,No,DSL,Yes,No,No,No,No,No,Month-to-month,Yes,Credit card (automatic),74.88,2101.05,0,No
6717-NTV,Male,1,Yes,No,46,Yes,No,DSL,No,No,No,Yes,No,Yes,Month-to-month,No,Credit card (automatic),84.38,3884.22,3,No
3291-HKO,Female,0,Yes,No,9,Yes,No,DSL,No,No,Yes,No,Yes,No,One year,Yes,Electronic check,87.91,786.09,1,No
2041-VXQ,Male,0,No,No,14,Yes,No,Fiber optic,No,Yes,No,Yes,No,No,Two year,No,Electronic check,107.98,1500.95,3,No
4621-YOM,Male,0,Yes,No,3,Yes,No,No,No internet service,No internet service,No internet service,No internet service,No internet service,No internet service,Month-to-month,No,Mailed check,40.81,114.29,1,Yes
9972-ARE,Male,0,No,No,14,Yes,Yes,No,No internet service,No internet service,No internet service,No internet service,No internet service,No internet service,Two year,No,Bank transfer (automatic),47.17,653.47,2,No
8973-AGD,Female,1,No,No,7,Yes,No,DSL,Yes,Yes,No,No,No,No,Month-to-month,Yes,Bank transfer (automatic),82.76,585.92,2,Yes
3984-OFY,Female,0,No,No,13,Yes,No,No,No internet service,No internet service,No internet service,No internet service,No internet service,No internet service,One year,Yes,Credit card (automatic),39.1,520.78,1,No
6043-RVD,Female,0,Yes,No,8,Yes,No,No,No internet service,No internet service,No internet service,No internet service,No internet service,No internet service,Month-to-month,Yes,Mailed check,41.54,321.62,4,Yes
5397-CAK,Male,0,Yes,Yes,42,Yes,Yes,DSL,No,No,No,Yes,Yes,Yes,Two year,No,Electronic check,107.1,4493.95,1,No
9448-LYI,Female,0,Yes,Yes,1,Yes,No,DSL,No,No,Yes,No,No,Yes,Month-to-month,Yes,Electronic check,84.31,70.39,0,Yes
8172-ORI,Female,0,No,No,11,Yes,Yes,Fiber optic,No,No,No,No,No,No,Month-to-month,No,Mailed check,95.2,1037.38,1,Yes
3732-MXM,Male,0,Yes,No,72,Yes,No,DSL,Yes,Yes,No,No,Yes,Yes,Month-to-month,No,Credit card (automatic),108.28,7791.25,4,No
8849-VGV,Male,0,No,No,29,Yes,No,No,No internet service,No internet service,No internet service,No internet service,No internet service,No internet service,One year,Yes,Bank transfer (automatic),38.54,1110.25,1,No
5862-ETG,Male,0,No,Yes,37,Yes,No,DSL,Yes,Yes,No,No,No,No,Month-to-month,No,Electronic check,83.85,3108.73,1,No
1201-ZYU,Male,1,Yes,No,50,Yes,Yes,No,No internet service,No internet service,No internet service,No internet service,No internet service,No internet service,Two year,Yes,Electronic check,52.48,2611.24,3,No
7299-MOF,Female,1,Yes,No,12,Yes,No,Fiber optic,No,No,Yes,No,No,No,Month-to-month,No,Bank transfer (automatic),95.92,1157.82,2,Yes
6171-LSK,Male,0,No,No,2,Yes,No,Fiber optic,No,No,Yes,Yes,No,No,Month-to-month,Yes,Bank transfer (automatic),107.54,217.6,6,Yes
9421-ABW,Male,0,No,No,14,Yes,Yes,DSL,No,No,No,No,No,No,Month-to-month,No,Bank transfer (automatic),72.58,1016.39,1,No
5366-DEO,Female,0,No,No,27,Yes,No,DSL,Yes,No,Yes,Yes,No,No,Month-to-month,No,Bank transfer (automatic),93.91,2535.4,0,No
2552-BTX,Female,0,Yes,Yes,12,Yes,Yes,No,No internet service,No internet service,No internet service,No internet service,No internet service,No internet service,Month-to-month,Yes,Electronic check,50.1,602.91,1,Yes
1115-CSE,Male,0,Yes,No,15,Yes,Yes,Fiber optic,No,Yes,No,No,Yes,No,Month-to-month,Yes,Mailed check,117.98,1780.43,1,Yes
9551-ELN,Female,0,Yes,Yes,44,Yes,No,DSL,No,Yes,No,No,No,No,Month-to-month,Yes,Mailed check,74.55,3279.84,2,No
6831-LOS,Female,1,No,No,1,Yes,No,DSL,Yes,No,Yes,No,No,Yes,Month-to-month,Yes,Electronic check,94.6,99.77,1,Yes
8550-NGH,Male,0,Yes,No,11,Yes,Yes,DSL,Yes,Yes,No,Yes,No,Yes,One year,Yes,Credit card (automatic),117.98,1285.11,4,No
8366-RXF,Female,0,No,No,17,Yes,Yes,Fiber optic,No,No,No,No,Yes,No,Month-to-month,Yes,Bank transfer (automatic),109.66,1865.58,2,Yes
6817-SDW,Male,0,No,Yes,9,Yes,No,Fiber optic,Yes,No,Yes,No,No,Yes,Month-to-month,No,Credit card (automatic),119.49,1076.2,0,Yes
1373-SOZ,Female,1,No,Yes,15,Yes,No,DSL,No,Yes,No,No,Yes,Yes,Month-to-month,Yes,Electronic check,97.7,1479.96,4,Yes
8557-ZLS,Female,0,Yes,No,13,Yes,No,DSL,Yes,No,Yes,Yes,Yes,No,Month-to-month,No,Mailed check,109.07,1410.96,2,No
2573-KTT,Female,1,Yes,No,65,Yes,No,DSL,No,Yes,No,Yes,No,Yes,Month-to-month,Yes,Credit card (automatic),98.34,6377.74,0,No
2545-ZPR,Female,0,No,No,17,Yes,Yes,DSL,No,No,No,Yes,Yes,No,Month-to-month,Yes,Bank transfer (automatic),97.79,1674.9,4,Yes
5374-UHG,Male,0,Yes,No,17,No,No phone service,Fiber optic,No,No,No,Yes,Yes,No,One year,No,Bank transfer (automatic),89.54,1522.72,4,No
5055-YQJ,Male,0,Yes,No,8,Yes,No,Fiber optic,No,No,Yes,No,No,Yes,Month-to-month,Yes,Electronic check,104.1,822.12,2,Yes
5124-CUY,Female,0,No,No,2,Yes,No,DSL,No,Yes,No,No,Yes,No,Month-to-month,No,Mailed check,89.79,167.95,1,Yes
1583-NZG,Female,0,No,No,9,Yes,No,Fiber optic,Yes,No,Yes,No,No,Yes,One year,Yes,Electronic check,119.61,1090.76,3,Yes
9847-RKF,Female,0,Yes,Yes,1,Yes,No,DSL,No,No,Yes,No,No,No,One year,Yes,Electronic check,77.51,73.71,2,No
8699-UNU,Male,0,No,No,44,Yes,No,No,No internet service,No internet service,No internet service,No internet service,No internet service,No internet service,One year,Yes,Electronic check,40.21,1770.74,2,No
3220-DTT,Female,0,Yes,Yes,6,No,No phone service,No,No internet service,No internet service,No internet service,No internet service,No internet service,No internet service,Month-to-month,No,Credit card (automatic),18.5,105.26,0,No
5928-LRG,Male,0,Yes,No,61,Yes,No,DSL,Yes,No,No,Yes,No,No,Month-to-month,Yes,Credit card (automatic),84.97,5168.71,4,No
7443-AVD,Female,0,Yes,No,55,Yes,No,Fiber optic,Yes,No,Yes,No,Yes,No,Month-to-month,No,Mailed check,118.84,6544.34,6,No
8342-CGF,Male,0,No,No,28,Yes,Yes,Fiber optic,No,No,No,No,No,Yes,Month-to-month,No,Electronic check,106.52,2985.19,1,Yes
5558-OFH,Male,1,No,No,50,Yes,Yes,No,No internet service,No internet service,No internet service,No internet service,No internet service,No internet service,Month-to-month,No,Credit card (automatic),48.42,2424.61,1,No
3151-VAZ,Female,0,Yes,Yes,53,Yes,Yes,DSL,No,No,No,No,Yes,No,One year,No,Electronic check,89.4,4743.71,0,No
3614-XUM,Male,0,Yes,No,38,Yes,No,Fiber optic,No,No,No,Yes,No,Yes,One year,No,Electronic check,105.44,3996.26,0,No
7698-DGL,Female,0,Yes,No,18,Yes,Yes,Fiber optic,No,No,No,No,No,No,One year,No,Electronic check,97.68,1754.76,3,Yes
8116-VLP,Male,0,Yes,No,72,Yes,No,Fiber optic,No,No,No,No,No,No,One year,Yes,Electronic check,83.38,6002.4,2,No
2925-NSP,Male,0,No,Yes,43,No,No phone service,DSL,Yes,No,No,Yes,No,No,Two year,Yes,Bank transfer (automatic),63.42,2734.92,5,No
9676-IXC,Female,0,Yes,Yes,4,No,No phone service,Fiber optic,No,No,No,No,Yes,No,Two year,Yes,Electronic check,79.01,320.09,1,No
9437-JQS,Male,0,Yes,Yes,14,Yes,No,DSL,Yes,No,Yes,No,Yes,Yes,Month-to-month,Yes,Mailed check,107.28,1500.0,1,No
7121-LWG,Female,0,Yes,Yes,20,Yes,No,DSL,No,No,No,No,Yes,No,Month-to-month,Yes,Electronic check,76.09,1518.77,2,No
9721-SOG,Male,0,Yes,Yes,19,Yes,No,DSL,No,No,No,Yes,Yes,No,One year,No,Mailed check,87.33,1667.41,2,No
8147-VGJ,Female,0,Yes,Yes,12,Yes,No,Fiber optic,No,No,No,Yes,No,Yes,Two year,No,Mailed check,108.16,1299.17,6,Yes
9951-VTJ,Male,0,No,No,19,Yes,No,Fiber optic,No,No,No,Yes,Yes,Yes,Month-to-month,No,Credit card (automatic),116.88,2235.3,2,Yes
1598-ERI,Male,0,Yes,No,3,Yes,No,Fiber optic,Yes,No,No,No,No,No,Month-to-month,No,Mailed check,96.61,275.62,3,Yes
3909-PGY,Female,0,Yes,No,27,Yes,Yes,DSL,No,No,No,Yes,No,No,One year,Yes,Electronic check,84.69,2294.55,1,No
9922-YJE,Male,1,Yes,Yes,18,Yes,No,Fiber optic,No,No,No,No,No,No,Month-to-month,No,Bank transfer (automatic),87.37,1562.13,1,Yes
5228-OSJ,Female,0,No,No,39,Yes,No,DSL,No,Yes,Yes,No,No,Yes,Month-to-month,No,Electronic check,97.93,3830.22,4,Yes
1391-XIK,Female,0,Yes,No,30,No,No phone service,No,No internet service,No internet service,No internet service,No internet service,No internet service,No internet service,One year,Yes,Mailed check,18.5,548.25,0,No
4837-VBC,Male,1,Yes,No,3,Yes,Yes,Fiber optic,No,No,Yes,No,No,No,Month-to-month,Yes,Electronic check,104.13,304.67,0,Yes
8116-KJO,Female,1,Yes,No,11,Yes,No,Fiber optic,Yes,Yes,No,No,Yes,No,One year,Yes,Electronic check,118.78,1307.26,2,No
5951-KHV,Female,0,Yes,Yes,34,Yes,No,DSL,Yes,No,No,No,Yes,Yes,One year,No,Credit card (automatic),97.98,3329.89,2,No
5610-NBP,Female,1,Yes,No,11,Yes,No,Fiber optic,Yes,No,No,No,Yes,Yes,Two year,Yes,Mailed check,116.78,1278.98,0,No
2317-ANJ,Female,0,Yes,No,21,Yes,Yes,No,No internet service,No internet service,No internet service,No internet service,No internet service,No internet service,One year,Yes,Bank transfer (automatic),52.86,1104.76,6,Yes
3693-IGY,Female,1,Yes,No,72,No,No phone service,DSL,No,Yes,No,No,Yes,No,Two year,No,Mailed check,69.63,5006.5,1,No
7881-KNE,Female,0,Yes,No,3,Yes,Yes,Fiber optic,Yes,No,Yes,Yes,No,No,Month-to-month,No,Electronic check,123.73,368.63,3,Yes
5392-GYN,Male,0,Yes,No,6,Yes,No,Fiber optic,No,Yes,No,No,Yes,Yes,Month-to-month,No,Mailed check,118.19,713.66,3,Yes
8802-PVP,Female,0,No,No,17,Yes,Yes,DSL,No,Yes,Yes,No,Yes,Yes,Month-to-month,Yes,Credit card (automatic),121.22,2059.31,4,Yes
4134-GJU,Female,1,No,No,34,No,No phone service,Fiber optic,Yes,No,Yes,No,Yes,No,Month-to-month,No,Electronic check,94.02,3195.05,2,No
4824-ABN,Male,0,Yes,No,11,Yes,Yes,Fiber optic,Yes,Yes,No,No,No,Yes,One year,No,Credit card (automatic),126.32,1402.33,1,No
8843-IWF,Female,0,No,No,4,Yes,Yes,DSL,No,Yes,No,No,Yes,Yes,Month-to-month,Yes,Mailed check,106.33,437.98,2,Yes
3014-QUK,Female,0,No,No,10,No,No phone service,Fiber optic,No,No,Yes,No,Yes,No,One year,Yes,Mailed check,89.19,890.71,1,No
5692-IPC,Female,0,No,No,26,Yes,No,Fiber optic,No,No,No,No,No,No,One year,No,Credit card (automatic),84.84,2197.85,3,Yes
6303-CMS,Male,0,No,Yes,40,Yes,Yes,No,No internet service,No internet service,No internet service,No internet service,No internet service,No internet service,Month-to-month,Yes,Mailed check,52.94,2107.34,0,No
2532-YUZ,Male,0,No,No,72,Yes,No,DSL,No,Yes,Yes,No,Yes,No,One year,No,Mailed check,95.17,6864.11,3,No
2440-WWF,Female,0,No,Yes,36,No,No phone service,No,No internet service,No internet service,No internet service,No internet service,No internet service,No internet service,Two year,Yes,Electronic check,18.98,682.48,1,No
6599-VCC,Female,0,Yes,Yes,17,Yes,Yes,Fiber optic,Yes,Yes,Yes,No,Yes,No,Two year,No,Credit card (automatic),135.04,2303.52,0,No
2615-JYQ,Male,0,Yes,Yes,9,Yes,No,Fiber optic,Yes,Yes,Yes,No,No,No,Month-to-month,Yes,Credit card (automatic),112.14,1011.84,2,Yes
3598-MKJ,Female,0,Yes,Yes,66,Yes,Yes,Fiber optic,No,No,Yes,No,Yes,Yes,One year,No,Electronic check,131.63,8679.15,2,No
8590-XFX,Male,1,Yes,Yes,20,Yes,No,Fiber optic,No,No,Yes,No,Yes,Yes,Month-to-month,Yes,Credit card (automatic),120.59,2405.21,1,Yes
2976-LDC,Female,0,Yes,Yes,30,Yes,No,Fiber optic,No,Yes,No,No,No,No,Month-to-month,No,Electronic check,96.96,2921.13,2,Yes
5473-PMI,Female,0,Yes,No,16,No,No phone service,DSL,No,Yes,No,No,Yes,Yes,Two year,Yes,Bank transfer (automatic),78.33,1251.81,1,No
9345-KTY,Male,0,Yes,Yes,7,No,No phone service,No,No internet service,No internet service,No internet service,No internet service,No internet service,No internet service,Month-to-month,Yes,Bank transfer (automatic),22.51,158.87,1,Yes
8198-UMW,Female,0,No,Yes,20,Yes,No,No,No internet service,No internet service,No internet service,No internet service,No internet service,No internet service,Month-to-month,No,Electronic check,37.53,744.63,2,No
5418-LSH,Male,0,Yes,No,46,Yes,No,No,No internet service,No internet service,No internet service,No internet service,No internet service,No internet service,Month-to-month,No,Electronic check,37.78,1737.09,5,No
1429-VIY,Male,0,No,No,13,Yes,No,DSL,Yes,Yes,Yes,Yes,No,Yes,Two year,No,Electronic check,116.66,1525.9,0,No
3423-QFD,Female,0,No,No,28,Yes,No,No,No internet service,No internet service,No internet service,No internet service,No internet service,No internet service,Two year,No,Credit card (automatic),37.86,1069.94,1,No
1419-SLY,Female,0,No,No,2,Yes,No,No,No internet service,No internet service,No internet service,No internet service,No internet service,No internet service,One year,No,Mailed check,37.7,78.41,2,No
4393-QOJ,Male,0,No,No,69,Yes,Yes,Fiber optic,No,No,No,No,Yes,No,Month-to-month,No,Credit card (automatic),107.17,7390.88,2,No
8394-TDV,Male,0,No,Yes,72,Yes,Yes,No,No internet service,No internet service,No internet service,No internet service,No internet service,No internet service,One year,Yes,Credit card (automatic),48.19,3455.5,2,No
2632-ARD,Female,1,Yes,No,13,Yes,No,DSL,No,Yes,No,No,No,Yes,Two year,Yes,Bank transfer (automatic),88.86,1152.39,1,No
8477-OYW,Female,0,Yes,No,18,No,No phone service,DSL,No,Yes,Yes,No,No,No,Two year,Yes,Credit card (automatic),67.38,1199.46,2,No
9692-VJY,Female,0,No,No,5,Yes,No,DSL,No,Yes,No,Yes,Yes,Yes,Month-to-month,Yes,Electronic check,110.18,544.23,3,Yes
7714-YVL,Female,1,Yes,Yes,6,No,No phone service,DSL,No,Yes,Yes,Yes,No,Yes,Month-to-month,No,Electronic check,85.41,508.85,1,No
4251-LPE,Male,0,No,Yes,24,Yes,Yes,Fiber optic,No,No,No,No,No,Yes,Two year,Yes,Mailed check,108.68,2607.64,1,No
9144-WOM,Male,0,Yes,Yes,25,Yes,No,No,No internet service,No internet service,No internet service,No internet service,No internet service,No internet service,Two year,Yes,Bank transfer (automatic),37.3,943.12,1,No
4348-BHJ,Female,0,No,No,11,Yes,Yes,DSL,Yes,No,No,No,No,No,Month-to-month,No,Mailed check,85.81,930.6,1,No
6830-JYD,Male,0,Yes,No,12,Yes,No,Fiber optic,No,No,No,No,No,No,One year,No,Mailed check,87.56,1037.3,1,No
3090-IDC,Female,0,No,No,18,Yes,No,Fiber optic,No,No,Yes,No,No,Yes,Month-to-month,No,Bank transfer (automatic),107.58,1947.35,0,Yes
6182-KCZ,Male,0,Yes,No,71,Yes,No,DSL,Yes,No,No,No,No,No,Month-to-month,No,Electronic check,77.52,5511.6,3,No
7993-ZSN,Male,0,No,No,5,Yes,No,No,No internet service,No internet service,No internet service,No internet service,No internet service,No internet service,Month-to-month,No,Credit card (automatic),40.86,190.13,2,Yes
7711-KXB,Female,0,Yes,No,21,Yes,No,No,No internet service,No internet service,No internet service,No internet service,No internet service,No internet service,Month-to-month,Yes,Mailed check,41.72,886.19,3,No
1826-BBJ,Female,0,No,Yes,2,Yes,Yes,DSL,No,No,No,Yes,No,Yes,Two year,No,Mailed check,96.72,195.15,3,No
7798-VLK,Female,0,No,No,16,Yes,Yes,Fiber optic,No,No,Yes,Yes,Yes,Yes,Month-to-month,Yes,Electronic check,139.76,2226.12,3,Yes
6136-RNQ,Female,0,Yes,No,13,Yes,No,DSL,Yes,No,No,No,No,No,Month-to-month,Yes,Mailed check,72.3,945.82,1,No
8546-PWF,Male,0,No,No,5,Yes,Yes,Fiber optic,No,No,No,Yes,Yes,No,Month-to-month,Yes,Electronic check,114.17,576.75,2,Yes
7287-BHG,Male,1,Yes,No,5,Yes,Yes,Fiber optic,No,No,No,No,Yes,No,Month-to-month,Yes,Credit card (automatic),104.81,532.42,1,Yes
7467-KTG,Female,0,Yes,Yes,15,Yes,No,DSL,Yes,No,Yes,Yes,No,No,Month-to-month,No,Credit card (automatic),95.14,1425.76,1,No
9643-QKK,Male,0,No,Yes,4,Yes,Yes,Fiber optic,Yes,Yes,Yes,No,No,No,One year,Yes,Electronic check,126.83,501.55,2,Yes
2683-KON,Male,0,No,No,9,Yes,Yes,No,No internet service,No internet service,No internet service,No internet service,No internet service,No internet service,Month-to-month,No,Credit card (automatic),52.0,475.88,1,No
3751-QBR,Female,0,No,No,2,Yes,Yes,Fiber optic,No,No,No,No,No,No,Month-to-month,Yes,Mailed check,97.68,194.4,2,Yes
8663-LJP,Female,1,No,Yes,9,No,No phone service,Fiber optic,No,No,No,Yes,Yes,No,Month-to-month,Yes,Electronic check,85.72,774.07,1,Yes
3722-HVV,Female,1,No,Yes,20,Yes,Yes,DSL,Yes,Yes,No,Yes,Yes,No,One year,Yes,Electronic check,119.51,2396.49,4,No
4223-BVA,Male,0,No,No,35,Yes,No,DSL,No,No,Yes,Yes,No,No,Month-to-month,No,Electronic check,86.91,3037.3,0,No
1269-YDD,Female,0,No,Yes,45,Yes,Yes,Fiber optic,No,Yes,Yes,No,No,Yes,Month-to-month,Yes,Electronic check,126.4,5676.54,2,Yes
8298-EAV,Female,0,No,No,11,Yes,No,Fiber optic,No,No,Yes,No,No,No,Month-to-month,Yes,Mailed check,94.39,1036.27,0,Yes
2042-AJV,Male,0,Yes,Yes,70,Yes,Yes,Fiber optic,No,No,Yes,Yes,Yes,No,Month-to-month,Yes,Electronic check,128.71,9015.71,1,No
7603-JBP,Male,0,Yes,No,7,Yes,No,Fiber optic,Yes,No,No,Yes,Yes,No,One year,No,Electronic check,117.58,821.2,4,Yes
2383-NOP,Male,0,Yes,No,3,Yes,Yes,DSL,No,No,No,Yes,Yes,No,One year,Yes,Credit card (automatic),97.64,290.17,0,No
2674-LBD,Male,0,No,No,65,Yes,No,DSL,No,No,No,Yes,Yes,Yes,Month-to-month,Yes,Bank transfer (automatic),97.73,6356.65,1,No
7557-CIR,Female,1,No,No,20,Yes,No,No,No internet service,No internet service,No internet service,No internet service,No internet service,No internet service,Month-to-month,No,Credit card (automatic),41.79,821.22,3,Yes
8698-GDF,Male,0,No,No,11,Yes,Yes,DSL,Yes,No,Yes,Yes,No,No,One year,No,Electronic check,106.02,1171.33,2,No
5210-APK,Female,0,No,No,58,Yes,No,No,No internet service,No internet service,No internet service,No internet service,No internet service,No internet service,Month-to-month,Yes,Electronic check,37.85,2181.96,4,No
2685-DRW,Female,0,Yes,Yes,38,Yes,Yes,DSL,No,No,No,No,No,No,Month-to-month,Yes,Electronic check,74.71,2853.84,2,No
5158-ZEV,Male,0,No,Yes,45,Yes,Yes,Fiber optic,No,Yes,No,No,No,No,Month-to-month,Yes,Credit card (automatic),104.32,4679.57,3,Yes
3072-BLV,Female,0,No,No,9,Yes,Yes,DSL,No,No,Yes,No,Yes,Yes,Month-to-month,Yes,Credit card (automatic),111.63,1006.36,1,Yes
4464-TLM,Female,0,No,Yes,52,Yes,Yes,Fiber optic,No,No,No,No,No,Yes,One year,Yes,Mailed check,107.14,5582.56,1,No
6877-WQE,Male,0,No,Yes,27,Yes,No,No,No internet service,No internet service,No internet service,No internet service,No internet service,No internet service,One year,No,Mailed check,37.88,1031.41,3,No
4836-MJO,Male,0,Yes,No,34,Yes,Yes,No,No internet service,No internet service,No internet service,No internet service,No internet service,No internet service,Month-to-month,Yes,Credit card (automatic),52.31,1783.5,4,No
2041-RBW,Male,0,No,No,10,Yes,Yes,Fiber optic,Yes,No,No,Yes,Yes,No,One year,No,Mailed check,125.05,1237.47,4,Yes
6738-MKD,Female,0,No,No,8,Yes,Yes,Fiber optic,No,No,No,No,No,Yes,Month-to-month,Yes,Mailed check,107.66,860.62,0,Yes
6365-WYK,Female,1,No,No,14,Yes,No,No,No internet service,No internet service,No internet service,No internet service,No internet service,No internet service,Month-to-month,Yes,Credit card (automatic),39.43,559.21,2,No
8089-PJL,Male,1,No,Yes,22,Yes,Yes,DSL,No,No,Yes,No,No,No,Two year,Yes,Credit card (automatic),82.85,1828.4,2,No
2036-IUM,Male,0,Yes,Yes,28,Yes,No,Fiber optic,Yes,No,No,No,Yes,No,Month-to-month,No,Electronic check,106.2,2978.36,2,Yes
8909-FKS,Male,0,Yes,No,18,Yes,No,Fiber optic,Yes,No,No,No,Yes,No,Two year,Yes,Bank transfer (automatic),104.6,1887.72,5,No
6710-MWH,Male,0,Yes,No,31,Yes,No,DSL,Yes,No,No,No,No,No,One year,No,Bank transfer (automatic),75.21,2341.06,2,No
5708-BPM,Male,0,Yes,No,31,Yes,No,DSL,No,Yes,No,Yes,No,No,One year,Yes,Bank transfer (automatic),86.78,2696.55,4,No
2256-OFH,Male,1,No,No,28,Yes,Yes,DSL,No,Yes,No,No,No,No,Month-to-month,Yes,Mailed check,85.61,2387.91,5,Yes
1749-EQV,Male,0,Yes,No,8,Yes,Yes,Fiber optic,No,Yes,No,Yes,Yes,Yes,Month-to-month,Yes,Credit card (automatic),139.75,1110.22,1,Yes
7950-IPR,Female,0,No,No,15,Yes,Yes,Fiber optic,Yes,Yes,No,No,Yes,Yes,Two year,No,Bank transfer (automatic),138.95,2074.3,1,No
2713-JAU,Male,0,Yes,No,37,No,No phone service,DSL,No,Yes,No,Yes,No,No,Month-to-month,Yes,Mailed check,62.87,2321.03,1,No
1195-KCI,Male,0,Yes,Yes,55,No,No phone service,Fiber optic,Yes,Yes,Yes,No,Yes,No,Month-to-month,Yes,Bank transfer (automatic),108.65,5979.2,4,No
2274-SJX,Male,0,Yes,No,18,Yes,Yes,Fiber optic,No,Yes,Yes,No,Yes,No,One year,No,Electronic check,129.99,2345.76,0,Yes
5275-NDY,Male,0,Yes,No,72,Yes,Yes,DSL,No,No,No,No,Yes,Yes,One year,No,Electronic check,97.48,7010.72,0,No
7762-CWQ,Female,0,Yes,No,5,Yes,No,No,No internet service,No internet service,No internet service,No internet service,No internet service,No internet service,Month-to-month,Yes,Mailed check,42.5,210.96,2,Yes
6273-KRN,Male,0,Yes,No,7,Yes,Yes,DSL,Yes,No,Yes,No,No,Yes,Two year,Yes,Mailed check,104.44,724.94,0,No
1301-FIV,Female,0,Yes,No,16,Yes,Yes,Fiber optic,No,No,Yes,Yes,No,Yes,Two year,Yes,Electronic check,126.05,2012.16,4,Yes
3210-QLD,Female,1,Yes,Yes,18,Yes,Yes,Fiber optic,No,No,Yes,No,No,Yes,Two year,Yes,Electronic check,118.36,2128.91,4,Yes
7588-XJZ,Female,0,Yes,Yes,14,Yes,Yes,Fiber optic,Yes,No,No,No,No,No,Month-to-month,No,Credit card (automatic),106.6,1504.36,0,Yes
5637-GJG,Male,0,Yes,No,15,Yes,Yes,DSL,No,No,No,No,No,No,Month-to-month,Yes,Credit card (automatic),77.23,1151.53,3,Yes
6032-VRQ,Male,0,Yes,Yes,17,Yes,Yes,Fiber optic,Yes,No,No,Yes,Yes,Yes,Month-to-month,No,Electronic check,140.65,2405.41,3,Yes
3634-AQD,Female,1,Yes,Yes,10,Yes,No,DSL,No,No,Yes,Yes,No,No,Month-to-month,Yes,Mailed check,84.69,842.45,4,Yes
4464-MPA,Female,0,No,No,4,Yes,No,Fiber optic,Yes,Yes,Yes,No,Yes,No,Two year,Yes,Electronic check,126.65,494.82,3,No
8426-SHR,Male,1,Yes,No,72,No,No phone service,DSL,No,No,No,No,No,No,Two year,Yes,Bank transfer (automatic),42.07,3027.98,4,No
6818-TZF,Female,0,No,No,40,Yes,No,DSL,Yes,No,No,No,No,No,Month-to-month,Yes,Electronic check,77.89,3119.33,0,No
7748-ELI,Female,0,Yes,No,43,No,No phone service,DSL,No,No,No,No,No,No,Month-to-month,No,Electronic check,45.3,1936.0,3,No
9720-VPL,Male,0,No,No,12,Yes,No,Fiber optic,Yes,Yes,Yes,No,Yes,No,Month-to-month,Yes,Credit card (automatic),128.37,1532.86,4,Yes
1418-NQV,Male,1,Yes,Yes,13,Yes,No,Fiber optic,No,No,Yes,Yes,No,Yes,Month-to-month,Yes,Bank transfer (automatic),115.31,1491.3,1,No
6775-ULX,Female,0,No,No,69,Yes,No,No,No internet service,No internet service,No internet service,No internet service,No internet service,No internet service,Month-to-month,Yes,Credit card (automatic),40.67,2799.58,1,No
3657-HLU,Female,0,Yes,No,72,Yes,No,DSL,Yes,No,No,No,No,No,Month-to-month,No,Bank transfer (automatic),77.22,5546.92,2,No
3351-HPJ,Male,0,No,Yes,72,No,No phone service,Fiber optic,No,No,No,No,No,No,Month-to-month,Yes,Mailed check,62.9,4522.56,1,No
3702-DZO,Male,0,No,Yes,26,Yes,No,Fiber optic,Yes,Yes,No,No,Yes,Yes,One year,Yes,Bank transfer (automatic),129.55,3361.23,2,No
5669-KFD,Male,1,Yes,Yes,7,Yes,No,No,No internet service,No internet service,No internet service,No internet service,No internet service,No internet service,Month-to-month,Yes,Bank transfer (automatic),38.52,266.21,0,No
4624-ICW,Female,0,Yes,No,24,Yes,No,Fiber optic,No,No,No,Yes,No,Yes,Two year,Yes,Credit card (automatic),107.74,2600.42,3,No
1136-BCZ,Male,1,No,Yes,23,Yes,Yes,DSL,No,No,No,No,No,No,Two year,No,Electronic check,74.0,1694.3,0,No
4140-JON,Female,0,No,Yes,60,Yes,No,Fiber optic,No,No,No,No,No,No,Month-to-month,No,Bank transfer (automatic),87.1,5228.25,2,No
3605-WMP,Female,0,No,Yes,10,Yes,No,DSL,No,Yes,No,Yes,No,No,One year,Yes,Electronic check,86.12,857.97,2,No
9400-QCA,Male,0,No,No,6,Yes,No,DSL,Yes,No,Yes,Yes,Yes,Yes,One year,Yes,Credit card (automatic),117.48,708.03,4,No
8408-ZXP,Male,0,Yes,Yes,8,Yes,No,DSL,No,No,Yes,No,No,No,Month-to-month,Yes,Electronic check,72.44,585.54,4,Yes
4376-YBY,Male,0,No,Yes,7,No,No phone service,Fiber optic,No,No,No,Yes,No,Yes,Month-to-month,No,Electronic check,86.55,614.15,2,Yes
2037-GYS,Male,0,Yes,Yes,27,Yes,Yes,DSL,No,No,Yes,No,Yes,No,One year,No,Electronic check,98.91,2684.52,2,No
1992-QJF,Female,0,No,No,42,Yes,No,No,No internet service,No internet service,No internet service,No internet service,No internet service,No internet service,One year,No,Bank transfer (automatic),39.64,1661.35,5,No
4686-YFE,Female,1,No,No,12,Yes,Yes,Fiber optic,No,Yes,No,No,No,No,Two year,Yes,Credit card (automatic),105.6,1252.59,2,No
2181-BRX,Female,0,Yes,No,5,Yes,No,Fiber optic,No,No,No,No,Yes,Yes,Month-to-month,Yes,Mailed check,107.66,541.07,2,Yes
4129-WGU,Female,0,No,No,11,Yes,Yes,Fiber optic,No,Yes,No,Yes,No,Yes,Month-to-month,No,Electronic check,127.06,1384.48,1,Yes
9678-WGP,Male,1,Yes,No,20,Yes,Yes,DSL,No,No,No,No,No,Yes,One year,Yes,Mailed check,89.33,1777.19,2,No
2070-OKB,Female,0,Yes,No,28,Yes,No,DSL,No,No,No,No,No,Yes,Month-to-month,Yes,Credit card (automatic),77.05,2165.39,1,No
8807-YZO,Male,0,No,No,20,Yes,No,No,No internet service,No internet service,No internet service,No internet service,No internet service,No internet service,Month-to-month,Yes,Bank transfer (automatic),42.42,841.59,3,Yes
8264-OLG,Male,0,No,Yes,8,Yes,Yes,No,No internet service,No internet service,No internet service,No internet service,No internet service,No internet service,Month-to-month,Yes,Mailed check,51.31,408.42,0,No
8398-KTK,Female,0,Yes,No,63,Yes,No,Fiber optic,No,No,No,No,No,No,Month-to-month,Yes,Electronic check,86.04,5408.84,3,No
4970-PEB,Female,0,No,No,15,Yes,Yes,DSL,Yes,No,No,No,Yes,No,Month-to-month,Yes,Mailed check,99.33,1482.16,3,Yes
2917-ZZG,Female,0,Yes,No,16,No,No phone service,DSL,No,Yes,No,No,No,No,Month-to-month,Yes,Electronic check,53.26,862.08,2,Yes
9644-OLJ,Female,0,Yes,No,72,No,No phone service,Fiber optic,Yes,Yes,Yes,No,No,Yes,Month-to-month,Yes,Credit card (automatic),109.12,7845.73,1,No
3078-VQT,Female,0,No,No,51,Yes,Yes,DSL,No,Yes,No,No,Yes,No,Two year,Yes,Mailed check,95.32,4865.29,2,No
6779-KHO,Male,0,Yes,Yes,42,Yes,Yes,Fiber optic,Yes,No,No,No,Yes,No,Month-to-month,Yes,Mailed check,118.87,4997.75,3,No
1353-QWF,Male,0,Yes,Yes,6,No,No phone service,DSL,No,Yes,Yes,Yes,No,No,One year,Yes,Credit card (automatic),73.77,429.21,4,No
4636-MHK,Female,0,Yes,No,46,Yes,No,DSL,No,Yes,No,Yes,Yes,Yes,Month-to-month,No,Bank transfer (automatic),111.29,5115.46,1,No
5272-VMC,Female,0,Yes,No,16,Yes,Yes,DSL,No,No,No,No,Yes,No,Month-to-month,Yes,Electronic check,86.99,1389.33,8,Yes
4420-UXG,Female,1,Yes,No,6,Yes,No,Fiber optic,Yes,No,No,No,No,No,One year,Yes,Electronic check,97.76,575.39,1,Yes
7844-LDX,Female,0,No,No,72,Yes,No,No,No internet service,No internet service,No internet service,No internet service,No internet service,No internet service,Month-to-month,No,Credit card (automatic),37.47,2689.27,3,No
4231-ZKN,Female,0,Yes,No,5,Yes,Yes,Fiber optic,No,No,No,No,Yes,No,Month-to-month,Yes,Bank transfer (automatic),104.11,510.9,3,Yes
4665-GEP,Female,0,Yes,No,64,Yes,Yes,No,No internet service,No internet service,No internet service,No internet service,No internet service,No internet service,Two year,Yes,Bank transfer (automatic),52.85,3393.69,2,No
7389-CPK,Male,0,Yes,Yes,1,Yes,Yes,No,No internet service,No internet service,No internet service,No internet service,No internet service,No internet service,Two year,No,Credit card (automatic),47.57,61.65,3,No
6289-WWB,Male,0,Yes,No,15,Yes,No,No,No internet service,No internet service,No internet service,No internet service,No internet service,No internet service,One year,Yes,Bank transfer (automatic),41.27,615.76,4,No
4408-JRL,Female,0,Yes,Yes,1,Yes,No,DSL,Yes,No,No,No,No,Yes,Month-to-month,No,Bank transfer (automatic),86.85,84.16,1,Yes
5090-ZCT,Female,0,Yes,No,61,Yes,No,Fiber optic,Yes,Yes,No,No,No,No,One year,No,Credit card (automatic),106.66,6494.84,5,No
3981-BCQ,Male,1,Yes,No,4,Yes,Yes,Fiber optic,No,Yes,No,Yes,Yes,No,Two year,Yes,Bank transfer (automatic),124.92,513.98,4,No
3389-WBX,Female,0,Yes,No,28,Yes,Yes,DSL,No,No,No,Yes,Yes,No,Month-to-month,Yes,Bank transfer (automatic),98.16,2736.46,1,No
4713-UBE,Female,1,Yes,No,25,Yes,Yes,Fiber optic,No,Yes,No,No,No,No,Month-to-month,No,Electronic check,102.35,2548.06,1,Yes
1454-VDN,Female,1,No,No,38,Yes,No,DSL,No,No,Yes,Yes,No,No,Two year,No,Bank transfer (automatic),87.32,3322.25,1,No
7241-WLJ,Male,0,Yes,No,35,Yes,No,Fiber optic,No,No,No,No,No,No,Month-to-month,No,Credit card (automatic),86.26,3008.37,1,No
1984-ASW,Female,1,Yes,Yes,1,Yes,No,Fiber optic,Yes,Yes,Yes,No,Yes,Yes,Two year,Yes,Credit card (automatic),138.21,142.22,1,No
6983-NIU,Male,0,No,Yes,13,Yes,No,DSL,No,No,Yes,Yes,Yes,Yes,One year,Yes,Electronic check,106.73,1379.72,5,Yes
7838-OZG,Female,0,No,No,10,Yes,Yes,Fiber optic,No,Yes,Yes,Yes,Yes,No,Month-to-month,No,Credit card (automatic),136.57,1370.88,1,Yes
9075-OOQ,Female,0,No,No,72,Yes,No,Fiber optic,No,No,No,No,Yes,Yes,One year,Yes,Bank transfer (automatic),109.8,7897.9,2,No
2825-LCG,Male,0,No,No,38,Yes,No,Fiber optic,No,No,Yes,No,No,No,Month-to-month,Yes,Electronic check,96.16,3662.83,1,Yes
4770-EDO,Female,1,No,Yes,31,Yes,No,Fiber optic,No,No,No,No,Yes,Yes,Month-to-month,Yes,Electronic check,109.14,3379.3,3,Yes
9806-CMJ,Male,0,No,No,15,Yes,No,No,No internet service,No internet service,No internet service,No internet service,No internet service,No internet service,Month-to-month,Yes,Bank transfer (automatic),39.03,587.57,1,No
4009-LXV,Male,0,No,No,56,Yes,Yes,Fiber optic,Yes,No,No,Yes,No,Yes,Two year,Yes,Electronic check,125.13,7020.89,2,No
3910-SSU,Female,0,No,No,1,Yes,No,Fiber optic,No,No,No,No,No,No,One year,No,Mailed check,83.42,95.08,2,Yes
7655-FBX,Male,0,Yes,Yes,7,Yes,Yes,No,No internet service,No internet service,No internet service,No internet service,No internet service,No internet service,One year,No,Credit card (automatic),51.94,372.52,2,No
9762-IMW,Male,0,Yes,Yes,30,Yes,No,DSL,Yes,Yes,Yes,No,No,No,Month-to-month,No,Electronic check,96.78,2900.37,5,Yes
3866-KNP,Female,1,No,Yes,18,Yes,Yes,DSL,No,Yes,Yes,No,Yes,No,Month-to-month,Yes,Credit card (automatic),107.04,1917.38,2,No
7153-TPZ,Female,1,No,No,20,Yes,Yes,DSL,No,No,No,Yes,Yes,Yes,Two year,No,Bank transfer (automatic),110.9,2229.39,3,No
8713-YPN,Female,0,Yes,Yes,14,Yes,Yes,Fiber optic,No,No,No,No,No,No,Month-to-month,Yes,Electronic check,97.93,1378.61,0,Yes
2297-ZFG,Male,0,Yes,Yes,5,Yes,No,No,No internet service,No internet service,No internet service,No internet service,No internet service,No internet service,Month-to-month,No,Electronic check,37.88,192.06,0,Yes
6102-QMG,Female,0,No,No,5,Yes,Yes,No,No internet service,No internet service,No internet service,No internet service,No internet service,No internet service,Month-to-month,No,Mailed check,48.76,243.45,1,Yes
2826-TRG,Female,0,No,No,9,No,No phone service,Fiber optic,Yes,No,Yes,Yes,No,No,Month-to-month,Yes,Credit card (automatic),96.51,869.29,1,No
4860-QLP,Female,0,No,Yes,16,Yes,No,DSL,Yes,No,No,No,No,Yes,One year,Yes,Mailed check,88.52,1418.88,2,No
1137-WPT,Female,0,No,No,44,Yes,Yes,No,No internet service,No internet service,No internet service,No internet service,No internet service,No internet service,Month-to-month,No,Electronic check,49.17,2169.22,2,No
5849-OWK,Male,0,Yes,Yes,15,No,No phone service,No,No internet service,No internet service,No internet service,No internet service,No internet service,No internet service,Month-to-month,No,Bank transfer (automatic),18.63,283.31,1,No
7405-AWG,Female,0,Yes,No,58,Yes,Yes,DSL,No,No,No,No,No,No,One year,Yes,Electronic check,72.57,4222.54,5,No
6515-TDJ,Female,0,Yes,No,4,No,No phone service,No,No internet service,No internet service,No internet service,No internet service,No internet service,No internet service,Month-to-month,Yes,Electronic check,18.5,74.3,4,Yes
8092-BIJ,Female,0,No,No,8,Yes,No,Fiber optic,No,No,Yes,No,Yes,Yes,Two year,No,Mailed check,121.27,976.32,3,No
3355-KYN,Female,0,Yes,No,2,Yes,No,DSL,No,Yes,No,No,Yes,Yes,One year,Yes,Credit card (automatic),99.86,187.77,1,No
3562-YAG,Female,1,Yes,No,18,Yes,Yes,No,No internet service,No internet service,No internet service,No internet service,No internet service,No internet service,Month-to-month,Yes,Credit card (automatic),51.3,929.6,2,No
2795-GPJ,Male,0,Yes,No,3,Yes,No,DSL,No,No,No,No,No,Yes,Month-to-month,No,Credit card (automatic),74.63,212.85,2,Yes
8502-PFD,Female,0,Yes,No,40,Yes,No,DSL,Yes,No,No,No,Yes,No,Month-to-month,Yes,Electronic check,87.67,3492.92,6,Yes
2027-XWD,Female,0,Yes,No,2,Yes,No,No,No internet service,No internet service,No internet service,No internet service,No internet service,No internet service,Month-to-month,Yes,Mailed check,42.11,90.35,1,No
1469-VQM,Male,0,No,No,17,Yes,No,DSL,Yes,Yes,No,No,No,Yes,Month-to-month,Yes,Mailed check,94.14,1605.64,1,Yes
8905-TFV,Female,0,No,No,14,No,No phone service,Fiber optic,No,No,Yes,No,No,No,Month-to-month,No,Electronic check,72.88,1018.64,2,Yes
3912-HRU,Male,0,No,Yes,6,Yes,Yes,No,No internet service,No internet service,No internet service,No internet service,No internet service,No internet service,Month-to-month,Yes,Electronic check,47.08,290.4,2,Yes
5142-JHZ,Male,0,Yes,No,23,Yes,No,No,No internet service,No internet service,No internet service,No internet service,No internet service,No internet service,One year,Yes,Mailed check,41.82,956.32,2,No
6259-YKM,Male,0,No,No,13,Yes,Yes,DSL,Yes,No,Yes,Yes,No,No,One year,Yes,Electronic check,102.9,1334.33,4,No
8854-QVV,Male,0,No,No,6,Yes,No,Fiber optic,No,No,No,Yes,No,Yes,Two year,Yes,Electronic check,104.69,621.68,2,No
7417-HFK,Female,1,Yes,No,44,Yes,No,DSL,No,No,No,Yes,No,Yes,Two year,Yes,Bank transfer (automatic),84.82,3718.02,1,No
7504-ZEG,Female,0,Yes,No,28,Yes,Yes,DSL,No,Yes,No,No,Yes,Yes,One year,No,Electronic check,108.55,3034.84,0,No
7842-OUV,Male,0,No,No,1,Yes,Yes,No,No internet service,No internet service,No internet service,No internet service,No internet service,No internet service,Month-to-month,No,Mailed check,52.39,66.39,3,Yes
7098-MAA,Male,0,No,No,18,Yes,Yes,Fiber optic,No,No,No,No,Yes,No,Month-to-month,Yes,Electronic check,105.38,1887.69,1,Yes
1181-NIX,Male,0,Yes,No,8,Yes,Yes,DSL,No,No,Yes,No,No,No,Two year,No,Mailed check,84.15,673.12,2,No
3667-RIH,Male,0,Yes,No,62,Yes,No,Fiber optic,No,No,No,No,Yes,No,Month-to-month,No,Electronic check,95.4,5920.48,0,No
7173-NIT,Male,0,Yes,No,33,Yes,Yes,DSL,No,Yes,No,Yes,No,Yes,Month-to-month,Yes,Bank transfer (automatic),106.93,3514.09,3,No
3364-AMY,Female,0,Yes,No,24,Yes,Yes,No,No internet service,No internet service,No internet service,No internet service,No internet service,No internet service,One year,No,Electronic check,50.12,1193.4,1,No
4305-HGX,Male,0,Yes,Yes,3,No,No phone service,Fiber optic,No,No,Yes,No,Yes,Yes,One year,No,Electronic check,96.68,288.03,1,Yes
2451-QYL,Female,1,Yes,No,67,Yes,No,Fiber optic,No,No,Yes,No,No,No,Two year,No,Electronic check,97.96,6557.68,3,No
7703-JYL,Male,0,Yes,Yes,4,Yes,No,Fiber optic,No,No,Yes,No,No,Yes,Month-to-month,No,Electronic check,109.73,434.52,1,Yes
9501-TMB,Male,0,No,No,15,Yes,No,No,No internet service,No internet service,No internet service,No internet service,No internet service,No internet service,Two year,No,Credit card (automatic),39.29,579.93,0,No
4411-GAY,Female,0,No,No,29,Yes,Yes,No,No internet service,No internet service,No internet service,No internet service,No internet service,No internet service,Month-to-month,Yes,Bank transfer (automatic),51.36,1500.01,3,Yes
3044-TLE,Male,0,Yes,No,18,Yes,No,No,No internet service,No internet service,No internet service,No internet service,No internet service,No internet service,Month-to-month,No,Electronic check,41.69,748.07,3,Yes
1988-CTE,Female,0,Yes,No,54,Yes,Yes,Fiber optic,Yes,Yes,No,Yes,Yes,Yes,Two year,No,Bank transfer (automatic),151.24,8167.68,3,No
8872-PIJ,Female,0,Yes,Yes,46,Yes,Yes,No,No internet service,No internet service,No internet service,No internet service,No internet service,No internet service,Two year,Yes,Mailed check,49.11,2264.42,2,No
4005-TYD,Male,0,No,Yes,4,Yes,Yes,Fiber optic,No,No,Yes,No,No,Yes,Month-to-month,Yes,Electronic check,119.61,491.78,4,Yes
7628-MYC,Male,0,No,No,25,No,No phone service,Fiber optic,No,No,No,No,Yes,Yes,Month-to-month,No,Mailed check,87.27,2187.6,4,Yes
2572-PSS,Female,0,No,No,2,No,No phone service,Fiber optic,No,No,No,Yes,No,Yes,Month-to-month,Yes,Electronic check,89.84,192.17,2,Yes
8952-RRY,Female,0,No,No,32,Yes,No,Fiber optic,Yes,Yes,No,No,No,No,Month-to-month,Yes,Electronic check,104.06,3339.0,4,Yes
4111-RIS,Male,0,No,No,34,Yes,Yes,Fiber optic,Yes,No,Yes,No,No,Yes,Month-to-month,Yes,Mailed check,124.6,4242.41,1,No
5649-BQY,Female,1,No,No,11,Yes,Yes,DSL,No,Yes,No,No,Yes,No,Month-to-month,No,Bank transfer (automatic),94.61,1044.73,3,Yes
8799-MKP,Male,0,Yes,No,39,Yes,Yes,DSL,No,Yes,No,Yes,No,No,Month-to-month,Yes,Credit card (automatic),96.4,3764.21,1,No
9614-CPS,Male,0,No,Yes,27,Yes,Yes,No,No internet service,No internet service,No internet service,No internet service,No internet service,No internet service,Two year,Yes,Credit card (automatic),48.72,1326.74,1,No
2633-NZT,Male,0,No,No,18,Yes,No,Fiber optic,Yes,Yes,No,No,No,No,Two year,No,Electronic check,102.54,1848.91,1,No
7353-KIS,Female,0,No,No,16,Yes,No,No,No internet service,No internet service,No internet service,No internet service,No internet service,No internet service,Month-to-month,Yes,Mailed check,37.69,613.57,2,No
8507-JZC,Male,0,No,No,3,Yes,Yes,Fiber optic,No,No,No,No,No,No,Month-to-month,No,Credit card (automatic),97.5,305.36,1,Yes
9503-HFT,Female,0,No,No,19,Yes,No,DSL,Yes,No,No,No,No,No,Month-to-month,No,Mailed check,73.06,1390.21,3,Yes
1435-XFB,Female,1,No,Yes,5,Yes,No,DSL,No,Yes,Yes,Yes,No,No,One year,No,Credit card (automatic),95.06,466.95,1,No
3930-GKK,Male,0,Yes,No,27,Yes,Yes,Fiber optic,No,Yes,Yes,No,No,No,One year,No,Mailed check,117.71,3181.95,2,No
9995-TPE,Female,0,No,Yes,23,Yes,No,DSL,Yes,No,No,Yes,No,No,Month-to-month,Yes,Electronic check,85.73,1985.64,4,Yes
4415-GYP,Female,0,No,No,9,Yes,No,DSL,No,Yes,Yes,Yes,No,No,Two year,No,Electronic check,97.93,869.69,4,No
2006-EAT,Female,1,Yes,No,8,Yes,No,DSL,No,No,Yes,Yes,Yes,Yes,Month-to-month,Yes,Credit card (automatic),108.1,876.26,1,No
8669-VIZ,Female,0,Yes,Yes,17,Yes,No,Fiber optic,Yes,No,No,No,Yes,No,Month-to-month,Yes,Mailed check,109.01,1864.31,0,Yes
3748-UEV,Female,0,Yes,Yes,18,Yes,Yes,DSL,Yes,No,No,No,No,Yes,One year,Yes,Bank transfer (automatic),95.61,1708.79,2,No
3661-CFH,Male,0,No,No,40,Yes,No,DSL,No,No,Yes,No,No,No,Month-to-month,Yes,Bank transfer (automatic),74.44,2971.64,6,Yes
7459-FPP,Male,0,No,No,10,Yes,No,Fiber optic,No,Yes,Yes,No,No,No,One year,No,Mailed check,103.7,1047.8,2,No
7501-FVS,Female,0,Yes,No,13,Yes,No,No,No internet service,No internet service,No internet service,No internet service,No internet service,No internet service,Month-to-month,Yes,Electronic check,38.29,501.11,2,No
4358-TOS,Male,0,No,No,11,Yes,Yes,No,No internet service,No internet service,No internet service,No internet service,No internet service,No internet service,Month-to-month,Yes,Mailed check,49.28,537.32,1,No
5698-HMV,Male,0,No,No,13,No,No phone service,No,No internet service,No internet service,No internet service,No internet service,No internet service,No internet service,Month-to-month,Yes,Mailed check,18.5,249.56,2,Yes
1794-OLO,Male,1,Yes,Yes,21,Yes,No,DSL,No,No,No,No,Yes,Yes,Month-to-month,Yes,Credit card (automatic),91.41,1904.72,0,No
1589-GQZ,Female,0,Yes,Yes,21,Yes,Yes,DSL,No,No,No,Yes,No,Yes,One year,Yes,Electronic check,96.47,2016.5,0,No
9932-TJS,Female,0,No,No,12,Yes,No,DSL,Yes,No,No,No,No,No,Month-to-month,No,Electronic check,74.95,899.81,0,No
8377-YXJ,Male,0,No,No,24,Yes,Yes,Fiber optic,No,No,No,No,No,No,Two year,No,Mailed check,96.39,2313.2,5,No
5033-FCS,Male,0,Yes,No,24,Yes,Yes,No,No internet service,No internet service,No internet service,No internet service,No internet service,No internet service,One year,Yes,Electronic check,52.08,1264.37,1,No
7244-GGJ,Male,0,No,Yes,19,Yes,Yes,Fiber optic,No,No,Yes,No,No,Yes,Two year,No,Bank transfer (automatic),118.65,2247.97,0,No
3400-KWG,Female,0,No,No,16,Yes,No,DSL,No,Yes,No,No,Yes,Yes,Month-to-month,Yes,Bank transfer (automatic),99.71,1582.35,2,Yes
8500-PMB,Female,1,Yes,No,3,Yes,No,No,No internet service,No internet service,No internet service,No internet service,No internet service,No internet service,Month-to-month,Yes,Bank transfer (automatic),37.13,106.47,1,No
5306-SSR,Male,0,No,No,20,Yes,Yes,Fiber optic,No,No,Yes,No,Yes,No,One year,Yes,Bank transfer (automatic),114.2,2273.61,3,Yes
7783-FBS,Female,0,Yes,No,32,Yes,Yes,DSL,No,No,No,No,No,No,Month-to-month,No,Credit card (automatic),73.17,2348.72,0,No
1153-FTW,Female,0,No,No,7,Yes,No,Fiber optic,Yes,No,Yes,Yes,No,No,Month-to-month,Yes,Bank transfer (automatic),117.66,819.34,1,Yes
4381-OFC,Female,0,Yes,Yes,38,Yes,Yes,DSL,No,Yes,No,No,No,Yes,Two year,Yes,Mailed check,96.47,3673.86,2,No
1970-HYV,Male,0,No,No,23,Yes,Yes,DSL,No,Yes,Yes,No,Yes,Yes,One year,No,Electronic check,118.43,2719.85,1,No
1945-QSS,Female,0,Yes,Yes,7,Yes,Yes,Fiber optic,No,Yes,No,No,Yes,No,One year,No,Electronic check,117.28,816.51,2,Yes
9191-XUQ,Female,0,Yes,No,5,No,No phone service,Fiber optic,No,No,No,No,No,No,Two year,No,Credit card (automatic),65.07,311.52,2,No
3886-EZP,Male,1,Yes,No,8,Yes,Yes,DSL,No,Yes,No,No,No,No,One year,No,Credit card (automatic),85.5,677.82,2,No
4461-NZT,Male,0,Yes,No,36,Yes,Yes,Fiber optic,No,No,No,No,No,No,One year,No,Electronic check,94.99,3405.27,3,No
7360-RRM,Male,0,No,No,8,Yes,Yes,Fiber optic,No,Yes,No,No,Yes,No,Month-to-month,Yes,Electronic check,115.77,918.45,5,Yes
9428-LCV,Female,0,Yes,No,29,Yes,No,No,No internet service,No internet service,No internet service,No internet service,No internet service,No internet service,Month-to-month,Yes,Credit card (automatic),37.44,1076.6,3,No
9356-UAD,Female,1,No,No,20,Yes,No,Fiber optic,No,No,No,No,No,No,Month-to-month,No,Electronic check,85.78,1706.64,1,Yes
1569-AMN,Female,0,No,No,20,Yes,No,DSL,No,No,Yes,No,Yes,No,Month-to-month,No,Electronic check,85.21,1717.64,1,Yes
9878-QLG,Female,1,No,Yes,48,Yes,Yes,DSL,No,Yes,Yes,No,Yes,No,Month-to-month,Yes,Credit card (automatic),107.61,5150.59,4,No
3038-SWC,Female,0,Yes,Yes,52,Yes,No,No,No internet service,No internet service,No internet service,No internet service,No internet service,No internet service,Month-to-month,No,Bank transfer (automatic),41.07,2124.25,5,No
3225-ZDZ,Female,1,No,No,20,Yes,Yes,DSL,Yes,No,No,No,Yes,No,One year,Yes,Bank transfer (automatic),96.2,1937.56,0,No
1363-WLQ,Male,0,No,Yes,2,No,No phone service,No,No internet service,No internet service,No internet service,No internet service,No internet service,No internet service,Month-to-month,No,Electronic check,20.54,28.55,4,Yes
3030-BHN,Female,0,Yes,Yes,5,Yes,No,Fiber optic,Yes,No,Yes,Yes,Yes,Yes,Two year,Yes,Bank transfer (automatic),137.1,678.77,5,Yes
1617-GKO,Female,1,Yes,No,72,Yes,Yes,Fiber optic,No,No,No,Yes,Yes,No,Month-to-month,Yes,Electronic check,114.92,8285.78,1,No
1193-EKH,Male,0,No,No,4,Yes,No,Fiber optic,Yes,No,No,No,No,No,Two year,Yes,Credit card (automatic),92.79,375.44,1,No
7911-MKQ,Male,0,No,No,46,No,No phone service,DSL,Yes,No,Yes,Yes,No,No,Month-to-month,Yes,Bank transfer (automatic),72.24,3331.1,3,No
1526-ASP,Female,1,No,No,20,Yes,No,Fiber optic,No,No,No,Yes,No,Yes,Month-to-month,Yes,Bank transfer (automatic),107.59,2149.3,1,No
6845-WDK,Female,0,Yes,Yes,4,Yes,Yes,DSL,No,No,Yes,No,No,Yes,Two year,Yes,Mailed check,95.31,384.08,1,No
3673-JQM,Male,0,No,No,63,Yes,No,Fiber optic,No,Yes,No,No,Yes,Yes,Month-to-month,Yes,Mailed check,116.41,7336.61,1,No
8197-YNG,Female,0,Yes,No,66,Yes,Yes,DSL,No,No,No,Yes,No,No,Month-to-month,Yes,Electronic check,86.2,5690.65,0,No
4849-CBS,Male,0,Yes,Yes,24,No,No phone service,DSL,No,No,Yes,Yes,Yes,No,Month-to-month,Yes,Credit card (automatic),74.87,1792.52,2,No
4366-ECY,Male,1,No,No,13,Yes,No,DSL,No,Yes,No,No,Yes,Yes,Month-to-month,No,Electronic check,99.62,1284.01,2,No
3550-ZVF,Female,0,Yes,No,24,No,No phone service,DSL,No,Yes,Yes,No,No,No,One year,Yes,Mailed check,65.33,1575.4,4,No
5621-GVB,Male,0,Yes,No,25,Yes,No,DSL,No,No,Yes,No,No,Yes,Month-to-month,No,Credit card (automatic),88.51,2205.41,1,No
8391-KUC,Female,0,No,No,25,Yes,No,DSL,No,No,Yes,No,No,Yes,Two year,No,Bank transfer (automatic),88.71,2227.7,1,No
9872-HZK,Male,1,Yes,No,34,Yes,No,No,No internet service,No internet service,No internet service,No internet service,No internet service,No internet service,Month-to-month,No,Credit card (automatic),39.59,1339.54,2,No
8153-AOD,Male,0,No,No,2,Yes,Yes,Fiber optic,No,No,Yes,Yes,Yes,No,Month-to-month,Yes,Bank transfer (automatic),127.2,241.84,1,Yes
9010-RWO,Male,0,No,Yes,3,Yes,No,No,No internet service,No internet service,No internet service,No internet service,No internet service,No internet service,One year,Yes,Mailed check,38.93,111.7,1,No
8170-GGQ,Female,0,Yes,No,9,Yes,No,No,No internet service,No internet service,No internet service,No internet service,No internet service,No internet service,Two year,No,Credit card (automatic),37.23,337.81,2,No
5211-XPP,Female,1,No,Yes,11,Yes,Yes,Fiber optic,No,No,Yes,No,Yes,No,Month-to-month,Yes,Credit card (automatic),114.07,1265.03,3,Yes
9295-CTO,Female,0,No,No,26,Yes,Yes,Fiber optic,Yes,No,No,No,No,Yes,Month-to-month,Yes,Bank transfer (automatic),118.79,3085.29,4,Yes
7785-GNP,Female,1,No,No,5,Yes,No,Fiber optic,No,Yes,No,No,No,Yes,Two year,Yes,Electronic check,104.8,512.31,3,Yes
3074-OGM,Female,1,Yes,No,20,Yes,No,Fiber optic,Yes,No,Yes,No,Yes,Yes,Month-to-month,Yes,Bank transfer (automatic),129.76,2582.32,2,Yes
6048-JII,Female,0,No,No,6,Yes,No,Fiber optic,No,Yes,No,Yes,Yes,No,Two year,Yes,Electronic check,115.9,694.51,0,No
5599-YLW,Male,0,No,Yes,11,Yes,No,Fiber optic,No,No,Yes,No,No,No,One year,No,Mailed check,95.47,1056.71,4,Yes
3173-TVN,Male,0,No,No,69,Yes,No,Fiber optic,No,No,Yes,Yes,No,Yes,Month-to-month,Yes,Electronic check,114.76,7919.59,2,No
8962-TGH,Female,0,No,No,57,Yes,Yes,No,No internet service,No internet service,No internet service,No internet service,No internet service,No internet service,Month-to-month,Yes,Electronic check,50.33,2856.64,2,No
3919-HBN,Female,0,Yes,Yes,72,Yes,No,Fiber optic,Yes,Yes,No,No,Yes,Yes,Month-to-month,Yes,Electronic check,126.17,9075.3,4,No
1393-RRR,Female,0,No,No,23,Yes,Yes,DSL,Yes,No,No,Yes,No,Yes,Two year,Yes,Credit card (automatic),107.47,2456.85,1,No
5623-TET,Male,0,No,No,18,Yes,No,DSL,Yes,Yes,Yes,No,Yes,Yes,Two year,Yes,Bank transfer (automatic),118.0,2134.05,2,No
9862-ETW,Female,1,Yes,No,48,Yes,No,Fiber optic,No,Yes,Yes,No,No,No,Two year,Yes,Electronic check,103.55,4957.94,3,No
7495-JQM,Female,0,No,Yes,3,Yes,No,DSL,No,No,No,Yes,Yes,Yes,Two year,No,Mailed check,99.72,301.78,5,No
3672-RMQ,Female,0,Yes,No,72,Yes,No,No,No internet service,No internet service,No internet service,No internet service,No internet service,No internet service,Month-to-month,No,Bank transfer (automatic),41.51,2984.91,5,No
1635-OZL,Male,0,No,No,16,Yes,Yes,Fiber optic,Yes,Yes,No,No,Yes,No,Two year,No,Mailed check,128.11,2042.39,0,No
7619-JMK,Male,0,No,Yes,29,Yes,Yes,Fiber optic,Yes,Yes,No,No,Yes,No,Month-to-month,Yes,Credit card (automatic),129.41,3763.9,0,No
8445-JKF,Male,0,Yes,No,33,Yes,Yes,DSL,Yes,No,No,No,No,No,Two year,Yes,Credit card (automatic),82.36,2721.0,3,No
4775-EGV,Male,0,Yes,Yes,25,Yes,No,Fiber optic,No,No,No,No,No,Yes,Month-to-month,No,Electronic check,96.13,2399.51,4,Yes
9710-BAW,Female,1,Yes,Yes,56,Yes,No,Fiber optic,No,No,Yes,Yes,No,Yes,Month-to-month,Yes,Mailed check,119.67,6696.68,4,Yes
7744-RLG,Female,0,No,No,9,Yes,No,No,No internet service,No internet service,No internet service,No internet service,No internet service,No internet service,Month-to-month,Yes,Mailed check,40.22,357.12,1,Yes
2394-VCJ,Female,0,No,Yes,19,Yes,No,No,No internet service,No internet service,No internet service,No internet service,No internet service,No internet service,Two year,Yes,Credit card (automatic),42.98,817.21,3,No
6690-KEB,Male,1,No,Yes,15,No,No phone service,Fiber optic,No,No,No,No,No,No,Month-to-month,Yes,Mailed check,66.87,1011.16,0,No
9199-NHW,Female,0,Yes,No,31,Yes,No,DSL,No,Yes,No,No,Yes,No,Month-to-month,Yes,Electronic check,85.92,2666.82,3,No
9325-AXA,Male,0,No,No,13,Yes,No,Fiber optic,No,No,No,No,No,No,Two year,Yes,Mailed check,85.72,1126.74,2,No
6479-KRX,Female,0,Yes,No,56,No,No phone service,DSL,No,Yes,Yes,Yes,No,Yes,Month-to-month,No,Mailed check,84.41,4722.97,2,No
9335-EPX,Female,0,Yes,Yes,17,Yes,Yes,Fiber optic,No,Yes,Yes,No,Yes,No,Month-to-month,Yes,Electronic check,125.84,2146.45,1,Yes
9811-FEA,Female,0,Yes,No,20,Yes,No,Fiber optic,No,No,Yes,No,No,No,Month-to-month,Yes,Mailed check,97.35,1938.81,1,No
3921-YNY,Female,0,No,No,18,Yes,Yes,Fiber optic,No,No,Yes,Yes,No,Yes,Two year,No,Electronic check,128.92,2333.87,1,No
7754-FEQ,Male,1,Yes,Yes,25,Yes,Yes,DSL,Yes,Yes,Yes,No,Yes,No,Month-to-month,Yes,Credit card (automatic),119.72,2979.98,3,No
7707-ICA,Male,0,Yes,No,18,Yes,No,Fiber optic,No,No,No,Yes,Yes,Yes,Month-to-month,Yes,Bank transfer (automatic),120.26,2157.32,1,Yes
4822-JNG,Male,0,No,No,70,Yes,No,DSL,No,No,No,Yes,No,No,One year,No,Credit card (automatic),77.37,5428.46,1,No
1804-TPC,Female,0,No,No,4,Yes,No,DSL,Yes,No,No,Yes,No,No,One year,Yes,Bank transfer (automatic),84.09,348.95,2,No
5452-PKQ,Male,0,No,No,1,Yes,No,Fiber optic,Yes,Yes,No,No,No,Yes,Two year,No,Mailed check,114.84,101.45,2,No
8428-FJU,Female,0,No,No,19,Yes,No,Fiber optic,No,No,Yes,Yes,No,No,Month-to-month,Yes,Electronic check,106.12,2023.92,4,Yes
3528-UJQ,Female,0,Yes,No,37,Yes,Yes,Fiber optic,No,Yes,No,Yes,Yes,No,Month-to-month,Yes,Bank transfer (automatic),127.04,4703.45,2,No
9706-BQD,Female,0,No,Yes,27,Yes,Yes,No,No internet service,No internet service,No internet service,No internet service,No internet service,No internet service,Month-to-month,No,Mailed check,52.01,1395.52,3,No
3337-EJA,Female,0,No,No,72,Yes,Yes,Fiber optic,No,Yes,No,No,Yes,No,Month-to-month,Yes,Electronic check,116.35,8373.39,2,No
1955-ZAZ,Female,0,Yes,No,6,No,No phone service,DSL,No,Yes,No,No,No,Yes,One year,Yes,Bank transfer (automatic),68.39,422.23,3,No
3662-NNR,Male,0,No,No,30,Yes,No,DSL,No,No,Yes,No,Yes,No,One year,Yes,Credit card (automatic),89.94,2709.04,1,No
7433-AUV,Male,0,Yes,No,43,Yes,No,Fiber optic,No,No,No,No,No,Yes,One year,No,Credit card (automatic),94.22,4043.35,1,No
5284-VRP,Female,0,No,Yes,61,Yes,Yes,No,No internet service,No internet service,No internet service,No internet service,No internet service,No internet service,Two year,Yes,Bank transfer (automatic),51.99,3165.46,1,No
8131-WVX,Female,0,No,No,19,Yes,No,DSL,No,No,Yes,No,No,No,Month-to-month,Yes,Mailed check,76.72,1449.02,3,Yes
6573-YJB,Male,0,Yes,Yes,12,Yes,Yes,DSL,No,No,No,No,No,Yes,Month-to-month,No,Mailed check,85.13,1018.62,2,Yes
6446-UQC,Female,0,No,No,72,Yes,Yes,Fiber optic,Yes,No,No,No,Yes,Yes,One year,Yes,Mailed check,127.48,9192.1,2,No
5371-LBG,Male,0,Yes,No,40,Yes,No,DSL,No,No,No,Yes,Yes,No,Two year,Yes,Credit card (automatic),89.99,3604.16,1,No
7623-QSL,Female,0,No,No,16,Yes,Yes,Fiber optic,No,No,Yes,No,No,Yes,Month-to-month,Yes,Mailed check,117.65,1872.68,4,Yes
8432-NBU,Male,0,No,No,27,Yes,No,DSL,No,No,Yes,No,Yes,Yes,Two year,Yes,Electronic check,96.38,2615.82,1,No
6827-SUP,Female,0,Yes,Yes,9,Yes,No,DSL,No,Yes,No,No,No,No,One year,No,Mailed check,72.03,649.89,2,No
2365-QBQ,Male,0,Yes,No,24,Yes,No,No,No internet service,No internet service,No internet service,No internet service,No internet service,No internet service,Two year,No,Credit card (automatic),42.4,1017.16,4,No
7091-YWR,Female,0,Yes,No,20,Yes,No,Fiber optic,No,No,Yes,No,No,No,Month-to-month,Yes,Electronic check,93.75,1875.58,0,No
8521-SXJ,Female,0,No,Yes,2,Yes,No,DSL,No,No,No,No,No,Yes,Month-to-month,Yes,Bank transfer (automatic),76.94,160.26,2,Yes
4134-YCY,Female,0,No,No,51,Yes,No,Fiber optic,No,Yes,No,Yes,No,Yes,One year,Yes,Electronic check,115.82,5919.43,3,No
2867-ZPL,Female,1,Yes,No,17,Yes,No,DSL,No,Yes,Yes,Yes,No,No,Month-to-month,No,Bank transfer (automatic),94.79,1597.58,1,No
3823-EKJ,Female,1,Yes,Yes,17,Yes,Yes,Fiber optic,No,No,No,No,No,No,Two year,No,Mailed check,95.29,1631.39,1,No
7106-WIL,Male,0,Yes,No,9,Yes,Yes,No,No internet service,No internet service,No internet service,No internet service,No internet service,No internet service,Two year,No,Mailed check,51.58,450.25,1,No
9630-XND,Female,0,No,No,6,No,No phone service,Fiber optic,No,Yes,Yes,Yes,Yes,No,One year,Yes,Bank transfer (automatic),106.25,638.8,4,Yes
5681-RLS,Female,0,No,Yes,9,Yes,No,Fiber optic,No,No,No,Yes,Yes,No,One year,Yes,Mailed check,108.0,976.56,3,Yes
1224-NWF,Female,0,Yes,Yes,27,Yes,Yes,DSL,Yes,Yes,Yes,No,Yes,No,Month-to-month,No,Bank transfer (automatic),115.18,3124.18,4,Yes
9577-ILE,Female,1,Yes,No,3,Yes,No,DSL,No,Yes,No,No,No,No,Two year,Yes,Credit card (automatic),73.35,230.93,3,No
6217-SGG,Male,0,Yes,No,11,Yes,Yes,Fiber optic,Yes,Yes,No,No,No,Yes,One year,No,Electronic check,128.5,1404.61,1,No
4501-KTF,Male,0,Yes,No,72,Yes,Yes,Fiber optic,No,Yes,Yes,No,Yes,Yes,Month-to-month,No,Electronic check,141.98,10208.08,4,No
7687-SXX,Male,0,Yes,Yes,8,Yes,No,DSL,No,No,No,No,Yes,Yes,One year,Yes,Mailed check,87.84,702.53,2,Yes
2744-XXR,Female,0,Yes,No,72,Yes,No,Fiber optic,Yes,No,No,No,No,No,Month-to-month,No,Electronic check,93.49,6733.69,0,No
5950-XPR,Female,0,No,No,3,Yes,No,Fiber optic,Yes,No,No,Yes,No,No,Month-to-month,Yes,Mailed check,105.74,323.58,2,Yes
7031-PDW,Female,0,Yes,Yes,40,Yes,Yes,DSL,No,No,Yes,No,Yes,Yes,Month-to-month,No,Bank transfer (automatic),109.76,4392.37,3,No
4541-GAX,Female,0,Yes,No,15,Yes,Yes,Fiber optic,No,Yes,No,No,No,No,Month-to-month,Yes,Bank transfer (automatic),107.31,1598.46,3,Yes
4894-TAH,Female,1,No,No,6,Yes,No,DSL,No,No,Yes,No,No,No,Month-to-month,Yes,Bank transfer (automatic),73.44,451.18,3,Yes
5281-WHJ,Male,0,No,Yes,39,Yes,Yes,Fiber optic,No,No,No,No,No,No,Two year,No,Mailed check,96.36,3756.72,1,No
3200-UNN,Male,1,No,Yes,1,Yes,Yes,Fiber optic,No,No,No,No,No,No,Month-to-month,No,Mailed check,94.15,84.62,1,Yes
3875-SYP,Male,0,Yes,No,11,Yes,Yes,No,No internet service,No internet service,No internet service,No internet service,No internet service,No internet service,Two year,Yes,Mailed check,50.25,559.43,0,No
2096-TPT,Female,0,No,Yes,24,Yes,Yes,Fiber optic,Yes,No,No,No,No,Yes,Month-to-month,Yes,Electronic check,116.16,2797.03,1,No
7918-KUF,Male,0,Yes,No,7,Yes,Yes,DSL,No,Yes,No,Yes,Yes,Yes,Two year,No,Mailed check,120.29,855.95,4,No
4214-FXJ,Male,0,Yes,No,11,Yes,Yes,DSL,No,No,Yes,No,No,No,Month-to-month,No,Credit card (automatic),86.16,933.15,2,Yes
5607-NPM,Female,0,No,No,3,Yes,Yes,DSL,No,No,No,Yes,No,Yes,One year,Yes,Electronic check,98.26,283.26,1,No
6834-YCH,Male,1,No,Yes,48,Yes,Yes,Fiber optic,No,No,No,Yes,No,No,Month-to-month,Yes,Bank transfer (automatic),103.2,4965.69,2,No
6378-BUN,Female,1,No,No,14,Yes,No,No,No internet service,No internet service,No internet service,No internet service,No internet service,No internet service,Month-to-month,Yes,Electronic check,38.99,539.87,2,Yes
8731-UVO,Female,0,Yes,No,4,Yes,Yes,Fiber optic,No,No,No,Yes,No,No,Month-to-month,Yes,Electronic check,107.13,417.26,2,Yes
3261-BRA,Female,0,Yes,Yes,6,Yes,No,No,No internet service,No internet service,No internet service,No internet service,No internet service,No internet service,Month-to-month,No,Credit card (automatic),38.63,243.79,4,Yes
3305-DPV,Female,0,Yes,No,9,Yes,No,Fiber optic,No,Yes,No,No,No,No,Month-to-month,Yes,Electronic check,96.01,868.74,3,Yes
4336-YHF,Female,0,Yes,No,7,Yes,No,Fiber optic,Yes,No,No,No,Yes,Yes,Month-to-month,Yes,Credit card (automatic),119.61,833.08,1,Yes
7353-PHW,Male,0,Yes,Yes,18,Yes,Yes,No,No internet service,No internet service,No internet service,No internet service,No internet service,No internet service,Month-to-month,No,Credit card (automatic),50.86,915.38,1,No
4581-DCO,Female,0,Yes,Yes,59,Yes,Yes,DSL,No,No,No,No,No,Yes,One year,No,Mailed check,89.91,5316.3,1,No
8166-ARW,Female,0,Yes,Yes,6,Yes,No,DSL,No,Yes,No,Yes,Yes,No,One year,Yes,Electronic check,97.56,592.61,1,No
2154-MQR,Male,0,No,No,16,Yes,Yes,No,No internet service,No internet service,No internet service,No internet service,No internet service,No internet service,Month-to-month,Yes,Electronic check,52.04,831.68,2,Yes
8097-ZNY,Female,0,No,No,28,Yes,No,Fiber optic,Yes,Yes,Yes,No,No,Yes,Month-to-month,No,Credit card (automatic),128.01,3596.56,2,Yes
2446-NZX,Female,0,No,No,6,Yes,No,Fiber optic,No,No,No,Yes,Yes,Yes,Month-to-month,Yes,Credit card (automatic),117.74,719.57,3,Yes
6774-LLH,Male,0,No,No,5,Yes,No,Fiber optic,No,No,No,No,No,Yes,One year,Yes,Credit card (automatic),94.71,479.82,1,Yes
9271-IBN,Male,1,Yes,Yes,5,Yes,No,Fiber optic,No,No,No,No,Yes,No,One year,Yes,Credit card (automatic),96.08,491.52,1,Yes
6391-EET,Female,0,Yes,No,54,Yes,Yes,Fiber optic,Yes,Yes,No,No,Yes,No,Month-to-month,Yes,Electronic check,124.03,6701.61,1,No
9964-KMC,Male,0,Yes,Yes,32,Yes,Yes,Fiber optic,No,No,Yes,No,No,Yes,Month-to-month,Yes,Mailed check,118.36,3794.12,3,Yes
6681-NLN,Female,0,Yes,No,11,Yes,No,DSL,No,Yes,No,No,Yes,No,Two year,No,Mailed check,84.51,939.88,5,No
6203-BGO,Male,0,No,No,59,Yes,No,DSL,Yes,No,No,Yes,No,Yes,Two year,Yes,Mailed check,98.46,5800.05,1,No
6947-JOQ,Male,0,No,No,72,Yes,No,Fiber optic,No,No,No,No,Yes,Yes,Two year,Yes,Bank transfer (automatic),110.23,7924.33,2,No
8258-URY,Female,0,No,No,13,Yes,No,Fiber optic,No,Yes,No,No,Yes,No,One year,Yes,Mailed check,106.51,1370.48,2,No
3728-QQQ,Female,0,Yes,No,18,Yes,No,DSL,No,No,No,No,No,Yes,Month-to-month,Yes,Bank transfer (automatic),79.99,1432.58,6,Yes
7845-PTY,Female,0,No,No,12,No,No phone service,No,No internet service,No internet service,No internet service,No internet service,No internet service,No internet service,Month-to-month,No,Electronic check,18.59,215.86,2,No
1743-WOA,Male,0,Yes,No,7,Yes,No,DSL,No,No,Yes,Yes,Yes,No,Month-to-month,No,Bank transfer (automatic),99.68,709.55,2,Yes
8208-EPM,Male,0,Yes,Yes,38,Yes,No,No,No internet service,No internet service,No internet service,No internet service,No internet service,No internet service,Two year,No,Mailed check,40.06,1523.07,4,No
4311-VKM,Male,0,Yes,No,27,No,No phone service,Fiber optic,Yes,No,No,No,No,Yes,Month-to-month,No,Electronic check,88.74,2391.52,4,Yes
1208-EQA,Female,0,No,Yes,12,Yes,No,DSL,Yes,Yes,No,No,No,No,Month-to-month,Yes,Bank transfer (automatic),84.36,1017.18,1,No
6850-EEG,Male,0,No,No,1,No,No phone service,DSL,Yes,No,No,No,No,No,Month-to-month,Yes,Electronic check,52.18,53.89,3,Yes
6393-FBM,Female,0,Yes,No,37,Yes,No,No,No internet service,No internet service,No internet service,No internet service,No internet service,No internet service,One year,No,Bank transfer (automatic),42.83,1588.47,1,No
5019-KZU,Female,0,Yes,No,17,Yes,Yes,DSL,No,No,No,Yes,Yes,No,Two year,Yes,Mailed check,95.27,1615.83,2,No
1975-YJE,Male,0,Yes,No,2,Yes,Yes,DSL,Yes,No,No,No,Yes,No,Month-to-month,Yes,Credit card (automatic),96.7,193.15,3,Yes
1525-XSD,Male,0,Yes,No,4,Yes,No,No,No internet service,No internet service,No internet service,No internet service,No internet service,No internet service,Month-to-month,Yes,Electronic check,42.7,164.2,4,Yes
3483-PXO,Male,0,No,No,25,Yes,No,DSL,No,No,No,No,Yes,Yes,One year,Yes,Credit card (automatic),89.04,2232.55,2,No
8304-RDS,Male,0,No,No,20,Yes,No,Fiber optic,No,Yes,No,Yes,No,Yes,Two year,Yes,Mailed check,119.21,2380.79,1,No
9323-IAA,Male,1,No,No,7,Yes,Yes,DSL,Yes,Yes,No,Yes,Yes,No,Month-to-month,No,Electronic check,115.98,818.57,1,Yes
3466-JLR,Female,0,Yes,No,4,No,No phone service,Fiber optic,No,No,No,No,No,No,Two year,Yes,Bank transfer (automatic),66.99,276.32,3,No
1461-JJR,Male,0,Yes,No,55,Yes,Yes,Fiber optic,Yes,No,No,No,Yes,No,Month-to-month,Yes,Credit card (automatic),119.69,6574.35,1,No
1151-AOH,Female,0,No,No,4,Yes,Yes,Fiber optic,No,No,Yes,No,No,Yes,Two year,No,Bank transfer (automatic),117.2,455.76,1,No
2785-CRI,Male,0,No,No,3,Yes,Yes,No,No internet service,No internet service,No internet service,No internet service,No internet service,No internet service,Month-to-month,Yes,Bank transfer (automatic),52.34,150.85,5,Yes
7356-OEM,Male,0,Yes,Yes,25,Yes,Yes,Fiber optic,No,No,No,No,Yes,No,Two year,Yes,Electronic check,106.15,2654.05,1,No
6743-GYV,Female,0,No,No,8,Yes,Yes,Fiber optic,No,No,Yes,No,Yes,No,Month-to-month,No,Mailed check,119.19,967.37,3,Yes
2548-QIL,Male,0,Yes,No,27,Yes,No,Fiber optic,Yes,Yes,No,No,No,No,One year,Yes,Electronic check,103.62,2806.81,2,No
6704-EGA,Male,0,No,No,17,No,No phone service,DSL,No,Yes,No,Yes,Yes,Yes,Month-to-month,Yes,Mailed check,87.97,1487.53,1,No
4651-PEV,Female,0,Yes,Yes,6,Yes,Yes,Fiber optic,No,Yes,No,No,No,No,Month-to-month,No,Mailed check,103.44,630.52,1,Yes
6923-FZW,Female,0,No,No,2,No,No phone service,Fiber optic,No,Yes,Yes,No,No,No,Month-to-month,No,Bank transfer (automatic),85.7,163.03,2,Yes
9216-HQR,Male,0,Yes,No,2,Yes,No,Fiber optic,No,Yes,No,Yes,No,No,One year,No,Electronic check,106.31,203.62,3,Yes
1569-YLY,Male,1,No,No,23,Yes,Yes,DSL,No,No,Yes,Yes,No,No,One year,No,Credit card (automatic),95.38,2187.09,2,No
1830-LKM,Male,0,Yes,No,36,Yes,Yes,No,No internet service,No internet service,No internet service,No internet service,No internet service,No internet service,Month-to-month,Yes,Mailed check,47.21,1695.2,2,No
6402-YHC,Female,0,Yes,No,30,Yes,No,Fiber optic,No,No,Yes,No,No,No,Month-to-month,Yes,Mailed check,97.48,2920.72,4,Yes
5952-MJQ,Male,0,Yes,No,23,Yes,No,DSL,No,Yes,No,No,No,No,One year,Yes,Electronic check,77.35,1765.41,2,No
1254-CMV,Male,1,No,Yes,6,Yes,No,DSL,No,No,No,No,No,Yes,Two year,No,Bank transfer (automatic),76.51,461.08,4,No
3661-NJT,Male,0,Yes,Yes,50,Yes,No,Fiber optic,Yes,Yes,Yes,No,No,No,Month-to-month,Yes,Mailed check,115.14,5771.07,2,No
2839-RMJ,Female,1,No,No,25,Yes,No,Fiber optic,No,No,Yes,No,No,No,Month-to-month,No,Credit card (automatic),93.45,2346.62,2,Yes
1965-JEF,Male,0,Yes,No,30,Yes,No,No,No internet service,No internet service,No internet service,No internet service,No internet service,No internet service,Month-to-month,Yes,Credit card (automatic),39.8,1197.03,2,No
9202-PYL,Female,0,Yes,No,7,Yes,Yes,DSL,No,Yes,No,Yes,No,No,Month-to-month,No,Mailed check,96.13,681.91,1,No
3027-WTZ,Female,0,No,Yes,8,Yes,No,Fiber optic,No,No,Yes,Yes,Yes,No,Month-to-month,Yes,Credit card (automatic),117.55,948.44,2,Yes
7981-IEU,Female,0,Yes,No,60,Yes,Yes,No,No internet service,No internet service,No internet service,No internet service,No internet service,No internet service,Month-to-month,No,Mailed check,52.45,3139.95,3,No
2809-SLB,Female,0,No,No,17,Yes,No,No,No internet service,No internet service,No internet service,No internet service,No internet service,No internet service,Two year,No,Mailed check,37.05,623.72,2,No
6257-LNR,Female,0,No,No,21,Yes,Yes,Fiber optic,No,Yes,No,Yes,No,No,Two year,No,Bank transfer (automatic),117.87,2482.82,3,No
9484-PNM,Male,0,No,No,3,Yes,Yes,Fiber optic,No,No,No,No,Yes,No,Month-to-month,No,Credit card (automatic),107.5,309.89,0,Yes
4233-BLA,Female,0,Yes,No,13,Yes,Yes,No,No internet service,No internet service,No internet service,No internet service,No internet service,No internet service,One year,Yes,Bank transfer (automatic),49.13,650.77,4,No
6202-PGU,Male,0,Yes,No,55,No,No phone service,DSL,Yes,No,No,No,Yes,Yes,One year,Yes,Credit card (automatic),76.43,4215.4,1,No
1088-FRA,Male,0,No,No,58,Yes,No,No,No internet service,No internet service,No internet service,No internet service,No internet service,No internet service,One year,Yes,Electronic check,42.81,2482.22,2,No
7029-FFD,Female,0,Yes,Yes,33,Yes,Yes,No,No internet service,No internet service,No internet service,No internet service,No internet service,No internet service,Month-to-month,Yes,Mailed check,52.1,1725.22,2,No
5971-RJC,Female,0,No,Yes,20,Yes,Yes,No,No internet service,No internet service,No internet service,No internet service,No internet service,No internet service,Two year,Yes,Mailed check,50.1,990.26,2,No
2378-HVW,Female,0,Yes,No,67,Yes,Yes,No,No internet service,No internet service,No internet service,No internet service,No internet service,No internet service,One year,Yes,Credit card (automatic),51.51,3452.45,3,No
5416-ROY,Female,0,Yes,No,52,Yes,Yes,DSL,No,Yes,Yes,Yes,No,Yes,One year,Yes,Mailed check,119.45,6225.53,4,No
4764-TQY,Male,0,No,No,47,Yes,Yes,DSL,Yes,No,No,No,No,No,Month-to-month,Yes,Electronic check,85.3,4022.16,1,No
4274-MYT,Male,0,No,No,54,Yes,Yes,DSL,No,Yes,No,No,No,No,Month-to-month,No,Credit card (automatic),84.64,4562.06,2,No
1895-YJM,Female,0,Yes,No,16,No,No phone service,DSL,No,No,No,No,No,Yes,Two year,No,Electronic check,54.41,876.11,1,No
3543-UCB,Female,0,Yes,Yes,19,Yes,No,Fiber optic,No,No,No,No,Yes,No,One year,No,Credit card (automatic),98.47,1865.91,3,No
2349-KCZ,Male,0,No,No,14,Yes,Yes,Fiber optic,Yes,Yes,Yes,No,No,No,One year,Yes,Bank transfer (automatic),125.93,1760.57,4,Yes
3122-MER,Male,0,Yes,No,34,Yes,No,No,No internet service,No internet service,No internet service,No internet service,No internet service,No internet service,Month-to-month,No,Bank transfer (automatic),41.15,1407.29,1,No
9046-ROT,Female,1,Yes,Yes,23,Yes,Yes,DSL,No,Yes,No,Yes,No,No,Month-to-month,No,Electronic check,95.58,2210.91,2,Yes
1307-TGQ,Male,0,Yes,Yes,2,Yes,Yes,Fiber optic,No,No,No,No,No,No,Month-to-month,No,Credit card (automatic),94.28,181.25,3,Yes
6339-MZP,Male,0,No,No,4,Yes,No,Fiber optic,No,No,No,No,No,No,Month-to-month,Yes,Credit card (automatic),87.11,358.88,5,Yes
6848-JNF,Male,0,No,Yes,6,Yes,No,Fiber optic,No,No,No,Yes,No,Yes,Two year,No,Electronic check,108.19,662.2,4,Yes
2747-VZG,Female,0,No,Yes,28,No,No phone service,DSL,No,Yes,Yes,No,Yes,No,Two year,Yes,Credit card (automatic),76.33,2143.56,2,No
8127-HLZ,Female,0,Yes,No,3,Yes,Yes,DSL,Yes,No,Yes,No,No,No,Month-to-month,No,Mailed check,96.76,286.48,1,Yes
7409-FGU,Male,1,Yes,Yes,20,Yes,No,DSL,Yes,Yes,Yes,Yes,Yes,No,Two year,No,Credit card (automatic),119.89,2404.4,3,No
5354-HOU,Female,1,Yes,No,46,Yes,Yes,Fiber optic,No,Yes,Yes,No,Yes,Yes,Two year,No,Electronic check,138.45,6374.36,3,No
7069-ROG,Male,0,Yes,No,72,Yes,No,No,No internet service,No internet service,No internet service,No internet service,No internet service,No internet service,Month-to-month,No,Electronic check,42.97,3098.73,2,No
6208-CZN,Male,0,Yes,No,14,Yes,Yes,Fiber optic,No,No,No,No,No,Yes,Month-to-month,No,Credit card (automatic),108.12,1528.41,4,Yes
5291-DCE,Female,0,No,No,20,Yes,Yes,Fiber optic,No,Yes,No,No,No,Yes,Month-to-month,No,Bank transfer (automatic),116.3,2323.84,1,Yes
6130-HZB,Female,0,Yes,Yes,45,Yes,No,Fiber optic,No,No,No,No,No,No,Two year,Yes,Electronic check,86.11,3863.74,1,No
7705-GEG,Male,1,No,No,69,Yes,Yes,Fiber optic,No,Yes,No,No,No,Yes,Month-to-month,Yes,Electronic check,116.07,7999.89,5,Yes
1091-FXA,Female,0,No,No,13,Yes,Yes,Fiber optic,No,No,Yes,No,Yes,Yes,Month-to-month,Yes,Mailed check,128.98,1685.36,2,Yes
8676-KML,Female,0,No,No,11,Yes,Yes,No,No internet service,No internet service,No internet service,No internet service,No internet service,No internet service,Month-to-month,Yes,Mailed check,52.63,578.22,3,Yes
9366-ACZ,Female,0,Yes,No,15,Yes,Yes,No,No internet service,No internet service,No internet service,No internet service,No internet service,No internet service,Two year,No,Mailed check,49.31,727.92,3,No
1269-WVX,Female,0,Yes,No,8,Yes,No,Fiber optic,Yes,Yes,No,No,No,Yes,Month-to-month,No,Credit card (automatic),119.13,938.94,0,Yes
2415-VDT,Male,0,Yes,No,50,Yes,Yes,No,No internet service,No internet service,No internet service,No internet service,No internet service,No internet service,Month-to-month,Yes,Mailed check,47.33,2364.32,2,No
4967-TFA,Male,0,No,Yes,10,Yes,No,No,No internet service,No internet service,No internet service,No internet service,No internet service,No internet service,Month-to-month,Yes,Electronic check,38.6,393.65,6,Yes
5785-FNK,Female,0,No,No,15,Yes,No,Fiber optic,Yes,No,Yes,Yes,Yes,No,Month-to-month,No,Bank transfer (automatic),126.32,1885.46,1,Yes
6968-IVG,Male,0,No,No,10,No,No phone service,DSL,No,No,No,No,Yes,No,Month-to-month,Yes,Credit card (automatic),58.39,569.66,1,No
4472-HPL,Female,0,No,No,4,Yes,No,Fiber optic,No,Yes,Yes,Yes,No,No,Two year,Yes,Bank transfer (automatic),117.41,483.65,1,No
5843-EEN,Female,0,Yes,Yes,24,Yes,Yes,DSL,No,Yes,No,No,Yes,No,Month-to-month,No,Credit card (automatic),97.01,2317.11,0,No
7022-WUQ,Female,0,No,Yes,23,Yes,No,No,No internet service,No internet service,No internet service,No internet service,No internet service,No internet service,Month-to-month,Yes,Mailed check,42.1,959.13,1,No
2850-IVM,Male,0,No,No,9,Yes,Yes,DSL,Yes,Yes,No,No,Yes,No,Month-to-month,Yes,Electronic check,107.54,972.66,0,Yes
4016-PDB,Male,0,No,No,1,Yes,No,No,No internet service,No internet service,No internet service,No internet service,No internet service,No internet service,Month-to-month,No,Credit card (automatic),40.55,37.75,3,Yes
8404-MSL,Male,0,Yes,No,70,No,No phone service,Fiber optic,Yes,Yes,Yes,No,Yes,Yes,Two year,Yes,Credit card (automatic),121.64,8527.56,0,No
5003-JPX,Female,0,Yes,No,11,Yes,No,Fiber optic,No,Yes,No,Yes,No,No,Month-to-month,Yes,Mailed check,103.61,1152.93,1,Yes
8186-HFD,Male,0,Yes,Yes,20,Yes,No,No,No internet service,No internet service,No internet service,No internet service,No internet service,No internet service,Two year,Yes,Electronic check,41.65,838.2,0,No
8782-NMU,Male,0,No,No,4,Yes,No,No,No internet service,No internet service,No internet service,No internet service,No internet service,No internet service,Month-to-month,Yes,Bank transfer (automatic),37.94,149.76,2,Yes
6156-ICJ,Female,0,No,No,8,Yes,Yes,DSL,No,Yes,No,No,Yes,No,Month-to-month,Yes,Mailed check,99.43,785.33,1,Yes
3350-TUQ,Female,0,Yes,No,15,Yes,Yes,DSL,No,No,No,No,Yes,No,Two year,No,Electronic check,87.36,1298.1,2,No
3870-XFY,Female,1,No,Yes,21,Yes,Yes,Fiber optic,Yes,Yes,Yes,No,Yes,No,Two year,No,Electronic check,136.05,2862.65,1,No
3864-ZCZ,Female,0,Yes,No,49,Yes,No,DSL,No,No,No,No,No,Yes,Month-to-month,Yes,Bank transfer (automatic),74.22,3622.25,1,No
5690-UTV,Male,0,Yes,Yes,9,Yes,Yes,Fiber optic,No,Yes,No,Yes,No,No,Month-to-month,No,Bank transfer (automatic),114.99,1038.52,2,Yes
7759-HOK,Male,0,Yes,No,52,Yes,No,DSL,No,No,Yes,No,Yes,Yes,Month-to-month,No,Credit card (automatic),101.97,5303.72,4,No
3451-APN,Female,0,Yes,No,16,Yes,No,Fiber optic,No,No,No,No,No,No,Two year,Yes,Electronic check,82.01,1308.21,6,Yes
9454-FUD,Female,1,Yes,No,15,Yes,Yes,DSL,No,No,No,Yes,Yes,No,Month-to-month,Yes,Credit card (automatic),97.61,1451.18,3,Yes
8381-HVS,Female,1,Yes,No,13,Yes,Yes,Fiber optic,Yes,Yes,No,No,Yes,Yes,Month-to-month,Yes,Electronic check,136.16,1785.08,5,Yes
3072-CDM,Female,0,No,No,55,Yes,Yes,Fiber optic,No,No,Yes,No,No,No,Month-to-month,Yes,Electronic check,106.52,5865.32,2,No
7625-KPJ,Male,0,Yes,No,8,Yes,Yes,No,No internet service,No internet service,No internet service,No internet service,No internet service,No internet service,Month-to-month,Yes,Credit card (automatic),48.38,393.37,2,Yes
5734-NBJ,Female,0,No,Yes,49,Yes,No,Fiber optic,No,Yes,No,No,No,No,One year,Yes,Electronic check,92.76,4552.32,1,No
5685-JMA,Female,0,No,No,3,Yes,Yes,Fiber optic,Yes,No,No,Yes,No,No,Month-to-month,No,Bank transfer (automatic),112.63,345.92,4,Yes
3025-VLQ,Male,0,No,No,72,Yes,No,DSL,No,Yes,No,No,Yes,Yes,One year,Yes,Bank transfer (automatic),100.54,7225.81,2,No
4671-NES,Female,0,No,Yes,18,Yes,Yes,Fiber optic,No,No,No,Yes,No,No,One year,No,Electronic check,102.09,1826.26,3,No
2604-OMQ,Female,0,Yes,No,72,No,No phone service,DSL,Yes,No,No,No,No,Yes,Month-to-month,Yes,Mailed check,66.52,4791.35,1,No
9160-NDY,Female,0,Yes,No,24,Yes,No,No,No internet service,No internet service,No internet service,No internet service,No internet service,No internet service,One year,Yes,Electronic check,39.31,936.63,4,No
8120-CML,Female,0,Yes,Yes,4,Yes,Yes,No,No internet service,No internet service,No internet service,No internet service,No internet service,No internet service,One year,Yes,Bank transfer (automatic),50.36,212.65,2,No
5719-DRW,Female,0,Yes,Yes,2,Yes,Yes,Fiber optic,No,No,No,No,No,No,Month-to-month,Yes,Electronic check,97.89,209.81,0,Yes
3677-DQG,Male,0,Yes,No,6,Yes,Yes,DSL,No,No,No,No,No,No,Month-to-month,Yes,Credit card (automatic),73.75,450.61,2,Yes
4361-LEP,Male,0,No,No,14,Yes,Yes,Fiber optic,No,Yes,No,Yes,No,Yes,Two year,Yes,Mailed check,129.02,1793.31,3,No
6243-HMZ,Male,0,No,No,35,Yes,No,DSL,No,No,Yes,No,No,No,Month-to-month,No,Mailed check,77.72,2719.4,1,No
3701-KFP,Male,0,No,Yes,1,No,No phone service,DSL,Yes,No,No,Yes,No,No,Month-to-month,Yes,Electronic check,62.89,61.86,2,Yes
1056-VYO,Female,0,Yes,Yes,8,Yes,No,Fiber optic,No,No,No,No,No,Yes,One year,Yes,Mailed check,97.36,779.17,3,Yes
8055-MLR,Female,0,Yes,No,23,Yes,Yes,Fiber optic,No,Yes,No,Yes,No,No,Month-to-month,No,Electronic check,113.43,2614.06,0,Yes
7428-RNB,Female,1,Yes,Yes,9,Yes,Yes,Fiber optic,No,No,No,No,No,Yes,Two year,Yes,Bank transfer (automatic),109.09,970.48,4,No
3817-CXH,Female,0,No,No,12,Yes,No,No,No internet service,No internet service,No internet service,No internet service,No internet service,No internet service,Month-to-month,No,Bank transfer (automatic),41.26,500.63,3,Yes
8115-DIX,Female,0,Yes,No,9,Yes,Yes,Fiber optic,Yes,No,No,Yes,Yes,No,Two year,Yes,Mailed check,128.49,1165.31,2,No
8536-XPQ,Female,1,No,No,72,Yes,Yes,No,No internet service,No internet service,No internet service,No internet service,No internet service,No internet service,Month-to-month,No,Mailed check,51.27,3682.98,0,No
9947-ZVG,Male,0,No,No,2,Yes,No,DSL,No,Yes,No,No,No,No,Month-to-month,Yes,Mailed check,77.55,153.58,2,Yes
1476-DXX,Female,0,Yes,Yes,60,Yes,No,DSL,Yes,No,No,No,Yes,No,One year,Yes,Mailed check,87.92,5261.4,2,No
8405-NNY,Female,0,Yes,No,10,Yes,Yes,Fiber optic,Yes,Yes,No,No,Yes,No,Month-to-month,Yes,Electronic check,129.3,1280.17,3,Yes
2261-VTR,Male,0,Yes,Yes,8,Yes,Yes,No,No internet service,No internet service,No internet service,No internet service,No internet service,No internet service,One year,Yes,Electronic check,50.67,404.99,1,No
2582-WZS,Male,0,No,No,54,Yes,No,DSL,No,Yes,Yes,Yes,No,No,Two year,Yes,Credit card (automatic),93.76,5072.59,0,No
2498-MLS,Female,0,No,No,9,Yes,No,Fiber optic,Yes,Yes,No,No,No,No,Month-to-month,No,Electronic check,103.19,921.23,3,Yes
9722-TBU,Male,0,Yes,No,72,Yes,Yes,DSL,No,Yes,No,No,Yes,Yes,Month-to-month,Yes,Credit card (automatic),107.96,7774.48,3,No
6666-JEL,Male,0,No,Yes,20,Yes,Yes,Fiber optic,No,No,No,Yes,Yes,No,Month-to-month,No,Mailed check,117.87,2345.34,0,No
6372-GIB,Female,0,Yes,No,17,No,No phone service,DSL,Yes,No,No,Yes,No,No,Two year,Yes,Mailed check,63.13,1081.44,1,No
1472-JFL,Female,0,Yes,No,72,Yes,No,Fiber optic,Yes,No,No,No,No,No,Month-to-month,No,Mailed check,97.76,7052.27,1,No
1837-CJI,Male,0,No,No,7,Yes,No,No,No internet service,No internet service,No internet service,No internet service,No internet service,No internet service,Month-to-month,Yes,Bank transfer (automatic),42.34,291.16,2,Yes
8699-ECE,Male,0,No,No,60,Yes,No,DSL,No,Yes,No,No,Yes,Yes,Month-to-month,Yes,Mailed check,100.17,6021.46,3,No
1231-HNX,Male,0,Yes,No,23,Yes,Yes,No,No internet service,No internet service,No internet service,No internet service,No internet service,No internet service,Month-to-month,Yes,Mailed check,52.87,1203.21,1,No
1949-QKZ,Male,0,Yes,No,36,Yes,No,Fiber optic,Yes,Yes,No,Yes,No,No,Month-to-month,No,Electronic check,112.94,4059.18,2,No
2307-FKJ,Male,0,No,No,22,No,No phone service,DSL,No,No,Yes,No,No,No,One year,Yes,Credit card (automatic),55.57,1223.04,2,No
8318-IXX,Male,0,No,No,25,Yes,Yes,DSL,No,No,No,Yes,No,Yes,Month-to-month,No,Credit card (automatic),96.45,2409.53,4,No
8502-GRA,Female,0,No,No,5,Yes,Yes,Fiber optic,No,Yes,No,Yes,No,Yes,Two year,No,Mailed check,127.96,630.62,2,No
3862-BVB,Female,0,Yes,No,5,Yes,No,No,No internet service,No internet service,No internet service,No internet service,No internet service,No internet service,One year,No,Electronic check,42.34,220.98,3,Yes
5137-TOJ,Male,0,No,No,13,Yes,No,Fiber optic,Yes,No,Yes,Yes,No,Yes,One year,No,Credit card (automatic),126.92,1640.45,3,No
6682-VMX,Male,1,No,No,11,Yes,No,Fiber optic,No,Yes,No,No,No,No,Month-to-month,No,Electronic check,92.78,1014.01,1,Yes
3721-UMV,Female,0,No,No,32,Yes,No,DSL,No,No,No,No,Yes,No,One year,Yes,Electronic check,74.99,2391.31,1,No
1788-AZE,Male,0,No,Yes,33,Yes,Yes,DSL,No,No,No,Yes,Yes,Yes,Month-to-month,Yes,Electronic check,109.66,3606.38,3,Yes
7741-GMM,Female,0,No,Yes,21,No,No phone service,DSL,No,No,No,No,No,Yes,Month-to-month,Yes,Electronic check,55.05,1147.59,3,Yes
4251-WUF,Male,0,Yes,No,13,Yes,Yes,DSL,No,Yes,Yes,Yes,Yes,Yes,Two year,No,Electronic check,127.49,1650.19,1,No
8176-RKT,Male,0,Yes,No,29,Yes,Yes,Fiber optic,No,No,No,No,No,Yes,Month-to-month,Yes,Bank transfer (automatic),107.75,3116.04,3,Yes
9799-KXX,Male,0,No,Yes,30,Yes,No,DSL,No,Yes,No,Yes,Yes,No,Month-to-month,No,Electronic check,94.19,2810.83,1,No
6326-ICQ,Male,0,No,No,42,Yes,No,Fiber optic,No,No,No,No,Yes,No,Month-to-month,Yes,Mailed check,99.04,4166.15,2,No
6474-SIQ,Female,1,No,No,42,No,No phone service,Fiber optic,No,No,No,No,Yes,No,Month-to-month,Yes,Mailed check,79.58,3342.93,1,No
6622-RWO,Female,0,Yes,No,2,Yes,No,DSL,No,Yes,No,No,No,No,Month-to-month,Yes,Bank transfer (automatic),75.63,152.17,3,Yes
4452-ZJH,Female,0,Yes,Yes,12,Yes,No,No,No internet service,No internet service,No internet service,No internet service,No internet service,No internet service,Month-to-month,No,Electronic check,41.41,497.43,2,Yes
6481-ZBS,Female,0,No,No,14,Yes,Yes,No,No internet service,No internet service,No internet service,No internet service,No internet service,No internet service,Month-to-month,No,Mailed check,49.02,688.74,2,Yes
8117-HSA,Male,0,No,Yes,47,Yes,Yes,DSL,Yes,No,No,No,No,Yes,One year,No,Credit card (automatic),98.18,4609.54,1,No
5887-OTX,Female,0,Yes,Yes,18,Yes,Yes,DSL,No,No,Yes,No,Yes,No,Two year,Yes,Mailed check,95.69,1727.04,3,No
1221-ECQ,Female,1,No,No,17,Yes,No,DSL,No,Yes,Yes,No,Yes,Yes,Month-to-month,Yes,Bank transfer (automatic),107.2,1833.97,5,Yes
7588-JEK,Female,1,Yes,Yes,21,No,No phone service,Fiber optic,Yes,No,Yes,No,No,No,Two year,No,Credit card (automatic),87.67,1830.68,0,No
7309-DGS,Male,0,No,Yes,4,Yes,Yes,Fiber optic,No,No,Yes,No,Yes,No,Month-to-month,Yes,Mailed check,119.2,486.06,1,Yes
4309-QWQ,Male,0,No,No,21,Yes,No,Fiber optic,Yes,No,No,No,Yes,Yes,Month-to-month,No,Mailed check,119.89,2531.39,1,No
8424-BRD,Male,0,No,No,21,Yes,No,Fiber optic,No,Yes,No,Yes,Yes,No,One year,No,Bank transfer (automatic),115.48,2418.53,4,No
7508-ADB,Male,1,Yes,No,36,No,No phone service,Fiber optic,No,No,No,No,No,Yes,Month-to-month,Yes,Mailed check,78.52,2823.44,3,Yes
9136-QUW,Male,1,No,Yes,26,Yes,Yes,Fiber optic,No,Yes,Yes,No,Yes,No,Two year,Yes,Electronic check,129.54,3359.71,4,Yes
4827-UBC,Female,0,No,No,72,Yes,No,No,No internet service,No internet service,No internet service,No internet service,No internet service,No internet service,One year,No,Electronic check,40.36,2919.81,2,No
1409-OGD,Female,0,Yes,No,3,Yes,No,Fiber optic,No,No,No,No,Yes,No,Month-to-month,Yes,Bank transfer (automatic),99.57,289.91,1,Yes
3859-AQD,Female,0,Yes,No,37,No,No phone service,DSL,No,Yes,Yes,No,No,No,Month-to-month,Yes,Mailed check,65.78,2435.61,1,No
3051-VWY,Female,0,No,No,35,Yes,No,Fiber optic,No,No,Yes,Yes,No,No,Month-to-month,No,Electronic check,107.55,3775.1,2,No
9936-ZUJ,Male,1,No,No,8,Yes,No,Fiber optic,No,Yes,Yes,No,No,Yes,One year,No,Electronic check,116.7,923.89,2,Yes
6274-SSO,Female,0,Yes,No,30,Yes,No,No,No internet service,No internet service,No internet service,No internet service,No internet service,No internet service,One year,Yes,Credit card (automatic),40.27,1218.62,1,No
3662-CEP,Male,1,No,No,27,No,No phone service,Fiber optic,Yes,Yes,Yes,Yes,Yes,No,Month-to-month,No,Electronic check,119.92,3228.13,0,No
6526-GPI,Male,0,Yes,No,9,Yes,Yes,No,No internet service,No internet service,No internet service,No internet service,No internet service,No internet service,Month-to-month,Yes,Credit card (automatic),50.73,456.13,2,No
6368-HRX,Female,0,No,No,33,Yes,No,No,No internet service,No internet service,No internet service,No internet service,No internet service,No internet service,One year,No,Bank transfer (automatic),39.99,1305.46,2,No
7103-RXS,Female,0,No,No,67,Yes,No,Fiber optic,No,No,Yes,Yes,No,No,Month-to-month,Yes,Credit card (automatic),102.19,6848.92,0,No
6670-YTF,Female,0,No,No,10,Yes,Yes,Fiber optic,No,No,Yes,Yes,No,No,Two year,Yes,Mailed check,114.56,1146.0,0,No
5760-KEL,Female,0,No,No,72,Yes,Yes,DSL,No,No,No,No,No,No,Month-to-month,No,Electronic check,72.16,5201.93,5,No
7034-KOY,Female,0,Yes,No,7,No,No phone service,Fiber optic,Yes,No,No,Yes,No,No,Two year,Yes,Electronic check,82.66,588.13,2,No
5834-KKJ,Male,0,No,Yes,4,Yes,No,Fiber optic,Yes,Yes,Yes,No,Yes,Yes,Month-to-month,Yes,Credit card (automatic),137.79,565.37,5,Yes
3145-TEW,Female,0,Yes,No,3,Yes,Yes,DSL,Yes,No,No,No,Yes,Yes,Month-to-month,Yes,Mailed check,107.06,327.47,4,Yes
5444-HMO,Male,0,No,No,7,Yes,No,Fiber optic,No,Yes,No,Yes,Yes,No,One year,Yes,Electronic check,116.46,817.59,4,Yes
4423-BLX,Male,1,Yes,No,11,Yes,No,No,No internet service,No internet service,No internet service,No internet service,No internet service,No internet service,Month-to-month,No,Mailed check,40.9,459.53,0,No
4559-USY,Female,0,Yes,No,34,Yes,Yes,DSL,No,No,No,No,Yes,Yes,Month-to-month,Yes,Bank transfer (automatic),97.8,3334.67,2,No
7779-WAH,Male,0,No,No,2,Yes,No,DSL,No,No,No,Yes,No,No,Two year,No,Electronic check,74.95,161.46,2,No
6289-MEV,Male,0,No,Yes,18,Yes,Yes,Fiber optic,No,No,No,Yes,No,No,One year,Yes,Credit card (automatic),107.16,1940.16,1,No
1296-JNX,Male,0,Yes,Yes,19,Yes,Yes,DSL,No,Yes,No,No,Yes,Yes,One year,No,Credit card (automatic),111.27,2120.44,1,No
6194-NCU,Male,0,Yes,Yes,7,Yes,No,No,No internet service,No internet service,No internet service,No internet service,No internet service,No internet service,One year,Yes,Electronic check,41.09,293.82,1,No
1495-TQE,Male,1,No,No,2,Yes,No,Fiber optic,Yes,Yes,Yes,No,Yes,Yes,One year,Yes,Bank transfer (automatic),140.06,272.58,1,No
7393-GQT,Female,0,No,No,7,Yes,No,DSL,Yes,No,Yes,Yes,No,No,Month-to-month,No,Mailed check,95.15,652.43,4,Yes
7325-KLY,Female,0,Yes,No,7,Yes,No,Fiber optic,No,No,No,Yes,Yes,Yes,Month-to-month,Yes,Electronic check,120.75,846.33,1,Yes
5026-XBS,Female,0,No,No,30,Yes,Yes,Fiber optic,Yes,No,Yes,Yes,Yes,No,One year,No,Mailed check,135.68,4066.08,1,No
6305-EKW,Male,0,Yes,Yes,7,Yes,No,Fiber optic,No,No,Yes,No,No,No,Two year,No,Bank transfer (automatic),97.8,679.46,2,No
7674-GUZ,Male,0,Yes,Yes,11,No,No phone service,DSL,No,Yes,No,No,No,No,One year,No,Mailed check,53.46,587.4,2,No
3005-FKN,Female,1,Yes,No,2,Yes,No,DSL,No,No,Yes,No,No,No,Two year,No,Mailed check,76.72,162.99,0,No
1763-HIB,Male,0,No,No,25,Yes,Yes,Fiber optic,No,No,No,No,No,No,Two year,Yes,Mailed check,96.75,2424.9,3,No
6691-TVG,Male,0,Yes,Yes,17,Yes,Yes,DSL,Yes,Yes,No,Yes,No,No,Month-to-month,No,Mailed check,106.84,1807.48,3,No
5023-NZX,Male,0,Yes,Yes,11,Yes,Yes,No,No internet service,No internet service,No internet service,No internet service,No internet service,No internet service,Month-to-month,No,Mailed check,50.55,546.15,0,No
6591-ZLS,Male,0,No,No,31,Yes,No,Fiber optic,No,No,Yes,No,No,No,One year,No,Electronic check,92.19,2872.69,0,No
7116-ZHK,Male,0,No,Yes,29,No,No phone service,Fiber optic,No,No,No,Yes,No,No,Month-to-month,Yes,Credit card (automatic),76.05,2210.02,2,No
1885-DOT,Female,0,No,Yes,10,Yes,Yes,Fiber optic,No,Yes,Yes,No,Yes,No,One year,Yes,Credit card (automatic),125.84,1263.84,0,No
6110-UJX,Female,1,Yes,No,31,Yes,Yes,DSL,No,No,Yes,No,Yes,Yes,Month-to-month,No,Bank transfer (automatic),111.96,3479.45,2,No
7063-WHT,Male,0,No,Yes,11,No,No phone service,Fiber optic,No,Yes,Yes,No,No,No,One year,No,Electronic check,83.7,922.09,3,Yes
9935-FCH,Female,0,No,No,7,Yes,No,DSL,No,No,Yes,Yes,No,No,One year,Yes,Bank transfer (automatic),83.93,583.37,1,No
8108-KDQ,Female,0,Yes,No,32,Yes,No,DSL,No,No,No,No,No,No,Two year,Yes,Credit card (automatic),63.64,2038.11,3,No
2186-RHX,Male,0,Yes,No,33,Yes,No,DSL,Yes,No,No,No,No,No,Two year,No,Bank transfer (automatic),75.94,2510.22,0,No
7228-PNU,Female,0,No,No,51,Yes,Yes,No,No internet service,No internet service,No internet service,No internet service,No internet service,No internet service,One year,No,Bank transfer (automatic),49.03,2500.41,3,No
8934-DAA,Female,1,No,No,18,Yes,No,No,No internet service,No internet service,No internet service,No internet service,No internet service,No internet service,Month-to-month,Yes,Electronic check,41.32,746.91,2,Yes
6372-VOT,Male,0,No,No,7,Yes,No,Fiber optic,No,Yes,No,No,Yes,Yes,Month-to-month,No,Credit card (automatic),118.07,839.98,0,Yes
8891-CNI,Female,1,No,Yes,46,Yes,Yes,Fiber optic,No,Yes,Yes,Yes,Yes,Yes,One year,No,Electronic check,151.6,6970.78,2,No
2063-BDA,Male,0,Yes,No,5,No,No phone service,No,No internet service,No internet service,No internet service,No internet service,No internet service,No internet service,Month-to-month,Yes,Bank transfer (automatic),18.56,97.11,3,Yes
4748-BMQ,Female,1,No,No,70,Yes,Yes,Fiber optic,No,No,Yes,No,No,Yes,Two year,Yes,Electronic check,115.75,8108.37,0,No
5720-RUI,Female,0,Yes,Yes,10,Yes,Yes,Fiber optic,Yes,Yes,Yes,No,Yes,Yes,Month-to-month,Yes,Bank transfer (automatic),148.57,1486.7,1,Yes
4717-TCH,Female,0,Yes,No,1,No,No phone service,Fiber optic,No,Yes,Yes,No,Yes,No,One year,Yes,Mailed check,99.75,85.3,2,Yes
1450-ATM,Female,0,No,Yes,6,Yes,Yes,DSL,Yes,No,No,No,No,No,One year,Yes,Bank transfer (automatic),82.75,511.03,2,No
2940-EPU,Male,1,No,No,14,Yes,No,DSL,Yes,No,Yes,Yes,Yes,Yes,Month-to-month,No,Electronic check,118.96,1661.3,1,Yes
1247-PXL,Male,0,No,No,2,Yes,No,DSL,No,Yes,No,No,No,No,Month-to-month,Yes,Credit card (automatic),74.87,153.99,3,Yes
9835-IPA,Female,0,Yes,Yes,14,Yes,No,No,No internet service,No internet service,No internet service,No internet service,No internet service,No internet service,One year,No,Credit card (automatic),41.43,591.19,1,No
6940-EXY,Male,0,No,Yes,6,Yes,Yes,No,No internet service,No internet service,No internet service,No internet service,No internet service,No internet service,One year,Yes,Bank transfer (automatic),49.0,303.53,4,No
3226-IHS,Male,0,No,Yes,1,Yes,Yes,DSL,No,Yes,No,No,No,No,Two year,Yes,Mailed check,83.97,86.72,2,No
2059-OMR,Female,0,No,No,9,Yes,No,DSL,Yes,No,No,Yes,No,No,One year,No,Credit card (automatic),84.82,769.89,1,No
2811-ERH,Female,0,No,Yes,7,Yes,No,DSL,No,No,Yes,No,No,Yes,One year,No,Bank transfer (automatic),87.03,601.62,4,Yes
8442-WZQ,Male,0,Yes,No,14,Yes,No,No,No internet service,No internet service,No internet service,No internet service,No internet service,No internet service,Month-to-month,Yes,Electronic check,38.32,532.65,2,Yes
4868-BSP,Male,0,Yes,Yes,36,Yes,No,DSL,Yes,No,No,No,No,No,Month-to-month,No,Electronic check,75.58,2735.42,0,No
3309-GFF,Male,0,No,No,18,Yes,Yes,No,No internet service,No internet service,No internet service,No internet service,No internet service,No internet service,Month-to-month,Yes,Mailed check,47.52,863.67,5,Yes
7686-IHX,Male,1,No,No,37,Yes,No,No,No internet service,No internet service,No internet service,No internet service,No internet service,No internet service,One year,No,Bank transfer (automatic),39.88,1466.38,5,No
9629-UIL,Female,0,No,No,11,Yes,No,No,No internet service,No internet service,No internet service,No internet service,No internet service,No internet service,Two year,No,Mailed check,39.15,443.08,3,No
8953-WFW,Male,0,No,No,1,Yes,No,Fiber optic,Yes,No,No,Yes,No,Yes,One year,No,Credit card (automatic),118.98,119.79,2,No
7819-YGR,Male,1,Yes,No,64,Yes,No,No,No internet service,No internet service,No internet service,No internet service,No internet service,No internet service,One year,No,Electronic check,38.46,2472.56,5,No
5499-ERJ,Male,0,Yes,No,10,Yes,No,Fiber optic,No,No,No,Yes,Yes,Yes,Month-to-month,No,Mailed check,120.58,1211.1,1,Yes
9423-AOC,Female,0,Yes,No,19,Yes,No,No,No internet service,No internet service,No internet service,No internet service,No internet service,No internet service,Month-to-month,Yes,Credit card (automatic),39.86,762.54,2,No
3542-NAU,Male,0,No,No,16,Yes,No,Fiber optic,No,No,No,No,No,No,Month-to-month,No,Electronic check,87.4,1384.01,2,Yes
8110-IRL,Male,0,Yes,No,22,No,No phone service,Fiber optic,No,Yes,No,No,Yes,Yes,Month-to-month,Yes,Electronic check,98.71,2182.63,4,Yes
4365-CBN,Female,0,No,No,55,Yes,No,No,No internet service,No internet service,No internet service,No internet service,No internet service,No internet service,Month-to-month,Yes,Electronic check,41.45,2278.86,3,No
3439-FDE,Female,0,No,No,51,Yes,Yes,No,No internet service,No internet service,No internet service,No internet service,No internet service,No internet service,Two year,No,Electronic check,47.28,2397.05,2,No
6204-MIM,Male,0,Yes,Yes,72,Yes,Yes,Fiber optic,Yes,No,Yes,No,No,Yes,Month-to-month,No,Electronic check,128.37,9242.61,1,No
7440-XXP,Female,0,Yes,No,19,Yes,No,Fiber optic,No,No,Yes,No,No,No,One year,Yes,Mailed check,96.44,1846.43,3,Yes
3113-SPX,Male,0,Yes,Yes,64,Yes,Yes,DSL,No,No,Yes,Yes,Yes,Yes,Two year,Yes,Mailed check,117.1,7500.43,3,No
7028-EWX,Male,0,Yes,No,17,Yes,No,No,No internet service,No internet service,No internet service,No internet service,No internet service,No internet service,Month-to-month,No,Bank transfer (automatic),38.97,672.86,6,Yes
8582-UXQ,Female,0,No,No,2,Yes,No,Fiber optic,No,No,Yes,No,Yes,No,Two year,No,Electronic check,106.98,200.66,4,Yes
7015-QQC,Female,1,No,Yes,4,Yes,Yes,Fiber optic,No,Yes,No,No,No,No,One year,No,Mailed check,107.23,440.82,1,No
4993-MLF,Female,1,No,No,11,Yes,Yes,DSL,No,No,No,No,No,Yes,Month-to-month,Yes,Credit card (automatic),85.66,931.47,4,Yes
6269-UMN,Male,0,No,Yes,33,Yes,No,Fiber optic,No,No,Yes,Yes,No,No,Month-to-month,Yes,Bank transfer (automatic),105.38,3491.46,2,No
9900-NRD,Female,1,Yes,No,3,Yes,Yes,No,No internet service,No internet service,No internet service,No internet service,No internet service,No internet service,Month-to-month,Yes,Electronic check,48.93,148.46,1,Yes
7547-MDM,Male,0,No,No,12,Yes,No,DSL,No,No,Yes,No,Yes,No,One year,Yes,Bank transfer (automatic),85.65,1023.43,0,No
9482-HTH,Female,1,No,No,72,Yes,Yes,No,No internet service,No internet service,No internet service,No internet service,No internet service,No internet service,One year,No,Mailed check,51.33,3704.29,0,No
3936-QOD,Male,0,Yes,No,39,Yes,No,Fiber optic,No,Yes,No,No,No,Yes,One year,Yes,Bank transfer (automatic),106.77,4166.04,0,No
8045-XVF,Male,0,Yes,Yes,22,Yes,Yes,No,No internet service,No internet service,No internet service,No internet service,No internet service,No internet service,Two year,No,Credit card (automatic),49.82,1099.4,2,No
5841-DIP,Female,0,No,No,2,Yes,Yes,Fiber optic,Yes,Yes,No,Yes,No,Yes,Month-to-month,No,Electronic check,137.25,262.34,1,Yes
4558-NFA,Female,0,Yes,No,1,Yes,Yes,Fiber optic,Yes,Yes,No,Yes,No,Yes,Month-to-month,No,Bank transfer (automatic),138.5,124.35,3,Yes
2845-OAO,Male,0,No,Yes,3,No,No phone service,No,No internet service,No internet service,No internet service,No internet service,No internet service,No internet service,Month-to-month,Yes,Mailed check,20.1,46.85,2,No
4182-PUA,Female,0,Yes,No,10,Yes,Yes,Fiber optic,No,No,No,No,No,No,One year,No,Mailed check,93.24,919.66,2,Yes
8260-CLG,Female,0,Yes,No,24,No,No phone service,Fiber optic,No,Yes,Yes,No,Yes,Yes,Month-to-month,Yes,Electronic check,110.37,2646.01,3,Yes
8076-ZAA,Female,0,Yes,Yes,6,Yes,No,Fiber optic,Yes,No,No,No,No,No,Month-to-month,Yes,Credit card (automatic),97.69,572.69,1,Yes
3815-OHK,Female,0,No,No,2,No,No phone service,DSL,No,Yes,No,Yes,Yes,No,Month-to-month,No,Credit card (automatic),77.72,166.26,1,Yes
3925-YWM,Female,0,Yes,No,3,Yes,Yes,No,No internet service,No internet service,No internet service,No internet service,No internet service,No internet service,One year,No,Credit card (automatic),52.69,167.7,3,No
5021-SZD,Female,0,Yes,No,14,Yes,No,DSL,No,Yes,No,No,Yes,Yes,Two year,Yes,Bank transfer (automatic),98.99,1399.57,2,No
5891-DCZ,Female,0,Yes,Yes,38,Yes,Yes,No,No internet service,No internet service,No internet service,No internet service,No internet service,No internet service,One year,No,Mailed check,48.95,1854.19,2,No
6605-EKY,Male,0,Yes,No,44,Yes,Yes,No,No internet service,No internet service,No internet service,No internet service,No internet service,No internet service,Two year,Yes,Electronic check,47.28,2074.61,3,No
3984-CIL,Female,0,Yes,No,9,Yes,No,DSL,No,No,Yes,Yes,Yes,Yes,One year,Yes,Mailed check,111.1,1001.64,2,No
2250-TQU,Male,0,Yes,Yes,28,Yes,Yes,DSL,No,No,No,No,No,Yes,Two year,Yes,Mailed check,85.15,2391.3,3,No
2611-YRD,Female,1,No,Yes,13,Yes,No,Fiber optic,Yes,No,No,No,No,Yes,Month-to-month,Yes,Electronic check,106.21,1379.22,2,Yes
3769-HIS,Male,0,No,No,72,Yes,Yes,DSL,No,Yes,No,No,No,No,Two year,No,Credit card (automatic),86.45,6230.49,4,No
4148-YFV,Male,0,Yes,No,13,Yes,Yes,Fiber optic,Yes,Yes,Yes,No,Yes,Yes,One year,Yes,Bank transfer (automatic),149.4,1938.67,4,Yes
3555-UFK,Female,0,Yes,No,13,Yes,Yes,Fiber optic,No,No,No,No,No,No,One year,No,Bank transfer (automatic),95.38,1243.3,2,No
5336-SYL,Female,0,No,No,18,Yes,No,DSL,No,Yes,No,No,Yes,Yes,One year,Yes,Bank transfer (automatic),97.14,1736.32,2,No
6786-MRG,Female,0,No,No,1,Yes,No,Fiber optic,Yes,No,No,Yes,Yes,No,One year,No,Electronic check,119.45,107.71,3,Yes
1568-WEP,Female,1,No,No,14,Yes,No,Fiber optic,No,Yes,Yes,No,Yes,No,Month-to-month,Yes,Bank transfer (automatic),114.43,1589.42,2,Yes
4733-DWA,Male,0,Yes,No,45,Yes,No,Fiber optic,No,Yes,Yes,No,No,Yes,Two year,Yes,Credit card (automatic),115.54,5187.51,2,No
2795-ALM,Male,0,Yes,Yes,24,Yes,Yes,DSL,Yes,Yes,Yes,Yes,Yes,No,Month-to-month,No,Mailed check,124.77,2980.24,1,No
9540-IGM,Female,0,No,Yes,72,Yes,Yes,No,No internet service,No internet service,No internet service,No internet service,No internet service,No internet service,Month-to-month,Yes,Credit card (automatic),47.02,3383.89,0,No
7145-ARG,Male,0,Yes,No,10,Yes,Yes,DSL,Yes,Yes,No,Yes,Yes,No,One year,Yes,Mailed check,115.03,1144.98,0,No
9337-SHW,Female,0,Yes,No,5,Yes,Yes,DSL,Yes,No,Yes,No,No,Yes,Two year,Yes,Bank transfer (automatic),106.07,542.07,2,No
6930-IDG,Male,1,Yes,No,35,Yes,Yes,No,No internet service,No internet service,No internet service,No internet service,No internet service,No internet service,Month-to-month,No,Bank transfer (automatic),47.78,1679.26,3,No
2360-KBW,Female,0,Yes,No,2,Yes,Yes,DSL,No,Yes,No,No,Yes,No,Two year,No,Credit card (automatic),95.99,187.92,3,No
2726-RVZ,Male,0,Yes,Yes,5,Yes,Yes,DSL,No,Yes,Yes,Yes,Yes,No,Two year,No,Mailed check,118.73,591.75,2,No
1907-IKE,Female,0,No,Yes,18,Yes,Yes,No,No internet service,No internet service,No internet service,No internet service,No internet service,No internet service,Month-to-month,Yes,Electronic check,48.18,868.92,2,Yes
9025-GAX,Male,1,No,No,36,Yes,Yes,Fiber optic,No,No,Yes,No,No,No,Month-to-month,Yes,Electronic check,102.19,3687.49,0,No
6208-EFM,Female,0,Yes,Yes,23,Yes,Yes,Fiber optic,Yes,No,No,Yes,No,No,Two year,No,Mailed check,117.21,2690.42,2,No
6279-HTB,Female,1,Yes,No,72,Yes,No,Fiber optic,No,No,Yes,No,No,No,Month-to-month,Yes,Mailed check,93.68,6747.02,3,No
7697-HBU,Male,0,No,No,27,Yes,No,DSL,No,No,No,No,No,No,Two year,No,Bank transfer (automatic),62.65,1689.76,1,No
2020-FEV,Male,1,Yes,Yes,33,Yes,No,Fiber optic,No,Yes,No,No,No,No,Month-to-month,Yes,Electronic check,94.56,3108.32,0,No
6442-KKP,Male,1,No,Yes,72,Yes,No,Fiber optic,No,Yes,Yes,No,No,No,Month-to-month,Yes,Mailed check,103.68,7474.54,1,No
9802-ICS,Male,1,No,No,23,Yes,No,Fiber optic,No,No,No,No,Yes,Yes,One year,Yes,Bank transfer (automatic),109.33,2504.31,2,No
4181-BGJ,Male,0,Yes,No,32,Yes,No,Fiber optic,No,No,No,No,Yes,Yes,One year,Yes,Bank transfer (automatic),111.61,3573.75,2,No
4987-AFU,Female,0,Yes,No,9,Yes,Yes,DSL,Yes,No,Yes,No,No,Yes,Two year,Yes,Bank transfer (automatic),105.04,948.1,1,No
5901-ACD,Male,0,No,No,20,Yes,Yes,Fiber optic,No,No,No,No,Yes,No,Month-to-month,No,Bank transfer (automatic),109.6,2183.06,3,Yes
6708-COM,Male,0,Yes,No,61,Yes,Yes,Fiber optic,No,Yes,Yes,No,Yes,No,Month-to-month,Yes,Bank transfer (automatic),128.8,7864.77,0,No
5586-DQE,Male,0,Yes,No,48,Yes,Yes,No,No internet service,No internet service,No internet service,No internet service,No internet service,No internet service,One year,Yes,Credit card (automatic),50.83,2428.51,4,No
4796-YXH,Male,0,Yes,No,10,Yes,Yes,No,No internet service,No internet service,No internet service,No internet service,No internet service,No internet service,Month-to-month,Yes,Electronic check,50.1,489.31,3,Yes
1500-XJG,Female,1,No,No,12,Yes,Yes,Fiber optic,No,No,Yes,No,No,No,One year,No,Mailed check,105.31,1252.12,1,Yes
8664-GXS,Female,0,No,No,47,Yes,No,Fiber optic,No,No,Yes,No,Yes,No,Month-to-month,Yes,Electronic check,105.81,4985.23,3,Yes
7135-BVT,Female,0,No,No,9,Yes,No,DSL,No,No,No,No,Yes,Yes,Two year,Yes,Electronic check,89.41,803.08,1,No
7386-FJM,Female,0,Yes,No,55,Yes,Yes,No,No internet service,No internet service,No internet service,No internet service,No internet service,No internet service,Month-to-month,No,Mailed check,49.94,2739.28,3,No
6016-BJJ,Male,0,Yes,No,38,Yes,No,Fiber optic,Yes,Yes,No,No,Yes,No,Month-to-month,Yes,Credit card (automatic),116.71,4425.59,3,Yes
6913-EVD,Female,0,Yes,No,5,Yes,Yes,Fiber optic,Yes,Yes,No,Yes,Yes,No,One year,Yes,Electronic check,134.38,681.76,0,No
2040-KUR,Female,0,Yes,Yes,32,Yes,Yes,No,No internet service,No internet service,No internet service,No internet service,No internet service,No internet service,Month-to-month,Yes,Mailed check,50.7,1627.31,2,No
8559-LXA,Male,0,No,Yes,45,Yes,No,Fiber optic,No,Yes,Yes,No,Yes,Yes,Month-to-month,No,Credit card (automatic),126.94,5704.9,4,Yes
9947-YUL,Male,0,No,No,4,Yes,No,Fiber optic,No,No,No,No,Yes,Yes,Month-to-month,No,Electronic check,108.79,422.69,2,Yes
7010-ZFC,Male,0,Yes,No,16,Yes,No,Fiber optic,No,No,Yes,No,No,Yes,Month-to-month,No,Electronic check,105.74,1695.93,2,Yes
8012-NLM,Male,0,No,No,50,Yes,Yes,No,No internet service,No internet service,No internet service,No internet service,No internet service,No internet service,Two year,No,Electronic check,52.4,2618.74,0,No
4726-FLB,Male,0,Yes,No,6,Yes,Yes,No,No internet service,No internet service,No internet service,No internet service,No internet service,No internet service,Month-to-month,No,Bank transfer (automatic),51.01,315.25,1,No
3131-YYU,Male,1,No,No,15,Yes,Yes,Fiber optic,Yes,Yes,No,No,No,Yes,Month-to-month,No,Bank transfer (automatic),125.65,1883.42,2,Yes
6439-LCQ,Female,0,No,No,24,Yes,No,Fiber optic,No,Yes,No,Yes,Yes,Yes,Two year,Yes,Electronic check,131.55,3153.58,2,No
2317-XQQ,Female,0,Yes,Yes,3,Yes,Yes,DSL,No,No,No,No,No,Yes,Month-to-month,No,Credit card (automatic),87.37,274.18,1,Yes
5670-KWG,Male,0,Yes,No,6,Yes,No,No,No internet service,No internet service,No internet service,No internet service,No internet service,No internet service,Two year,Yes,Electronic check,39.54,242.97,3,No
1129-SBV,Female,1,Yes,No,16,Yes,No,Fiber optic,No,No,Yes,No,No,No,Month-to-month,Yes,Credit card (automatic),93.09,1484.22,0,Yes
5311-XPQ,Male,1,No,No,12,Yes,No,No,No internet service,No internet service,No internet service,No internet service,No internet service,No internet service,One year,No,Electronic check,38.96,456.88,2,No
6098-IXI,Male,0,No,Yes,10,Yes,No,DSL,No,Yes,No,No,No,Yes,Month-to-month,No,Mailed check,84.25,844.52,2,Yes
1300-YKL,Female,0,Yes,No,1,Yes,No,DSL,No,No,Yes,Yes,No,Yes,Two year,Yes,Bank transfer (automatic),96.63,109.22,4,No
5501-CAH,Female,0,No,Yes,66,Yes,No,No,No internet service,No internet service,No internet service,No internet service,No internet service,No internet service,Month-to-month,Yes,Credit card (automatic),38.21,2512.66,1,No
9217-SMG,Female,0,No,No,52,Yes,Yes,DSL,Yes,Yes,No,No,Yes,Yes,Month-to-month,No,Electronic check,117.84,6130.28,2,No
6804-ZFC,Female,0,Yes,Yes,13,Yes,Yes,Fiber optic,No,No,No,No,No,Yes,Month-to-month,No,Credit card (automatic),109.19,1424.31,1,Yes
8362-MMY,Female,0,Yes,No,6,Yes,Yes,No,No internet service,No internet service,No internet service,No internet service,No internet service,No internet service,Month-to-month,Yes,Credit card (automatic),49.03,290.24,2,Yes
1204-AHE,Male,0,Yes,No,2,No,No phone service,Fiber optic,No,No,No,No,No,Yes,Month-to-month,Yes,Credit card (automatic),78.86,143.95,3,Yes
2552-IMY,Female,0,Yes,No,4,Yes,No,DSL,Yes,No,No,Yes,Yes,No,Two year,Yes,Mailed check,99.22,405.22,2,No
4748-NKY,Female,0,Yes,Yes,24,Yes,No,Fiber optic,No,No,No,Yes,Yes,Yes,Two year,Yes,Electronic check,118.54,2844.59,2,No
8390-ZNY,Male,0,Yes,No,34,Yes,No,Fiber optic,No,No,Yes,Yes,No,No,Two year,No,Mailed check,107.82,3678.56,1,No
5695-QDJ,Female,0,No,Yes,5,Yes,No,DSL,No,Yes,Yes,Yes,Yes,Yes,Month-to-month,Yes,Credit card (automatic),118.46,601.34,3,Yes
1937-OTL,Female,0,Yes,No,3,Yes,No,No,No internet service,No internet service,No internet service,No internet service,No internet service,No internet service,Month-to-month,Yes,Mailed check,41.89,113.94,1,No
1424-COL,Female,0,Yes,Yes,30,Yes,No,Fiber optic,No,No,Yes,No,Yes,No,One year,No,Bank transfer (automatic),109.72,3304.05,5,Yes
3905-OZA,Female,0,No,No,19,Yes,Yes,Fiber optic,No,No,No,Yes,No,No,One year,Yes,Bank transfer (automatic),102.05,1933.11,2,No
3694-LTY,Female,0,Yes,No,12,No,No phone service,Fiber optic,No,No,No,No,No,Yes,Two year,Yes,Mailed check,76.13,923.99,1,No
1421-VCJ,Male,0,Yes,Yes,33,Yes,No,Fiber optic,No,Yes,No,No,No,No,One year,No,Mailed check,96.62,3192.25,4,No
3100-ZVD,Female,0,No,No,16,Yes,No,Fiber optic,No,Yes,No,No,No,Yes,Month-to-month,Yes,Bank transfer (automatic),108.98,1744.48,3,Yes
9876-SEW,Female,0,No,No,16,Yes,No,DSL,Yes,No,No,No,No,No,Month-to-month,No,Mailed check,77.12,1243.94,2,No
8226-VRA,Male,0,Yes,Yes,1,Yes,No,Fiber optic,No,Yes,Yes,No,No,No,One year,Yes,Mailed check,106.57,121.46,5,Yes
8316-PPP,Female,0,No,No,10,Yes,Yes,No,No internet service,No internet service,No internet service,No internet service,No internet service,No internet service,Two year,Yes,Electronic check,48.97,498.84,5,No
6659-VSP,Male,0,No,No,1,Yes,Yes,Fiber optic,No,No,No,No,No,Yes,Month-to-month,No,Bank transfer (automatic),108.82,115.26,3,Yes
5224-TTJ,Male,0,No,No,65,Yes,Yes,No,No internet service,No internet service,No internet service,No internet service,No internet service,No internet service,One year,Yes,Bank transfer (automatic),50.39,3287.56,1,No
3401-NHF,Male,0,No,No,9,Yes,No,Fiber optic,No,Yes,No,No,No,No,Month-to-month,Yes,Bank transfer (automatic),93.18,830.9,1,Yes
8248-LSX,Female,0,No,Yes,5,No,No phone service,DSL,No,Yes,Yes,No,Yes,No,Month-to-month,No,Credit card (automatic),75.2,363.74,1,Yes
7035-CMP,Female,0,No,No,3,Yes,Yes,DSL,No,No,Yes,Yes,No,No,Month-to-month,Yes,Electronic check,93.33,285.81,3,Yes
1147-PTB,Female,0,No,No,2,Yes,No,No,No internet service,No internet service,No internet service,No internet service,No internet service,No internet service,Month-to-month,No,Bank transfer (automatic),38.0,86.26,3,Yes
5163-YDQ,Female,0,Yes,Yes,55,Yes,No,Fiber optic,No,Yes,Yes,No,Yes,No,Month-to-month,No,Electronic check,115.8,6365.81,0,No
9064-AEV,Male,0,No,Yes,5,No,No phone service,Fiber optic,No,No,No,No,No,Yes,Month-to-month,Yes,Electronic check,78.42,383.04,1,Yes
9351-FYQ,Male,0,Yes,No,25,Yes,Yes,No,No internet service,No internet service,No internet service,No internet service,No internet service,No internet service,Month-to-month,No,Mailed check,52.57,1301.43,1,No
2013-MHX,Male,0,No,No,27,Yes,Yes,Fiber optic,No,No,Yes,No,No,No,One year,Yes,Credit card (automatic),103.46,2797.17,2,No
6247-SUZ,Female,0,No,Yes,10,Yes,Yes,No,No internet service,No internet service,No internet service,No internet service,No internet service,No internet service,Month-to-month,Yes,Credit card (automatic),50.5,496.76,2,Yes
5827-QIU,Male,0,Yes,Yes,45,Yes,Yes,No,No internet service,No internet service,No internet service,No internet service,No internet service,No internet service,One year,No,Credit card (automatic),47.5,2142.14,4,No
2777-BKW,Female,0,Yes,Yes,7,Yes,No,Fiber optic,No,No,Yes,No,Yes,No,Month-to-month,No,Mailed check,107.32,760.05,1,Yes
8860-ROG,Male,0,No,No,2,No,No phone service,No,No internet service,No internet service,No internet service,No internet service,No internet service,No internet service,One year,No,Bank transfer (automatic),21.81,29.74,1,No
9527-YAR,Male,0,Yes,Yes,2,Yes,Yes,Fiber optic,Yes,No,Yes,No,No,No,Month-to-month,Yes,Electronic check,115.84,241.04,3,Yes
7458-VHG,Male,1,Yes,No,9,Yes,Yes,No,No internet service,No internet service,No internet service,No internet service,No internet service,No internet service,Month-to-month,No,Electronic check,50.35,458.63,3,Yes
7488-BLP,Female,0,No,Yes,16,Yes,No,No,No internet service,No internet service,No internet service,No internet service,No internet service,No internet service,Month-to-month,Yes,Electronic check,41.11,666.64,3,Yes
9334-CWU,Male,0,Yes,No,25,Yes,No,DSL,No,Yes,No,Yes,No,Yes,Two year,Yes,Electronic check,96.09,2397.94,1,No
8636-MBF,Male,0,No,Yes,33,Yes,Yes,No,No internet service,No internet service,No internet service,No internet service,No internet service,No internet service,One year,No,Credit card (automatic),50.67,1685.26,4,No
4435-DEW,Female,0,Yes,No,5,Yes,No,Fiber optic,No,No,Yes,Yes,No,Yes,Month-to-month,No,Mailed check,114.36,582.86,4,Yes
6799-FUC,Male,0,No,No,29,Yes,No,Fiber optic,Yes,No,No,No,Yes,Yes,One year,No,Mailed check,117.69,3412.52,6,Yes
7678-HSU,Male,0,No,No,6,Yes,No,Fiber optic,No,No,Yes,No,Yes,No,Month-to-month,Yes,Electronic check,104.98,632.8,3,Yes
5554-RJZ,Female,0,No,Yes,72,No,No phone service,DSL,No,Yes,No,No,No,No,Two year,No,Bank transfer (automatic),56.69,4084.13,5,No
1987-TLT,Female,0,No,No,72,Yes,Yes,DSL,Yes,No,No,No,No,No,One year,No,Electronic check,82.69,5968.44,0,No
2115-HSU,Female,0,No,Yes,3,Yes,Yes,DSL,No,Yes,No,No,No,No,Two year,Yes,Credit card (automatic),86.24,270.47,2,No
4567-URI,Female,0,Yes,Yes,27,Yes,No,Fiber optic,No,Yes,Yes,Yes,Yes,Yes,Month-to-month,Yes,Electronic check,138.26,3737.81,0,No
6800-YBI,Male,0,Yes,Yes,59,Yes,No,No,No internet service,No internet service,No internet service,No internet service,No internet service,No internet service,Month-to-month,Yes,Mailed check,39.63,2336.49,2,No
9017-KMF,Male,0,No,No,3,Yes,No,Fiber optic,No,Yes,No,No,Yes,No,Month-to-month,Yes,Mailed check,108.08,329.05,3,Yes
6512-PDB,Female,0,No,Yes,4,Yes,No,No,No internet service,No internet service,No internet service,No internet service,No internet service,No internet service,Month-to-month,No,Credit card (automatic),41.93,158.51,3,Yes
5358-OYF,Male,0,No,No,11,Yes,Yes,DSL,No,Yes,No,No,Yes,No,Month-to-month,Yes,Credit card (automatic),96.25,1058.77,5,Yes
2759-TQD,Male,0,No,Yes,3,Yes,Yes,No,No internet service,No internet service,No internet service,No internet service,No internet service,No internet service,Month-to-month,No,Credit card (automatic),47.87,130.39,2,No
4794-GKM,Female,0,Yes,No,55,Yes,No,Fiber optic,Yes,No,No,No,No,No,Month-to-month,Yes,Bank transfer (automatic),95.66,5251.87,4,No
7970-ZUC,Male,0,Yes,No,53,Yes,Yes,Fiber optic,Yes,Yes,Yes,Yes,Yes,Yes,One year,No,Mailed check,161.67,8570.77,1,No
7285-BRE,Male,0,Yes,No,72,Yes,Yes,No,No internet service,No internet service,No internet service,No internet service,No internet service,No internet service,One year,No,Electronic check,48.15,3472.67,1,No
5012-MXX,Male,0,No,No,6,Yes,Yes,DSL,No,Yes,No,No,No,No,Month-to-month,Yes,Bank transfer (automatic),84.88,510.07,1,Yes
2675-UMR,Female,0,No,No,2,Yes,No,Fiber optic,No,Yes,Yes,No,No,No,One year,No,Bank transfer (automatic),102.32,190.8,2,Yes
3316-DWV,Male,0,No,No,15,Yes,No,DSL,Yes,Yes,No,No,No,Yes,Two year,No,Credit card (automatic),95.38,1426.22,2,No
9137-WER,Male,0,No,No,54,Yes,Yes,No,No internet service,No internet service,No internet service,No internet service,No internet service,No internet service,Month-to-month,Yes,Bank transfer (automatic),50.47,2725.99,4,No
3983-NBH,Male,0,Yes,No,26,Yes,Yes,DSL,Yes,No,No,No,No,Yes,Month-to-month,Yes,Credit card (automatic),97.93,2556.98,5,Yes
9143-GCD,Female,0,Yes,Yes,72,Yes,Yes,DSL,Yes,No,Yes,Yes,No,No,Two year,Yes,Mailed check,103.25,7443.75,1,No
8228-GDI,Female,0,Yes,No,60,Yes,No,DSL,No,Yes,Yes,No,Yes,No,One year,No,Mailed check,99.35,5951.46,0,No
4702-QQT,Male,0,Yes,No,13,Yes,No,DSL,No,Yes,No,Yes,Yes,No,Month-to-month,No,Credit card (automatic),98.45,1289.84,3,Yes
2628-YMD,Male,0,Yes,No,2,Yes,Yes,Fiber optic,No,Yes,No,No,Yes,No,Two year,Yes,Bank transfer (automatic),117.84,234.87,6,Yes
4372-UQO,Female,0,Yes,No,1,Yes,Yes,Fiber optic,No,Yes,No,No,No,Yes,Two year,Yes,Credit card (automatic),114.94,125.07,0,No
4139-TKJ,Female,0,No,Yes,26,Yes,No,DSL,Yes,No,No,No,No,No,One year,Yes,Electronic check,74.6,1943.5,3,No
9181-HMI,Female,0,No,No,62,Yes,Yes,No,No internet service,No internet service,No internet service,No internet service,No internet service,No internet service,One year,No,Electronic check,51.91,3214.78,2,No
6725-AAO,Female,0,Yes,No,15,Yes,Yes,Fiber optic,No,No,No,No,Yes,Yes,Month-to-month,No,Electronic check,119.92,1788.41,0,Yes
6237-DTA,Male,0,No,Yes,52,Yes,No,DSL,No,No,Yes,Yes,Yes,No,Month-to-month,Yes,Credit card (automatic),94.02,4876.58,2,No
5075-KSO,Female,0,Yes,No,21,Yes,No,Fiber optic,No,No,No,Yes,No,Yes,Month-to-month,Yes,Mailed check,105.44,2212.42,2,No
8636-JAX,Female,0,No,No,3,Yes,Yes,Fiber optic,No,No,No,Yes,No,Yes,Month-to-month,No,Electronic check,118.42,346.45,1,Yes
9002-NOA,Female,0,Yes,No,41,Yes,Yes,DSL,Yes,Yes,Yes,Yes,Yes,No,Month-to-month,Yes,Electronic check,126.35,5173.89,2,No
2493-AOC,Female,0,No,No,17,Yes,Yes,Fiber optic,No,No,No,No,No,No,Month-to-month,Yes,Electronic check,94.68,1622.92,1,Yes
1372-TWV,Male,0,Yes,No,2,Yes,Yes,DSL,Yes,No,No,No,No,Yes,One year,Yes,Bank transfer (automatic),96.58,193.37,2,No
3891-SPH,Male,0,No,No,43,Yes,Yes,Fiber optic,Yes,No,Yes,No,No,Yes,One year,No,Electronic check,128.4,5511.92,0,No
4319-NRW,Male,0,No,No,36,Yes,No,No,No internet service,No internet service,No internet service,No internet service,No internet service,No internet service,Month-to-month,No,Bank transfer (automatic),39.23,1399.31,3,No
1221-ABX,Male,1,No,No,16,Yes,No,DSL,Yes,No,No,No,No,No,One year,Yes,Mailed check,76.37,1230.56,5,No
4888-BQU,Female,1,No,Yes,1,No,No phone service,No,No internet service,No internet service,No internet service,No internet service,No internet service,No internet service,Month-to-month,No,Credit card (automatic),22.46,24.95,1,Yes
4270-FFV,Male,0,Yes,No,11,Yes,Yes,DSL,Yes,No,No,No,No,No,Month-to-month,Yes,Electronic check,82.84,913.72,1,Yes
8566-ZGC,Male,0,Yes,No,15,No,No phone service,DSL,No,No,No,Yes,No,No,Month-to-month,Yes,Bank transfer (automatic),57.87,865.8,4,Yes
5757-CAA,Female,0,Yes,No,5,Yes,No,Fiber optic,No,Yes,No,Yes,No,No,Month-to-month,Yes,Bank transfer (automatic),104.03,510.13,1,Yes
2554-DBY,Male,1,No,No,5,Yes,No,DSL,No,No,No,Yes,Yes,No,Two year,No,Bank transfer (automatic),89.68,453.7,1,No
1087-LMP,Male,0,Yes,No,5,Yes,No,DSL,No,No,No,No,Yes,No,Month-to-month,Yes,Electronic check,76.89,389.94,3,Yes
3418-WTU,Male,0,Yes,Yes,12,Yes,Yes,Fiber optic,Yes,No,No,No,No,Yes,Month-to-month,No,Electronic check,117.77,1402.68,1,Yes
2747-IPG,Female,0,Yes,No,43,Yes,Yes,DSL,Yes,Yes,No,No,No,No,Month-to-month,No,Electronic check,96.74,4152.13,5,No
8043-MHB,Female,0,No,No,36,Yes,No,Fiber optic,No,No,No,Yes,No,Yes,One year,Yes,Electronic check,105.23,3774.95,2,No
7886-KQX,Female,0,Yes,Yes,1,No,No phone service,Fiber optic,Yes,Yes,Yes,No,No,No,Month-to-month,No,Bank transfer (automatic),94.1,97.13,1,Yes
9796-NMO,Male,0,Yes,Yes,1,Yes,No,DSL,No,No,No,No,No,Yes,Month-to-month,Yes,Credit card (automatic),75.93,78.09,3,Yes
1213-UYI,Female,0,Yes,No,3,Yes,No,No,No internet service,No internet service,No internet service,No internet service,No internet service,No internet service,One year,Yes,Bank transfer (automatic),42.0,131.65,1,No
7238-MIR,Female,0,Yes,Yes,16,Yes,Yes,DSL,No,No,No,No,No,Yes,Month-to-month,Yes,Credit card (automatic),84.17,1341.6,2,No
8972-KBQ,Male,0,No,No,55,Yes,Yes,DSL,No,No,No,Yes,Yes,No,Month-to-month,Yes,Electronic check,95.74,5264.12,0,No
1822-TUD,Female,0,Yes,No,6,Yes,No,No,No internet service,No internet service,No internet service,No internet service,No internet service,No internet service,One year,Yes,Bank transfer (automatic),39.54,246.25,1,No
9117-RXT,Male,1,No,No,17,Yes,No,Fiber optic,No,No,No,No,Yes,No,Month-to-month,No,Mailed check,94.1,1584.72,2,Yes
5583-SLK,Male,0,No,Yes,2,No,No phone service,Fiber optic,No,No,Yes,No,No,Yes,Month-to-month,No,Electronic check,86.05,166.16,0,Yes
8983-ECL,Female,0,Yes,No,1,Yes,Yes,DSL,No,Yes,No,No,No,No,Two year,No,Bank transfer (automatic),84.29,80.37,0,No
5814-PMG,Male,0,No,No,1,No,No phone service,Fiber optic,Yes,No,Yes,No,No,No,Month-to-month,Yes,Bank transfer (automatic),82.79,85.0,1,Yes
7958-CLH,Male,0,No,Yes,34,Yes,Yes,Fiber optic,No,No,No,No,No,Yes,Two year,Yes,Credit card (automatic),109.46,3721.98,5,No
7360-LRC,Male,0,Yes,No,1,Yes,Yes,DSL,No,No,No,No,No,Yes,Month-to-month,No,Electronic check,89.12,79.4,0,Yes
8627-WUZ,Female,0,No,Yes,8,Yes,No,No,No internet service,No internet service,No internet service,No internet service,No internet service,No internet service,Month-to-month,Yes,Bank transfer (automatic),40.25,311.65,4,Yes
6825-NND,Male,0,No,No,26,Yes,No,No,No internet service,No internet service,No internet service,No internet service,No internet service,No internet service,Month-to-month,Yes,Bank transfer (automatic),42.91,1122.44,3,No
7032-OPE,Female,0,Yes,No,25,No,No phone service,No,No internet service,No internet service,No internet service,No internet service,No internet service,No internet service,Month-to-month,No,Bank transfer (automatic),22.02,548.85,2,No
3870-GWO,Female,0,No,Yes,2,Yes,No,No,No internet service,No internet service,No internet service,No internet service,No internet service,No internet service,Two year,Yes,Electronic check,37.33,74.31,4,No
6968-LKS,Male,0,No,No,8,Yes,No,DSL,No,No,No,Yes,Yes,No,Month-to-month,Yes,Mailed check,84.88,667.81,4,Yes
2098-BOE,Male,0,Yes,Yes,26,Yes,Yes,DSL,No,No,No,No,No,No,Two year,No,Bank transfer (automatic),73.28,1896.97,3,No
8452-UUP,Male,0,Yes,No,13,Yes,No,DSL,No,Yes,No,No,Yes,No,One year,Yes,Electronic check,84.92,1093.95,1,No
5323-WJV,Male,0,No,No,16,Yes,No,DSL,No,No,No,Yes,Yes,Yes,Two year,Yes,Electronic check,99.64,1590.36,1,No
9063-BOD,Male,0,Yes,Yes,6,Yes,No,No,No internet service,No internet service,No internet service,No internet service,No internet service,No internet service,Month-to-month,Yes,Bank transfer (automatic),41.21,242.5,3,Yes
6116-PGY,Female,1,Yes,Yes,1,Yes,No,No,No internet service,No internet service,No internet service,No internet service,No internet service,No internet service,Two year,Yes,Bank transfer (automatic),42.41,39.76,2,No
3808-LCQ,Female,0,No,No,11,Yes,Yes,No,No internet service,No internet service,No internet service,No internet service,No internet service,No internet service,Two year,Yes,Electronic check,51.85,573.29,2,No
9479-HWF,Male,0,Yes,No,29,Yes,No,Fiber optic,No,Yes,No,No,Yes,Yes,Month-to-month,No,Bank transfer (automatic),116.95,3381.8,2,Yes
3333-OJW,Female,1,No,No,37,Yes,No,Fiber optic,No,Yes,No,No,No,Yes,Two year,Yes,Mailed check,104.2,3862.42,2,No
8544-FON,Female,0,No,No,23,Yes,Yes,Fiber optic,Yes,No,No,No,No,No,One year,No,Electronic check,104.68,2399.98,3,Yes
2471-ZSM,Female,0,No,No,13,Yes,Yes,No,No internet service,No internet service,No internet service,No internet service,No internet service,No internet service,One year,Yes,Electronic check,52.84,695.24,1,No
2730-DZN,Male,0,Yes,No,22,Yes,Yes,DSL,No,No,No,No,No,Yes,Two year,Yes,Bank transfer (automatic),86.75,1908.32,3,No
6534-NZH,Female,0,No,No,31,Yes,Yes,Fiber optic,Yes,Yes,No,No,No,No,Month-to-month,Yes,Electronic check,114.9,3558.07,1,Yes
9009-INH,Female,0,No,No,36,Yes,Yes,Fiber optic,No,No,No,No,Yes,No,One year,Yes,Electronic check,108.04,3887.35,1,No
5714-JRD,Female,1,Yes,No,3,Yes,No,No,No internet service,No internet service,No internet service,No internet service,No internet service,No internet service,Month-to-month,Yes,Bank transfer (automatic),37.15,115.63,3,Yes
7091-RHC,Male,0,No,Yes,41,Yes,Yes,DSL,No,Yes,Yes,No,No,Yes,Month-to-month,Yes,Mailed check,108.74,4456.03,3,No
4665-GAV,Female,0,Yes,No,2,Yes,Yes,Fiber optic,No,Yes,Yes,Yes,Yes,No,Month-to-month,No,Electronic check,138.85,267.1,3,Yes
2612-CCO,Male,0,Yes,No,52,Yes,No,No,No internet service,No internet service,No internet service,No internet service,No internet service,No internet service,Month-to-month,No,Credit card (automatic),39.1,2039.31,2,No
2947-DMM,Female,0,Yes,No,13,Yes,No,Fiber optic,Yes,Yes,No,No,Yes,No,Two year,No,Bank transfer (automatic),116.29,1525.66,1,No
7066-PGC,Male,1,No,No,20,Yes,No,DSL,No,No,Yes,No,Yes,Yes,One year,Yes,Electronic check,96.94,1928.71,0,No
6469-ZTB,Female,0,No,No,9,Yes,Yes,Fiber optic,No,No,Yes,No,No,No,Month-to-month,Yes,Electronic check,102.32,914.42,1,Yes
8704-KAP,Male,0,No,No,14,Yes,Yes,DSL,No,No,Yes,No,Yes,No,Month-to-month,Yes,Mailed check,99.74,1405.65,3,Yes
7512-PJQ,Female,0,No,Yes,47,Yes,No,Fiber optic,No,Yes,Yes,No,Yes,No,Month-to-month,Yes,Credit card (automatic),114.8,5404.08,3,Yes
8965-CRS,Male,0,No,No,9,Yes,No,Fiber optic,No,Yes,No,No,Yes,Yes,Two year,Yes,Mailed check,121.64,1081.79,0,No
9301-UYB,Male,0,No,No,21,Yes,No,No,No internet service,No internet service,No internet service,No internet service,No internet service,No internet service,Month-to-month,No,Credit card (automatic),40.79,853.11,4,Yes
6407-LKQ,Female,0,No,No,27,No,No phone service,DSL,No,No,No,No,No,No,One year,No,Bank transfer (automatic),47.92,1305.98,3,No
3042-FSM,Female,0,No,Yes,4,Yes,No,DSL,No,No,No,No,Yes,No,Two year,Yes,Electronic check,76.71,306.81,0,No
4558-VKG,Male,1,Yes,Yes,38,Yes,No,Fiber optic,Yes,Yes,Yes,Yes,No,Yes,One year,Yes,Electronic check,138.89,5267.6,3,No
4884-MUA,Male,0,Yes,No,72,Yes,Yes,DSL,No,No,No,No,Yes,No,Month-to-month,No,Credit card (automatic),85.53,6155.39,4,No
8517-SSW,Female,0,Yes,No,5,Yes,No,Fiber optic,Yes,Yes,No,Yes,Yes,Yes,Month-to-month,Yes,Credit card (automatic),136.41,696.58,6,Yes
5397-CUT,Male,0,Yes,No,37,Yes,No,No,No internet service,No internet service,No internet service,No internet service,No internet service,No internet service,Two year,Yes,Bank transfer (automatic),41.14,1516.27,1,No
4392-WXS,Female,0,Yes,No,4,Yes,Yes,Fiber optic,No,No,Yes,No,Yes,Yes,Month-to-month,Yes,Credit card (automatic),131.36,513.62,3,Yes
8138-TOM,Female,1,No,Yes,72,Yes,No,DSL,No,Yes,No,No,Yes,No,Month-to-month,No,Credit card (automatic),84.39,6071.71,1,No
9556-DLG,Male,0,No,No,14,Yes,No,Fiber optic,Yes,No,Yes,No,No,No,One year,Yes,Electronic check,105.11,1457.23,0,No
4199-BQA,Female,0,No,No,72,Yes,No,DSL,No,Yes,Yes,No,Yes,No,One year,Yes,Mailed check,98.02,7057.36,2,No
7941-VUA,Male,0,Yes,No,2,Yes,Yes,No,No internet service,No internet service,No internet service,No internet service,No internet service,No internet service,Month-to-month,No,Electronic check,51.23,110.77,2,Yes
1921-CKG,Female,0,No,Yes,40,Yes,No,Fiber optic,No,Yes,No,No,No,Yes,Month-to-month,Yes,Credit card (automatic),104.29,4174.82,2,No
4995-YIV,Female,0,Yes,No,17,Yes,No,No,No internet service,No internet service,No internet service,No internet service,No internet service,No internet service,One year,No,Electronic check,42.19,714.04,5,Yes
2474-ASZ,Female,1,No,No,9,Yes,No,No,No internet service,No internet service,No internet service,No internet service,No internet service,No internet service,Month-to-month,No,Bank transfer (automatic),38.94,343.33,1,No
8098-UXE,Female,1,No,Yes,35,Yes,No,No,No internet service,No internet service,No internet service,No internet service,No internet service,No internet service,Month-to-month,Yes,Bank transfer (automatic),38.77,1345.59,2,No
7719-QSE,Female,0,No,No,26,Yes,Yes,DSL,No,Yes,No,No,No,Yes,Two year,Yes,Electronic check,94.39,2449.59,3,No
8286-UNJ,Female,0,Yes,No,59,Yes,No,No,No internet service,No internet service,No internet service,No internet service,No internet service,No internet service,Month-to-month,Yes,Credit card (automatic),40.54,2385.99,4,No
5788-GHH,Female,0,No,No,8,Yes,Yes,No,No internet service,No internet service,No internet service,No internet service,No internet service,No internet service,Month-to-month,Yes,Bank transfer (automatic),49.46,396.02,1,No
4201-QFI,Female,0,Yes,No,71,Yes,No,Fiber optic,No,No,Yes,Yes,No,No,Month-to-month,No,Credit card (automatic),107.69,7636.92,4,No
8556-IYG,Female,0,No,No,26,No,No phone service,No,No internet service,No internet service,No internet service,No internet service,No internet service,No internet service,Month-to-month,Yes,Mailed check,18.5,479.55,1,No
7755-RRT,Female,0,No,Yes,15,Yes,No,DSL,No,No,Yes,Yes,No,No,Two year,No,Credit card (automatic),83.59,1257.79,3,No
8728-DVP,Female,0,No,No,2,Yes,No,Fiber optic,No,No,No,No,No,Yes,Two year,No,Credit card (automatic),95.54,202.84,4,Yes
3422-EIB,Female,0,Yes,Yes,37,Yes,No,DSL,No,No,No,No,Yes,No,Month-to-month,Yes,Bank transfer (automatic),79.66,2939.21,3,No
6985-DTT,Male,0,No,Yes,49,Yes,No,DSL,No,Yes,No,Yes,Yes,Yes,Month-to-month,Yes,Mailed check,106.91,5234.37,3,No
9784-TUY,Male,0,Yes,No,42,Yes,No,Fiber optic,No,Yes,No,No,No,No,Month-to-month,Yes,Credit card (automatic),97.93,4112.08,3,No
7462-CEJ,Female,0,Yes,No,34,Yes,No,DSL,No,No,Yes,Yes,No,No,Month-to-month,Yes,Credit card (automatic),87.44,2977.53,2,No
5293-CQJ,Female,0,No,Yes,72,Yes,Yes,DSL,No,Yes,No,No,Yes,Yes,Month-to-month,No,Electronic check,111.13,8001.38,8,Yes
6399-LAR,Male,0,Yes,No,48,Yes,Yes,DSL,No,Yes,No,No,No,Yes,One year,Yes,Mailed check,97.57,4671.95,0,No
2906-VTD,Female,0,No,No,66,Yes,No,Fiber optic,Yes,No,Yes,No,Yes,Yes,Month-to-month,No,Electronic check,131.89,8705.39,3,No
9398-IFL,Female,0,Yes,No,33,Yes,No,DSL,Yes,No,No,No,No,Yes,Month-to-month,Yes,Electronic check,85.75,2840.0,3,No
2873-WOS,Female,0,No,Yes,43,Yes,No,No,No internet service,No internet service,No internet service,No internet service,No internet service,No internet service,Month-to-month,No,Electronic check,39.05,1671.29,4,No
3088-VXM,Male,1,No,Yes,9,Yes,Yes,Fiber optic,No,No,No,No,No,Yes,Month-to-month,Yes,Electronic check,108.28,960.4,1,Yes
7880-RVC,Female,0,No,No,28,Yes,No,Fiber optic,No,Yes,Yes,No,Yes,No,One year,No,Mailed check,118.07,3317.39,3,No
1528-VEY,Male,0,No,No,6,Yes,No,DSL,No,No,No,No,No,No,One year,No,Credit card (automatic),67.01,394.32,1,No
7021-UQQ,Male,0,No,Yes,2,Yes,No,DSL,No,No,Yes,No,No,No,Month-to-month,Yes,Bank transfer (automatic),76.47,161.66,0,Yes
5320-GVP,Female,0,No,No,22,Yes,No,DSL,No,Yes,No,No,No,No,Two year,Yes,Credit card (automatic),76.02,1677.64,2,No
7052-PDK,Male,0,No,No,39,Yes,No,DSL,Yes,No,Yes,No,No,Yes,Month-to-month,No,Electronic check,98.83,3843.98,1,No
6196-XHU,Male,1,No,Yes,3,Yes,No,Fiber optic,No,No,No,No,No,No,One year,Yes,Bank transfer (automatic),87.92,264.12,4,Yes
2470-TOR,Male,0,No,No,6,Yes,Yes,Fiber optic,Yes,Yes,Yes,No,Yes,Yes,One year,Yes,Mailed check,149.67,892.9,2,Yes
2382-USY,Female,0,Yes,No,3,No,No phone service,Fiber optic,Yes,Yes,No,No,No,Yes,Month-to-month,No,Electronic check,97.12,303.41,2,Yes
8114-JNP,Female,1,Yes,Yes,26,Yes,Yes,DSL,No,No,No,No,No,Yes,Month-to-month,No,Electronic check,84.91,2212.74,3,No
8962-HAL,Male,0,Yes,Yes,3,Yes,Yes,Fiber optic,No,Yes,No,Yes,Yes,Yes,One year,Yes,Electronic check,138.38,418.88,3,Yes
3594-BPD,Female,1,No,No,3,Yes,No,Fiber optic,Yes,No,Yes,No,Yes,No,Month-to-month,Yes,Electronic check,117.31,342.06,3,Yes
9139-XQT,Male,1,Yes,No,8,Yes,No,DSL,No,No,No,No,No,No,One year,Yes,Electronic check,62.28,512.3,2,No
6725-JTH,Female,1,No,Yes,8,Yes,No,Fiber optic,Yes,No,No,No,No,No,Month-to-month,No,Electronic check,97.8,771.36,3,Yes
1124-BLJ,Female,0,Yes,No,21,Yes,No,DSL,No,Yes,No,No,No,No,Month-to-month,Yes,Credit card (automatic),72.51,1529.91,1,No
5807-SJK,Male,0,No,Yes,1,Yes,Yes,No,No internet service,No internet service,No internet service,No internet service,No internet service,No internet service,Month-to-month,Yes,Bank transfer (automatic),52.99,66.48,2,Yes
6517-ZOX,Female,0,No,No,24,Yes,No,Fiber optic,No,No,No,No,No,Yes,Two year,Yes,Mailed check,95.48,2289.97,0,No
2654-JDG,Male,0,Yes,Yes,14,Yes,Yes,DSL,No,No,No,Yes,Yes,No,Month-to-month,No,Mailed check,98.34,1370.17,3,Yes
1394-XVV,Female,1,No,No,5,Yes,No,DSL,Yes,Yes,Yes,No,Yes,No,Month-to-month,No,Bank transfer (automatic),106.9,538.09,1,No
8106-EZB,Male,0,No,No,27,Yes,Yes,No,No internet service,No internet service,No internet service,No internet service,No internet service,No internet service,Month-to-month,Yes,Bank transfer (automatic),47.33,1281.62,1,No
5628-EGD,Female,0,Yes,No,10,Yes,Yes,DSL,No,Yes,No,No,Yes,Yes,Month-to-month,No,Credit card (automatic),107.32,1077.76,3,Yes
7269-KVI,Male,0,No,No,44,Yes,No,DSL,No,Yes,No,Yes,Yes,No,One year,No,Electronic check,99.78,4394.28,2,No
7755-VIZ,Female,0,No,No,72,Yes,No,Fiber optic,No,Yes,No,No,Yes,Yes,One year,Yes,Electronic check,119.13,8563.78,0,No
9903-ATS,Female,0,No,No,38,No,No phone service,Fiber optic,No,No,No,No,No,No,Month-to-month,Yes,Electronic check,66.93,2532.43,0,No
7595-NWN,Male,1,No,No,34,No,No phone service,No,No internet service,No internet service,No internet service,No internet service,No internet service,No internet service,Month-to-month,No,Mailed check,22.42,761.97,5,Yes
3568-IZQ,Female,0,No,No,11,No,No phone service,Fiber optic,No,Yes,Yes,No,No,Yes,One year,Yes,Electronic check,94.13,1034.93,4,Yes
2897-QID,Male,0,No,No,20,No,No phone service,No,No internet service,No internet service,No internet service,No internet service,No internet service,No internet service,Month-to-month,No,Credit card (automatic),21.33,423.7,3,No
1699-NCY,Female,0,No,No,2,Yes,No,Fiber optic,No,Yes,Yes,No,No,No,One year,Yes,Mailed check,104.53,217.18,2,Yes
9704-AMN,Male,0,No,No,33,Yes,No,DSL,No,Yes,No,No,Yes,No,Month-to-month,Yes,Credit card (automatic),84.65,2781.84,5,Yes
9623-GJO,Male,0,Yes,Yes,29,Yes,No,DSL,No,Yes,No,Yes,Yes,Yes,Month-to-month,Yes,Bank transfer (automatic),108.73,3153.36,2,No
2279-KXN,Male,0,Yes,Yes,8,Yes,No,Fiber optic,No,Yes,No,No,No,No,Month-to-month,No,Mailed check,97.67,773.82,3,Yes
6164-WMI,Male,0,No,No,20,Yes,Yes,Fiber optic,No,No,No,Yes,No,Yes,Month-to-month,No,Credit card (automatic),116.84,2338.03,2,Yes
3768-RSM,Male,0,No,No,29,Yes,No,Fiber optic,Yes,No,No,No,Yes,No,Month-to-month,Yes,Credit card (automatic),105.4,3057.72,0,No
6259-UTT,Male,0,Yes,No,12,No,No phone service,DSL,Yes,No,No,No,No,Yes,One year,No,Bank transfer (automatic),66.87,787.59,0,No
8198-HXK,Male,0,No,No,33,Yes,No,DSL,Yes,No,No,No,No,Yes,Month-to-month,Yes,Credit card (automatic),86.77,2863.22,3,No
7054-AJO,Male,0,Yes,No,40,Yes,No,DSL,No,Yes,No,No,No,Yes,Two year,Yes,Mailed check,85.79,3425.45,2,No
4978-ESS,Female,0,No,Yes,7,Yes,No,No,No internet service,No internet service,No internet service,No internet service,No internet service,No internet service,One year,Yes,Electronic check,40.03,283.2,1,No
9646-MTU,Female,0,No,Yes,9,Yes,Yes,No,No internet service,No internet service,No internet service,No internet service,No internet service,No internet service,Month-to-month,Yes,Mailed check,50.3,440.18,1,No
3655-BVI,Female,0,No,No,13,Yes,No,DSL,Yes,Yes,No,No,Yes,Yes,Month-to-month,No,Mailed check,107.57,1412.32,3,Yes
7447-HXR,Female,0,No,Yes,7,Yes,No,DSL,Yes,Yes,Yes,Yes,Yes,No,Month-to-month,Yes,Electronic check,119.96,848.7,1,Yes
9791-KQH,Male,0,No,No,38,Yes,No,DSL,No,No,Yes,Yes,Yes,No,One year,Yes,Mailed check,96.21,3663.77,4,No
3258-HFW,Male,0,Yes,Yes,22,Yes,No,DSL,Yes,No,Yes,No,Yes,No,Month-to-month,Yes,Credit card (automatic),98.27,2164.15,1,No
8841-OAF,Female,0,No,No,12,Yes,No,No,No internet service,No internet service,No internet service,No internet service,No internet service,No internet service,Month-to-month,Yes,Electronic check,42.54,505.59,2,Yes
1571-SDM,Female,0,No,Yes,1,Yes,Yes,No,No internet service,No internet service,No internet service,No internet service,No internet service,No internet service,Month-to-month,Yes,Bank transfer (automatic),47.96,52.57,3,Yes
7609-RFR,Male,1,No,Yes,10,No,No phone service,DSL,Yes,Yes,Yes,Yes,Yes,No,One year,Yes,Credit card (automatic),94.93,961.91,4,No
1170-GWW,Female,0,Yes,Yes,46,Yes,Yes,DSL,No,Yes,Yes,No,Yes,No,Two year,No,Bank transfer (automatic),106.38,4906.2,1,No
1188-RGJ,Male,1,No,No,35,Yes,Yes,Fiber optic,No,Yes,No,No,No,No,Two year,Yes,Electronic check,106.92,3743.65,0,No
6927-XNR,Female,0,Yes,Yes,2,Yes,No,DSL,No,Yes,No,Yes,No,No,One year,No,Mailed check,85.83,184.17,1,No
6301-YVZ,Male,0,Yes,Yes,41,Yes,No,DSL,No,No,Yes,No,No,No,One year,Yes,Mailed check,74.72,3068.27,4,No
6193-ZOF,Male,0,No,No,5,Yes,No,Fiber optic,No,Yes,No,No,No,Yes,Two year,Yes,Electronic check,106.61,532.59,2,No
3024-JWQ,Female,0,Yes,Yes,72,No,No phone service,DSL,No,No,No,Yes,No,Yes,Month-to-month,Yes,Electronic check,67.54,4877.04,3,No
9832-NDB,Female,0,Yes,Yes,51,Yes,Yes,Fiber optic,No,No,No,No,Yes,No,Month-to-month,Yes,Bank transfer (automatic),105.56,5382.28,2,No
8202-GWN,Male,0,Yes,No,62,Yes,No,DSL,No,Yes,No,No,No,Yes,Month-to-month,Yes,Credit card (automatic),88.96,5528.72,1,No
4537-OAY,Female,0,No,No,37,Yes,Yes,DSL,No,Yes,Yes,No,No,Yes,Month-to-month,Yes,Credit card (automatic),105.9,3910.05,2,No
7818-YOD,Female,0,Yes,No,32,Yes,No,DSL,No,Yes,No,No,No,No,Month-to-month,No,Electronic check,75.53,2412.74,3,No
3089-FMG,Male,0,Yes,No,8,Yes,No,DSL,No,No,No,No,Yes,No,Month-to-month,Yes,Mailed check,74.25,600.6,3,Yes
4321-VAV,Female,0,No,No,23,Yes,Yes,DSL,No,No,Yes,No,Yes,No,One year,No,Bank transfer (automatic),96.26,2210.81,2,No
7893-FES,Female,1,Yes,Yes,30,Yes,Yes,Fiber optic,No,No,No,Yes,No,No,Month-to-month,No,Bank transfer (automatic),106.11,3176.97,1,No
6082-ZMG,Male,1,Yes,No,9,Yes,No,Fiber optic,No,No,Yes,Yes,Yes,Yes,Month-to-month,No,Bank transfer (automatic),126.62,1133.46,3,Yes
9839-NSS,Male,0,No,No,13,Yes,Yes,Fiber optic,No,Yes,Yes,No,Yes,No,Month-to-month,Yes,Credit card (automatic),128.63,1661.69,5,Yes
7806-ZLW,Male,0,No,No,72,Yes,No,DSL,No,Yes,Yes,No,No,Yes,Month-to-month,Yes,Mailed check,95.49,6862.15,5,No
5104-NFO,Female,1,No,No,14,Yes,Yes,No,No internet service,No internet service,No internet service,No internet service,No internet service,No internet service,Month-to-month,Yes,Mailed check,52.4,745.57,2,No
1012-GKJ,Male,0,Yes,No,10,Yes,No,DSL,Yes,No,Yes,No,Yes,No,One year,No,Electronic check,96.35,966.87,5,Yes
8392-GRW,Female,1,No,No,3,Yes,Yes,No,No internet service,No internet service,No internet service,No internet service,No internet service,No internet service,One year,Yes,Electronic check,51.63,154.92,1,No
4138-IEW,Female,0,No,No,11,No,No phone service,DSL,No,No,No,No,Yes,No,Month-to-month,Yes,Electronic check,57.59,639.48,3,Yes
7327-MPP,Female,0,Yes,Yes,24,Yes,No,Fiber optic,No,No,No,No,Yes,Yes,Month-to-month,Yes,Bank transfer (automatic),108.51,2615.98,1,Yes
2002-QGO,Female,0,No,Yes,4,Yes,Yes,DSL,Yes,Yes,Yes,No,Yes,Yes,Month-to-month,No,Electronic check,128.56,509.13,6,Yes
2765-FRS,Male,0,No,Yes,24,Yes,Yes,DSL,No,Yes,No,Yes,No,No,Month-to-month,Yes,Bank transfer (automatic),92.21,2213.04,0,No
3291-SBC,Female,0,Yes,Yes,34,Yes,No,Fiber optic,No,Yes,Yes,Yes,Yes,No,Two year,Yes,Electronic check,128.18,4344.52,1,No
9429-VYD,Female,0,No,No,37,Yes,Yes,DSL,No,No,No,No,Yes,Yes,One year,No,Electronic check,101.02,3746.14,2,No
7453-QFS,Female,0,Yes,No,72,Yes,Yes,Fiber optic,No,No,Yes,Yes,No,No,One year,Yes,Electronic check,113.28,8143.28,2,No
8720-DGD,Male,1,No,No,15,Yes,No,DSL,No,No,No,No,Yes,No,One year,Yes,Bank transfer (automatic),78.92,1181.42,4,No
2642-VWB,Male,1,No,Yes,1,No,No phone service,No,No internet service,No internet service,No internet service,No internet service,No internet service,No internet service,Month-to-month,No,Mailed check,21.48,28.01,2,Yes
4909-HOM,Male,0,Yes,Yes,49,Yes,No,DSL,Yes,No,Yes,No,Yes,No,Month-to-month,Yes,Electronic check,99.29,4863.42,3,No
9638-VBT,Female,0,No,No,3,Yes,Yes,Fiber optic,Yes,No,No,Yes,Yes,Yes,Month-to-month,Yes,Bank transfer (automatic),141.47,423.52,1,Yes
2422-GXZ,Female,0,No,No,50,Yes,No,Fiber optic,Yes,Yes,No,No,Yes,No,Month-to-month,Yes,Credit card (automatic),115.52,5787.06,2,No
3609-JOE,Male,0,Yes,No,72,Yes,Yes,DSL,No,Yes,Yes,No,No,Yes,Two year,No,Electronic check,104.87,7547.27,5,No
9250-XKH,Male,0,No,No,60,Yes,Yes,DSL,Yes,Yes,No,No,Yes,No,Month-to-month,No,Bank transfer (automatic),109.29,6571.78,2,No
5926-UHF,Female,0,Yes,Yes,72,Yes,No,No,No internet service,No internet service,No internet service,No internet service,No internet service,No internet service,Month-to-month,Yes,Bank transfer (automatic),41.75,3012.4,1,No
7444-NKT,Male,0,No,No,1,Yes,No,No,No internet service,No internet service,No internet service,No internet service,No internet service,No internet service,Month-to-month,Yes,Credit card (automatic),37.16,45.57,3,Yes
8659-TAC,Female,0,Yes,No,1,No,No phone service,DSL,No,Yes,No,Yes,No,No,Month-to-month,Yes,Electronic check,66.42,56.32,4,Yes
7503-WLO,Male,0,Yes,Yes,6,Yes,Yes,DSL,No,Yes,Yes,Yes,Yes,Yes,One year,Yes,Bank transfer (automatic),128.02,772.1,2,No
7486-CYV,Female,0,Yes,Yes,41,No,No phone service,DSL,No,No,Yes,No,Yes,Yes,Month-to-month,Yes,Electronic check,78.57,3213.27,3,No
6521-KLW,Female,0,No,No,3,Yes,Yes,Fiber optic,No,No,Yes,Yes,No,No,Month-to-month,No,Electronic check,115.62,338.22,8,Yes
7842-EDI,Female,1,No,No,35,Yes,Yes,Fiber optic,No,Yes,No,Yes,No,No,Two year,Yes,Bank transfer (automatic),117.73,4132.88,3,No
8278-BWM,Male,0,No,No,1,Yes,No,Fiber optic,Yes,Yes,No,No,Yes,No,Month-to-month,No,Mailed check,114.64,106.26,5,Yes
4334-WQH,Male,0,No,No,33,Yes,Yes,DSL,No,No,Yes,Yes,Yes,No,Two year,Yes,Mailed check,104.07,3439.47,2,No
6361-OOE,Female,0,Yes,No,8,Yes,No,DSL,Yes,Yes,No,No,Yes,No,Two year,No,Credit card (automatic),97.93,773.23,1,No
7881-PEW,Male,0,Yes,Yes,15,Yes,Yes,Fiber optic,No,No,No,Yes,No,No,One year,No,Electronic check,102.02,1545.19,2,No
8940-THK,Female,0,No,No,72,Yes,Yes,DSL,No,No,No,No,No,No,Month-to-month,Yes,Electronic check,77.96,5600.07,2,No
1333-XQJ,Male,1,Yes,No,21,Yes,Yes,DSL,No,No,Yes,No,No,Yes,One year,Yes,Mailed check,94.42,1975.94,1,No
3945-CMQ,Male,0,Yes,No,2,No,No phone service,No,No internet service,No internet service,No internet service,No internet service,No internet service,No internet service,Two year,Yes,Mailed check,19.84,49.21,2,No
3665-HDM,Female,1,No,No,52,Yes,Yes,Fiber optic,Yes,No,No,Yes,No,No,Month-to-month,Yes,Mailed check,114.87,5979.73,4,No
3684-GGP,Male,0,Yes,No,10,Yes,Yes,Fiber optic,Yes,Yes,No,No,Yes,No,Month-to-month,No,Mailed check,125.55,1266.77,3,Yes
5442-EQJ,Male,0,Yes,Yes,23,Yes,Yes,DSL,Yes,Yes,Yes,No,No,Yes,One year,No,Electronic check,114.36,2634.32,3,No
4971-WNE,Female,0,Yes,No,32,Yes,Yes,No,No internet service,No internet service,No internet service,No internet service,No internet service,No internet service,One year,Yes,Credit card (automatic),51.49,1651.59,2,No
2729-NXR,Female,0,Yes,No,38,No,No phone service,No,No internet service,No internet service,No internet service,No internet service,No internet service,No internet service,Month-to-month,Yes,Electronic check,22.26,846.86,1,No
1026-XKP,Female,0,No,Yes,15,No,No phone service,Fiber optic,No,Yes,No,No,No,No,Month-to-month,No,Electronic check,73.9,1107.22,0,Yes
7801-PUD,Female,0,Yes,No,38,Yes,No,DSL,No,No,Yes,No,No,No,Month-to-month,Yes,Electronic check,77.05,2924.81,1,No
8456-NLX,Male,0,Yes,No,4,No,No phone service,DSL,Yes,No,Yes,No,Yes,No,Month-to-month,No,Mailed check,79.47,323.92,2,No
5137-SDT,Male,1,No,Yes,19,Yes,Yes,DSL,Yes,No,No,Yes,No,No,Two year,No,Bank transfer (automatic),97.87,1853.37,4,No
2986-YDZ,Female,0,No,Yes,1,Yes,No,DSL,No,Yes,Yes,No,Yes,No,One year,No,Electronic check,98.2,94.9,3,Yes
4786-PDF,Male,0,No,No,14,Yes,No,No,No internet service,No internet service,No internet service,No internet service,No internet service,No internet service,Month-to-month,Yes,Bank transfer (automatic),39.59,553.76,0,No
8262-HMW,Female,0,No,Yes,12,Yes,Yes,No,No internet service,No internet service,No internet service,No internet service,No internet service,No internet service,Month-to-month,Yes,Electronic check,52.07,616.34,2,Yes
7659-EJE,Female,0,No,No,72,Yes,Yes,DSL,Yes,Yes,No,No,No,Yes,One year,Yes,Bank transfer (automatic),106.74,7688.36,3,No
4883-AXJ,Female,0,No,No,13,Yes,No,No,No internet service,No internet service,No internet service,No internet service,No internet service,No internet service,One year,Yes,Mailed check,41.69,547.01,1,No
2820-ESS,Male,1,No,No,60,Yes,No,Fiber optic,Yes,No,No,No,No,Yes,One year,Yes,Mailed check,109.47,6553.67,0,No
3463-LWP,Male,0,No,No,15,No,No phone service,Fiber optic,Yes,No,Yes,No,No,Yes,Month-to-month,No,Credit card (automatic),97.85,1458.41,2,Yes
5976-NLM,Male,0,No,Yes,20,Yes,Yes,DSL,No,Yes,Yes,No,No,No,Two year,No,Mailed check,96.32,1924.28,2,No
8501-EVW,Female,0,Yes,No,11,Yes,Yes,DSL,Yes,No,Yes,No,Yes,No,Month-to-month,Yes,Mailed check,108.5,1197.47,3,Yes
2540-RNR,Female,0,No,No,26,Yes,No,DSL,Yes,No,Yes,No,No,Yes,Month-to-month,No,Electronic check,98.9,2574.54,0,No
8488-GQC,Male,0,Yes,No,34,Yes,Yes,DSL,No,No,Yes,Yes,Yes,Yes,One year,Yes,Electronic check,118.06,4001.57,1,No
2961-GLV,Male,1,No,No,40,Yes,Yes,DSL,No,Yes,No,No,No,No,Month-to-month,Yes,Electronic check,87.43,3488.25,0,No
9670-OWU,Male,0,No,No,30,Yes,Yes,DSL,Yes,No,Yes,Yes,No,No,Month-to-month,Yes,Electronic check,107.36,3218.21,3,No
6103-HFD,Male,0,No,Yes,11,Yes,No,DSL,No,Yes,No,No,Yes,No,Month-to-month,Yes,Mailed check,88.57,985.86,1,Yes
9029-KQB,Female,0,Yes,No,11,Yes,No,DSL,Yes,No,No,No,Yes,No,Month-to-month,Yes,Electronic check,84.06,933.35,1,Yes
1379-FDC,Male,0,Yes,Yes,11,Yes,Yes,DSL,No,No,No,No,No,Yes,Two year,No,Bank transfer (automatic),87.63,961.78,3,No
7886-GPB,Male,0,Yes,Yes,1,Yes,Yes,Fiber optic,No,No,Yes,Yes,No,Yes,Month-to-month,Yes,Mailed check,129.09,141.41,0,Yes
3183-OPA,Female,0,Yes,No,72,Yes,Yes,Fiber optic,No,Yes,No,Yes,Yes,No,Two year,No,Electronic check,129.02,9297.39,0,No
7202-JGP,Male,0,No,Yes,6,Yes,No,Fiber optic,No,No,No,Yes,No,Yes,Month-to-month,Yes,Electronic check,109.15,656.53,2,Yes
8404-LON,Male,0,Yes,No,5,Yes,No,No,No internet service,No internet service,No internet service,No internet service,No internet service,No internet service,Month-to-month,Yes,Bank transfer (automatic),42.43,200.27,3,Yes
8967-SZN,Male,0,No,Yes,21,Yes,Yes,DSL,Yes,No,No,Yes,No,No,Two year,Yes,Electronic check,97.44,2044.9,2,No
6745-ZET,Female,0,Yes,No,2,Yes,Yes,No,No internet service,No internet service,No internet service,No internet service,No internet service,No internet service,Two year,Yes,Credit card (automatic),52.22,112.66,2,No
3673-NDW,Female,0,Yes,No,46,No,No phone service,DSL,No,No,No,No,No,Yes,One year,No,Mailed check,54.69,2503.77,3,No
2228-KCQ,Male,0,No,No,53,Yes,No,DSL,No,No,No,Yes,No,No,Month-to-month,No,Mailed check,73.84,3902.06,1,No
1497-YJP,Female,0,Yes,No,13,Yes,Yes,Fiber optic,No,No,No,Yes,Yes,Yes,Month-to-month,Yes,Credit card (automatic),126.18,1651.22,2,Yes
8124-MTL,Male,0,No,No,72,Yes,Yes,Fiber optic,Yes,Yes,No,Yes,Yes,No,Month-to-month,Yes,Credit card (automatic),136.25,9804.48,2,No
8587-HLS,Male,0,Yes,No,10,Yes,Yes,DSL,No,No,No,No,Yes,No,Two year,No,Credit card (automatic),88.67,895.16,0,No
4963-PLT,Female,0,Yes,No,8,Yes,Yes,Fiber optic,No,No,No,No,Yes,Yes,One year,Yes,Mailed check,117.45,931.37,2,Yes
4695-YTK,Male,0,Yes,Yes,72,Yes,No,DSL,No,No,No,No,Yes,No,Two year,Yes,Electronic check,75.42,5432.17,2,No
7131-NBM,Female,0,Yes,No,8,Yes,Yes,No,No internet service,No internet service,No internet service,No internet service,No internet service,No internet service,Month-to-month,Yes,Credit card (automatic),47.28,387.33,2,No
2005-FLG,Female,0,No,No,15,Yes,Yes,No,No internet service,No internet service,No internet service,No internet service,No internet service,No internet service,One year,Yes,Electronic check,50.54,745.95,3,No
9995-GMK,Female,0,Yes,No,24,Yes,Yes,DSL,No,No,Yes,No,Yes,No,Month-to-month,No,Electronic check,98.21,2358.86,3,Yes
4162-SBU,Male,0,No,Yes,10,Yes,No,Fiber optic,No,No,No,Yes,No,No,Month-to-month,No,Electronic check,92.29,921.85,4,Yes
3137-UJF,Male,0,No,No,13,Yes,No,No,No internet service,No internet service,No internet service,No internet service,No internet service,No internet service,One year,Yes,Credit card (automatic),39.37,510.19,1,No
2805-NRQ,Male,0,No,No,32,Yes,Yes,No,No internet service,No internet service,No internet service,No internet service,No internet service,No internet service,Month-to-month,No,Credit card (automatic),50.67,1618.11,6,Yes
6310-EIA,Male,0,Yes,No,33,No,No phone service,Fiber optic,Yes,Yes,No,No,No,Yes,Month-to-month,No,Credit card (automatic),99.42,3284.53,1,No
1067-ZGK,Female,0,No,No,41,Yes,No,DSL,No,No,Yes,No,Yes,No,Month-to-month,No,Electronic check,84.89,3485.48,1,No
8554-HRE,Male,0,Yes,Yes,23,Yes,No,DSL,No,No,No,No,No,Yes,One year,Yes,Credit card (automatic),78.25,1804.29,0,No
6515-EPZ,Male,0,No,No,7,Yes,No,No,No internet service,No internet service,No internet service,No internet service,No internet service,No internet service,One year,Yes,Electronic check,38.55,258.42,0,No
3640-LAG,Female,0,Yes,Yes,11,No,No phone service,DSL,No,No,No,Yes,No,Yes,Month-to-month,No,Credit card (automatic),67.38,736.19,0,Yes
5941-RWA,Female,1,Yes,No,58,Yes,Yes,Fiber optic,Yes,Yes,Yes,No,No,No,Month-to-month,Yes,Credit card (automatic),126.04,7309.32,1,No
3446-KDO,Male,0,No,No,34,Yes,Yes,DSL,No,No,Yes,No,Yes,Yes,Month-to-month,Yes,Electronic check,106.04,3619.16,5,Yes
9628-PZO,Female,0,No,Yes,3,Yes,No,DSL,No,No,No,No,Yes,No,One year,Yes,Mailed check,74.95,230.23,1,No
6566-QWK,Male,1,Yes,No,36,Yes,No,DSL,No,Yes,Yes,No,Yes,Yes,Month-to-month,Yes,Bank transfer (automatic),110.2,3966.67,1,No
7383-OKM,Male,0,Yes,Yes,11,No,No phone service,DSL,No,No,No,No,Yes,No,Month-to-month,Yes,Mailed check,55.18,611.22,4,Yes
2489-HIV,Female,0,No,Yes,1,No,No phone service,Fiber optic,No,No,No,No,No,No,Month-to-month,Yes,Electronic check,66.88,74.35,2,Yes
8690-QAK,Female,0,Yes,No,17,No,No phone service,No,No internet service,No internet service,No internet service,No internet service,No internet service,No internet service,Month-to-month,Yes,Mailed check,21.29,363.77,2,No
1230-HSY,Male,1,Yes,Yes,54,Yes,No,Fiber optic,No,No,No,No,Yes,Yes,One year,Yes,Bank transfer (automatic),111.07,6009.65,1,No
3962-XIQ,Male,0,Yes,No,15,No,No phone service,Fiber optic,No,No,Yes,No,No,No,Month-to-month,Yes,Mailed check,76.3,1141.14,1,No
3784-NDJ,Male,0,No,No,72,Yes,No,Fiber optic,Yes,No,Yes,No,Yes,No,Month-to-month,No,Bank transfer (automatic),118.11,8511.67,4,No
6766-LVP,Male,0,No,Yes,5,Yes,No,Fiber optic,No,Yes,Yes,No,Yes,No,Two year,Yes,Electronic check,119.03,581.73,3,Yes
6691-MHG,Male,0,Yes,No,11,Yes,No,DSL,No,No,No,No,No,No,Two year,Yes,Mailed check,64.52,701.91,4,No
6456-VNB,Female,0,No,No,1,Yes,No,No,No internet service,No internet service,No internet service,No internet service,No internet service,No internet service,Two year,Yes,Credit card (automatic),42.35,42.14,1,No
5179-UHV,Male,0,No,No,2,Yes,No,Fiber optic,No,Yes,No,No,No,Yes,Two year,Yes,Credit card (automatic),109.92,234.06,4,Yes
8386-BUO,Female,0,No,No,11,Yes,Yes,Fiber optic,Yes,No,Yes,Yes,No,Yes,Two year,Yes,Mailed check,138.56,1531.15,3,No
1656-HSE,Female,0,No,No,19,Yes,No,No,No internet service,No internet service,No internet service,No internet service,No internet service,No internet service,Two year,Yes,Mailed check,38.47,716.59,3,No
8038-VEG,Female,1,Yes,No,7,Yes,Yes,DSL,No,No,No,No,No,No,Month-to-month,Yes,Mailed check,74.57,529.11,3,Yes
7025-KCM,Male,0,No,No,5,Yes,No,Fiber optic,Yes,Yes,Yes,Yes,No,No,Month-to-month,Yes,Electronic check,124.49,613.37,2,Yes
4041-DCO,Male,0,No,No,14,Yes,Yes,Fiber optic,No,Yes,No,No,No,Yes,One year,Yes,Electronic check,117.15,1648.47,2,Yes
6187-WUD,Female,0,Yes,No,5,Yes,Yes,Fiber optic,No,No,No,No,Yes,No,Month-to-month,Yes,Electronic check,108.09,551.86,3,Yes
1125-OFW,Female,0,No,No,25,Yes,Yes,No,No internet service,No internet service,No internet service,No internet service,No internet service,No internet service,Two year,No,Credit card (automatic),47.07,1185.73,0,No
6917-ELG,Female,0,No,No,72,Yes,Yes,No,No internet service,No internet service,No internet service,No internet service,No internet service,No internet service,Two year,Yes,Electronic check,48.27,3467.08,2,No
3082-GLO,Female,0,No,No,42,Yes,No,DSL,No,No,No,No,No,Yes,Month-to-month,Yes,Mailed check,77.82,3273.12,1,No
6093-HFZ,Female,0,No,No,7,Yes,No,DSL,No,Yes,No,No,No,No,Month-to-month,No,Electronic check,74.06,533.0,2,Yes
9218-CEI,Male,0,Yes,Yes,72,Yes,No,DSL,No,No,No,No,Yes,No,Month-to-month,Yes,Electronic check,75.37,5440.26,2,No
5113-MKY,Female,0,No,No,35,No,No phone service,Fiber optic,No,Yes,No,No,Yes,Yes,One year,Yes,Credit card (automatic),100.27,3524.39,3,No
7729-JFP,Male,0,Yes,No,5,Yes,Yes,Fiber optic,No,No,No,No,No,No,One year,Yes,Bank transfer (automatic),96.98,486.11,2,Yes
6720-LDE,Female,0,Yes,No,22,Yes,Yes,Fiber optic,Yes,Yes,Yes,No,No,Yes,Month-to-month,Yes,Electronic check,139.47,3063.72,2,Yes
6153-SAD,Female,0,No,No,72,Yes,No,Fiber optic,No,No,No,No,Yes,No,Two year,No,Mailed check,99.34,7150.28,3,No
4499-BLP,Male,0,No,No,3,Yes,Yes,Fiber optic,No,Yes,No,No,Yes,No,Month-to-month,No,Electronic check,118.25,342.45,6,Yes
9633-BDF,Male,0,No,Yes,8,No,No phone service,Fiber optic,No,No,No,Yes,No,Yes,Month-to-month,Yes,Mailed check,89.69,722.85,2,Yes
6782-GWO,Female,1,No,Yes,12,No,No phone service,DSL,No,No,No,No,Yes,No,Two year,Yes,Electronic check,59.5,705.9,2,No
